
*** Running vivado
    with args -log ip_integrator_wrapper.vds -m64 -product Vivado -mode batch -messageDb vivado.pb -notrace -source ip_integrator_wrapper.tcl



****** Vivado v2021.2 (64-bit)
  **** SW Build 3367213 on Tue Oct 19 02:48:09 MDT 2021
  **** IP Build 3369179 on Thu Oct 21 08:25:16 MDT 2021
    ** Copyright 1986-2021 Xilinx, Inc. All Rights Reserved.

source ip_integrator_wrapper.tcl -notrace
INFO: [IP_Flow 19-234] Refreshing IP repositories
INFO: [IP_Flow 19-1700] Loaded user IP repository 'c:/Users/tbnrs/Documents/Development/hdl_group_project_sc/custom_ip'.
INFO: [IP_Flow 19-2313] Loaded Vivado IP repository 'C:/Xilinx/Vivado/2021.2/data/ip'.
WARNING: [IP_Flow 19-4995] The host OS only allows 260 characters in a normal path. The IP cache path is more than 80 characters. If you experience issues with IP caching, please consider changing the IP cache to a location with a shorter path. Alternately consider using the OS subst command to map part of the path to a drive letter. 
Current IP cache path is c:/Users/tbnrs/Documents/Development/hdl_group_project_sc/hdl_group_project.cache/ip 
Command: read_checkpoint -auto_incremental -incremental C:/Users/tbnrs/Documents/Development/hdl_group_project/hdl_group_project.srcs/utils_1/imports/synth_1/ip_integrator_wrapper.dcp
INFO: [Vivado 12-5825] Read reference checkpoint from C:/Users/tbnrs/Documents/Development/hdl_group_project/hdl_group_project.srcs/utils_1/imports/synth_1/ip_integrator_wrapper.dcp for incremental synthesis
INFO: [Vivado 12-7989] Please ensure there are no constraint changes
Command: synth_design -top ip_integrator_wrapper -part xc7z020clg400-1
Starting synth_design
Attempting to get a license for feature 'Synthesis' and/or device 'xc7z020'
INFO: [Common 17-349] Got license for feature 'Synthesis' and/or device 'xc7z020'
INFO: [Device 21-403] Loading part xc7z020clg400-1
WARNING: [Designutils 20-4072] Reference run did not run incremental synthesis because the design is too small; reverting to default synthesis
INFO: [Designutils 20-4379] Flow is switching to default flow due to incremental criteria not met. If you would like to alter this behaviour and have the flow terminate instead, please set the following parameter config_implementation {autoIncr.Synth.RejectBehavior Terminate}
INFO: [Synth 8-7079] Multithreading enabled for synth_design using a maximum of 2 processes.
INFO: [Synth 8-7078] Launching helper process for spawning children vivado processes
INFO: [Synth 8-7075] Helper process launched with PID 72844
---------------------------------------------------------------------------------
Starting RTL Elaboration : Time (s): cpu = 00:00:05 ; elapsed = 00:00:06 . Memory (MB): peak = 1261.684 ; gain = 0.000
---------------------------------------------------------------------------------
INFO: [Synth 8-6157] synthesizing module 'ip_integrator_wrapper' [C:/Users/tbnrs/Documents/Development/hdl_group_project_sc/hdl_group_project.gen/sources_1/bd/ip_integrator/hdl/ip_integrator_wrapper.v:12]
INFO: [Synth 8-6157] synthesizing module 'ip_integrator' [c:/Users/tbnrs/Documents/Development/hdl_group_project_sc/hdl_group_project.gen/sources_1/bd/ip_integrator/synth/ip_integrator.v:13]
INFO: [Synth 8-638] synthesizing module 'ip_integrator_axi_gpio_0_0' [c:/Users/tbnrs/Documents/Development/hdl_group_project_sc/hdl_group_project.gen/sources_1/bd/ip_integrator/ip/ip_integrator_axi_gpio_0_0/synth/ip_integrator_axi_gpio_0_0.vhd:84]
	Parameter C_FAMILY bound to: zynq - type: string 
	Parameter C_S_AXI_ADDR_WIDTH bound to: 9 - type: integer 
	Parameter C_S_AXI_DATA_WIDTH bound to: 32 - type: integer 
	Parameter C_GPIO_WIDTH bound to: 1 - type: integer 
	Parameter C_GPIO2_WIDTH bound to: 32 - type: integer 
	Parameter C_ALL_INPUTS bound to: 0 - type: integer 
	Parameter C_ALL_INPUTS_2 bound to: 0 - type: integer 
	Parameter C_ALL_OUTPUTS bound to: 1 - type: integer 
	Parameter C_ALL_OUTPUTS_2 bound to: 0 - type: integer 
	Parameter C_INTERRUPT_PRESENT bound to: 0 - type: integer 
	Parameter C_DOUT_DEFAULT bound to: 32'b00000000000000000000000000000000 
	Parameter C_TRI_DEFAULT bound to: 32'b11111111111111111111111111111111 
	Parameter C_IS_DUAL bound to: 0 - type: integer 
	Parameter C_DOUT_DEFAULT_2 bound to: 32'b00000000000000000000000000000000 
	Parameter C_TRI_DEFAULT_2 bound to: 32'b11111111111111111111111111111111 
INFO: [Synth 8-3491] module 'axi_gpio' declared at 'c:/Users/tbnrs/Documents/Development/hdl_group_project_sc/hdl_group_project.gen/sources_1/bd/ip_integrator/ipshared/a5bb/hdl/axi_gpio_v2_0_vh_rfs.vhd:1265' bound to instance 'U0' of component 'axi_gpio' [c:/Users/tbnrs/Documents/Development/hdl_group_project_sc/hdl_group_project.gen/sources_1/bd/ip_integrator/ip/ip_integrator_axi_gpio_0_0/synth/ip_integrator_axi_gpio_0_0.vhd:168]
INFO: [Synth 8-638] synthesizing module 'axi_gpio' [c:/Users/tbnrs/Documents/Development/hdl_group_project_sc/hdl_group_project.gen/sources_1/bd/ip_integrator/ipshared/a5bb/hdl/axi_gpio_v2_0_vh_rfs.vhd:1351]
INFO: [Synth 8-638] synthesizing module 'axi_lite_ipif' [c:/Users/tbnrs/Documents/Development/hdl_group_project_sc/hdl_group_project.gen/sources_1/bd/ip_integrator/ipshared/66ea/hdl/axi_lite_ipif_v3_0_vh_rfs.vhd:2948]
INFO: [Synth 8-638] synthesizing module 'slave_attachment' [c:/Users/tbnrs/Documents/Development/hdl_group_project_sc/hdl_group_project.gen/sources_1/bd/ip_integrator/ipshared/66ea/hdl/axi_lite_ipif_v3_0_vh_rfs.vhd:2341]
INFO: [Synth 8-638] synthesizing module 'address_decoder' [c:/Users/tbnrs/Documents/Development/hdl_group_project_sc/hdl_group_project.gen/sources_1/bd/ip_integrator/ipshared/66ea/hdl/axi_lite_ipif_v3_0_vh_rfs.vhd:1775]
INFO: [Synth 8-638] synthesizing module 'pselect_f' [c:/Users/tbnrs/Documents/Development/hdl_group_project_sc/hdl_group_project.gen/sources_1/bd/ip_integrator/ipshared/66ea/hdl/axi_lite_ipif_v3_0_vh_rfs.vhd:1534]
INFO: [Synth 8-256] done synthesizing module 'pselect_f' (1#1) [c:/Users/tbnrs/Documents/Development/hdl_group_project_sc/hdl_group_project.gen/sources_1/bd/ip_integrator/ipshared/66ea/hdl/axi_lite_ipif_v3_0_vh_rfs.vhd:1534]
INFO: [Synth 8-638] synthesizing module 'pselect_f__parameterized0' [c:/Users/tbnrs/Documents/Development/hdl_group_project_sc/hdl_group_project.gen/sources_1/bd/ip_integrator/ipshared/66ea/hdl/axi_lite_ipif_v3_0_vh_rfs.vhd:1534]
INFO: [Synth 8-256] done synthesizing module 'pselect_f__parameterized0' (1#1) [c:/Users/tbnrs/Documents/Development/hdl_group_project_sc/hdl_group_project.gen/sources_1/bd/ip_integrator/ipshared/66ea/hdl/axi_lite_ipif_v3_0_vh_rfs.vhd:1534]
INFO: [Synth 8-638] synthesizing module 'pselect_f__parameterized1' [c:/Users/tbnrs/Documents/Development/hdl_group_project_sc/hdl_group_project.gen/sources_1/bd/ip_integrator/ipshared/66ea/hdl/axi_lite_ipif_v3_0_vh_rfs.vhd:1534]
INFO: [Synth 8-256] done synthesizing module 'pselect_f__parameterized1' (1#1) [c:/Users/tbnrs/Documents/Development/hdl_group_project_sc/hdl_group_project.gen/sources_1/bd/ip_integrator/ipshared/66ea/hdl/axi_lite_ipif_v3_0_vh_rfs.vhd:1534]
INFO: [Synth 8-638] synthesizing module 'pselect_f__parameterized2' [c:/Users/tbnrs/Documents/Development/hdl_group_project_sc/hdl_group_project.gen/sources_1/bd/ip_integrator/ipshared/66ea/hdl/axi_lite_ipif_v3_0_vh_rfs.vhd:1534]
INFO: [Synth 8-256] done synthesizing module 'pselect_f__parameterized2' (1#1) [c:/Users/tbnrs/Documents/Development/hdl_group_project_sc/hdl_group_project.gen/sources_1/bd/ip_integrator/ipshared/66ea/hdl/axi_lite_ipif_v3_0_vh_rfs.vhd:1534]
INFO: [Synth 8-256] done synthesizing module 'address_decoder' (2#1) [c:/Users/tbnrs/Documents/Development/hdl_group_project_sc/hdl_group_project.gen/sources_1/bd/ip_integrator/ipshared/66ea/hdl/axi_lite_ipif_v3_0_vh_rfs.vhd:1775]
INFO: [Synth 8-226] default block is never used [c:/Users/tbnrs/Documents/Development/hdl_group_project_sc/hdl_group_project.gen/sources_1/bd/ip_integrator/ipshared/66ea/hdl/axi_lite_ipif_v3_0_vh_rfs.vhd:2550]
INFO: [Synth 8-256] done synthesizing module 'slave_attachment' (3#1) [c:/Users/tbnrs/Documents/Development/hdl_group_project_sc/hdl_group_project.gen/sources_1/bd/ip_integrator/ipshared/66ea/hdl/axi_lite_ipif_v3_0_vh_rfs.vhd:2341]
INFO: [Synth 8-256] done synthesizing module 'axi_lite_ipif' (4#1) [c:/Users/tbnrs/Documents/Development/hdl_group_project_sc/hdl_group_project.gen/sources_1/bd/ip_integrator/ipshared/66ea/hdl/axi_lite_ipif_v3_0_vh_rfs.vhd:2948]
INFO: [Synth 8-638] synthesizing module 'GPIO_Core' [c:/Users/tbnrs/Documents/Development/hdl_group_project_sc/hdl_group_project.gen/sources_1/bd/ip_integrator/ipshared/a5bb/hdl/axi_gpio_v2_0_vh_rfs.vhd:178]
INFO: [Synth 8-226] default block is never used [c:/Users/tbnrs/Documents/Development/hdl_group_project_sc/hdl_group_project.gen/sources_1/bd/ip_integrator/ipshared/a5bb/hdl/axi_gpio_v2_0_vh_rfs.vhd:443]
INFO: [Synth 8-638] synthesizing module 'cdc_sync' [c:/Users/tbnrs/Documents/Development/hdl_group_project_sc/hdl_group_project.gen/sources_1/bd/ip_integrator/ipshared/ef1e/hdl/lib_cdc_v1_0_rfs.vhd:106]
	Parameter INIT bound to: 1'b0 
INFO: [Synth 8-113] binding component instance 'CROSS2_PLEVEL_IN2SCNDRY_IN_cdc_to' to cell 'FDR' [c:/Users/tbnrs/Documents/Development/hdl_group_project_sc/hdl_group_project.gen/sources_1/bd/ip_integrator/ipshared/ef1e/hdl/lib_cdc_v1_0_rfs.vhd:736]
	Parameter INIT bound to: 1'b0 
INFO: [Synth 8-113] binding component instance 'CROSS2_PLEVEL_IN2SCNDRY_s_level_out_bus_d2' to cell 'FDR' [c:/Users/tbnrs/Documents/Development/hdl_group_project_sc/hdl_group_project.gen/sources_1/bd/ip_integrator/ipshared/ef1e/hdl/lib_cdc_v1_0_rfs.vhd:772]
	Parameter INIT bound to: 1'b0 
INFO: [Synth 8-113] binding component instance 'CROSS2_PLEVEL_IN2SCNDRY_s_level_out_bus_d3' to cell 'FDR' [c:/Users/tbnrs/Documents/Development/hdl_group_project_sc/hdl_group_project.gen/sources_1/bd/ip_integrator/ipshared/ef1e/hdl/lib_cdc_v1_0_rfs.vhd:788]
	Parameter INIT bound to: 1'b0 
INFO: [Synth 8-113] binding component instance 'CROSS2_PLEVEL_IN2SCNDRY_s_level_out_bus_d4' to cell 'FDR' [c:/Users/tbnrs/Documents/Development/hdl_group_project_sc/hdl_group_project.gen/sources_1/bd/ip_integrator/ipshared/ef1e/hdl/lib_cdc_v1_0_rfs.vhd:804]
	Parameter INIT bound to: 1'b0 
INFO: [Synth 8-113] binding component instance 'CROSS2_PLEVEL_IN2SCNDRY_s_level_out_bus_d5' to cell 'FDR' [c:/Users/tbnrs/Documents/Development/hdl_group_project_sc/hdl_group_project.gen/sources_1/bd/ip_integrator/ipshared/ef1e/hdl/lib_cdc_v1_0_rfs.vhd:821]
	Parameter INIT bound to: 1'b0 
INFO: [Synth 8-113] binding component instance 'CROSS2_PLEVEL_IN2SCNDRY_s_level_out_bus_d6' to cell 'FDR' [c:/Users/tbnrs/Documents/Development/hdl_group_project_sc/hdl_group_project.gen/sources_1/bd/ip_integrator/ipshared/ef1e/hdl/lib_cdc_v1_0_rfs.vhd:837]
INFO: [Synth 8-256] done synthesizing module 'cdc_sync' (5#1) [c:/Users/tbnrs/Documents/Development/hdl_group_project_sc/hdl_group_project.gen/sources_1/bd/ip_integrator/ipshared/ef1e/hdl/lib_cdc_v1_0_rfs.vhd:106]
WARNING: [Synth 8-6014] Unused sequential element Not_Dual.ALLOUT_ND.READ_REG_GEN[0].GPIO_DBus_i_reg was removed.  [c:/Users/tbnrs/Documents/Development/hdl_group_project_sc/hdl_group_project.gen/sources_1/bd/ip_integrator/ipshared/a5bb/hdl/axi_gpio_v2_0_vh_rfs.vhd:319]
WARNING: [Synth 8-6014] Unused sequential element Not_Dual.gpio_Data_In_reg was removed.  [c:/Users/tbnrs/Documents/Development/hdl_group_project_sc/hdl_group_project.gen/sources_1/bd/ip_integrator/ipshared/a5bb/hdl/axi_gpio_v2_0_vh_rfs.vhd:486]
INFO: [Synth 8-256] done synthesizing module 'GPIO_Core' (6#1) [c:/Users/tbnrs/Documents/Development/hdl_group_project_sc/hdl_group_project.gen/sources_1/bd/ip_integrator/ipshared/a5bb/hdl/axi_gpio_v2_0_vh_rfs.vhd:178]
INFO: [Synth 8-256] done synthesizing module 'axi_gpio' (7#1) [c:/Users/tbnrs/Documents/Development/hdl_group_project_sc/hdl_group_project.gen/sources_1/bd/ip_integrator/ipshared/a5bb/hdl/axi_gpio_v2_0_vh_rfs.vhd:1351]
INFO: [Synth 8-256] done synthesizing module 'ip_integrator_axi_gpio_0_0' (8#1) [c:/Users/tbnrs/Documents/Development/hdl_group_project_sc/hdl_group_project.gen/sources_1/bd/ip_integrator/ip/ip_integrator_axi_gpio_0_0/synth/ip_integrator_axi_gpio_0_0.vhd:84]
INFO: [Synth 8-638] synthesizing module 'ip_integrator_axi_bram_ctrl_1_0' [c:/Users/tbnrs/Documents/Development/hdl_group_project_sc/hdl_group_project.gen/sources_1/bd/ip_integrator/ip/ip_integrator_axi_bram_ctrl_1_0/synth/ip_integrator_axi_bram_ctrl_1_0.vhd:104]
	Parameter C_BRAM_INST_MODE bound to: EXTERNAL - type: string 
	Parameter C_MEMORY_DEPTH bound to: 2048 - type: integer 
	Parameter C_BRAM_ADDR_WIDTH bound to: 11 - type: integer 
	Parameter C_S_AXI_ADDR_WIDTH bound to: 13 - type: integer 
	Parameter C_S_AXI_DATA_WIDTH bound to: 32 - type: integer 
	Parameter C_S_AXI_ID_WIDTH bound to: 1 - type: integer 
	Parameter C_S_AXI_PROTOCOL bound to: AXI4 - type: string 
	Parameter C_S_AXI_SUPPORTS_NARROW_BURST bound to: 0 - type: integer 
	Parameter C_SINGLE_PORT_BRAM bound to: 1 - type: integer 
	Parameter C_FAMILY bound to: zynq - type: string 
	Parameter C_READ_LATENCY bound to: 1 - type: integer 
	Parameter C_RD_CMD_OPTIMIZATION bound to: 0 - type: integer 
	Parameter C_S_AXI_CTRL_ADDR_WIDTH bound to: 32 - type: integer 
	Parameter C_S_AXI_CTRL_DATA_WIDTH bound to: 32 - type: integer 
	Parameter C_ECC bound to: 0 - type: integer 
	Parameter C_ECC_TYPE bound to: 0 - type: integer 
	Parameter C_FAULT_INJECT bound to: 0 - type: integer 
	Parameter C_ECC_ONOFF_RESET_VALUE bound to: 0 - type: integer 
INFO: [Synth 8-3491] module 'axi_bram_ctrl' declared at 'c:/Users/tbnrs/Documents/Development/hdl_group_project_sc/hdl_group_project.gen/sources_1/bd/ip_integrator/ipshared/3c31/hdl/axi_bram_ctrl_v4_1_rfs.vhd:31357' bound to instance 'U0' of component 'axi_bram_ctrl' [c:/Users/tbnrs/Documents/Development/hdl_group_project_sc/hdl_group_project.gen/sources_1/bd/ip_integrator/ip/ip_integrator_axi_bram_ctrl_1_0/synth/ip_integrator_axi_bram_ctrl_1_0.vhd:255]
INFO: [Synth 8-638] synthesizing module 'axi_bram_ctrl' [c:/Users/tbnrs/Documents/Development/hdl_group_project_sc/hdl_group_project.gen/sources_1/bd/ip_integrator/ipshared/3c31/hdl/axi_bram_ctrl_v4_1_rfs.vhd:31528]
INFO: [Synth 8-638] synthesizing module 'axi_bram_ctrl_top' [c:/Users/tbnrs/Documents/Development/hdl_group_project_sc/hdl_group_project.gen/sources_1/bd/ip_integrator/ipshared/3c31/hdl/axi_bram_ctrl_v4_1_rfs.vhd:30527]
INFO: [Synth 8-638] synthesizing module 'full_axi' [c:/Users/tbnrs/Documents/Development/hdl_group_project_sc/hdl_group_project.gen/sources_1/bd/ip_integrator/ipshared/3c31/hdl/axi_bram_ctrl_v4_1_rfs.vhd:29280]
WARNING: [Synth 8-6774] Null subtype or type declaration found [c:/Users/tbnrs/Documents/Development/hdl_group_project_sc/hdl_group_project.gen/sources_1/bd/ip_integrator/ipshared/3c31/hdl/axi_bram_ctrl_v4_1_rfs.vhd:29350]
INFO: [Synth 8-3919] null assignment ignored [c:/Users/tbnrs/Documents/Development/hdl_group_project_sc/hdl_group_project.gen/sources_1/bd/ip_integrator/ipshared/3c31/hdl/axi_bram_ctrl_v4_1_rfs.vhd:29350]
INFO: [Synth 8-638] synthesizing module 'sng_port_arb' [c:/Users/tbnrs/Documents/Development/hdl_group_project_sc/hdl_group_project.gen/sources_1/bd/ip_integrator/ipshared/3c31/hdl/axi_bram_ctrl_v4_1_rfs.vhd:11456]
INFO: [Synth 8-256] done synthesizing module 'sng_port_arb' (9#1) [c:/Users/tbnrs/Documents/Development/hdl_group_project_sc/hdl_group_project.gen/sources_1/bd/ip_integrator/ipshared/3c31/hdl/axi_bram_ctrl_v4_1_rfs.vhd:11456]
INFO: [Synth 8-638] synthesizing module 'wr_chnl' [c:/Users/tbnrs/Documents/Development/hdl_group_project_sc/hdl_group_project.gen/sources_1/bd/ip_integrator/ipshared/3c31/hdl/axi_bram_ctrl_v4_1_rfs.vhd:24159]
INFO: [Synth 8-506] null port 'FaultInjectECC' ignored [c:/Users/tbnrs/Documents/Development/hdl_group_project_sc/hdl_group_project.gen/sources_1/bd/ip_integrator/ipshared/3c31/hdl/axi_bram_ctrl_v4_1_rfs.vhd:24126]
INFO: [Synth 8-638] synthesizing module 'wrap_brst' [c:/Users/tbnrs/Documents/Development/hdl_group_project_sc/hdl_group_project.gen/sources_1/bd/ip_integrator/ipshared/3c31/hdl/axi_bram_ctrl_v4_1_rfs.vhd:12455]
INFO: [Synth 8-256] done synthesizing module 'wrap_brst' (10#1) [c:/Users/tbnrs/Documents/Development/hdl_group_project_sc/hdl_group_project.gen/sources_1/bd/ip_integrator/ipshared/3c31/hdl/axi_bram_ctrl_v4_1_rfs.vhd:12455]
INFO: [Synth 8-638] synthesizing module 'SRL_FIFO' [c:/Users/tbnrs/Documents/Development/hdl_group_project_sc/hdl_group_project.gen/sources_1/bd/ip_integrator/ipshared/3c31/hdl/axi_bram_ctrl_v4_1_rfs.vhd:133]
INFO: [Synth 8-3491] module 'FDR' declared at 'C:/Xilinx/Vivado/2021.2/scripts/rt/data/unisim_comp.v:27824' bound to instance 'Data_Exists_DFF' of component 'FDR' [c:/Users/tbnrs/Documents/Development/hdl_group_project_sc/hdl_group_project.gen/sources_1/bd/ip_integrator/ipshared/3c31/hdl/axi_bram_ctrl_v4_1_rfs.vhd:230]
INFO: [Synth 8-6157] synthesizing module 'FDR' [C:/Xilinx/Vivado/2021.2/scripts/rt/data/unisim_comp.v:27824]
INFO: [Synth 8-6155] done synthesizing module 'FDR' (11#1) [C:/Xilinx/Vivado/2021.2/scripts/rt/data/unisim_comp.v:27824]
INFO: [Synth 8-3491] module 'MUXCY_L' declared at 'C:/Xilinx/Vivado/2021.2/scripts/rt/data/unisim_comp.v:66488' bound to instance 'MUXCY_L_I' of component 'MUXCY_L' [c:/Users/tbnrs/Documents/Development/hdl_group_project_sc/hdl_group_project.gen/sources_1/bd/ip_integrator/ipshared/3c31/hdl/axi_bram_ctrl_v4_1_rfs.vhd:247]
INFO: [Synth 8-6157] synthesizing module 'MUXCY_L' [C:/Xilinx/Vivado/2021.2/scripts/rt/data/unisim_comp.v:66488]
INFO: [Synth 8-6155] done synthesizing module 'MUXCY_L' (12#1) [C:/Xilinx/Vivado/2021.2/scripts/rt/data/unisim_comp.v:66488]
INFO: [Synth 8-3491] module 'XORCY' declared at 'C:/Xilinx/Vivado/2021.2/scripts/rt/data/unisim_comp.v:110337' bound to instance 'XORCY_I' of component 'XORCY' [c:/Users/tbnrs/Documents/Development/hdl_group_project_sc/hdl_group_project.gen/sources_1/bd/ip_integrator/ipshared/3c31/hdl/axi_bram_ctrl_v4_1_rfs.vhd:254]
INFO: [Synth 8-6157] synthesizing module 'XORCY' [C:/Xilinx/Vivado/2021.2/scripts/rt/data/unisim_comp.v:110337]
INFO: [Synth 8-6155] done synthesizing module 'XORCY' (13#1) [C:/Xilinx/Vivado/2021.2/scripts/rt/data/unisim_comp.v:110337]
INFO: [Synth 8-3491] module 'FDRE' declared at 'C:/Xilinx/Vivado/2021.2/scripts/rt/data/unisim_comp.v:27837' bound to instance 'FDRE_I' of component 'FDRE' [c:/Users/tbnrs/Documents/Development/hdl_group_project_sc/hdl_group_project.gen/sources_1/bd/ip_integrator/ipshared/3c31/hdl/axi_bram_ctrl_v4_1_rfs.vhd:260]
INFO: [Synth 8-6157] synthesizing module 'FDRE' [C:/Xilinx/Vivado/2021.2/scripts/rt/data/unisim_comp.v:27837]
INFO: [Synth 8-6155] done synthesizing module 'FDRE' (14#1) [C:/Xilinx/Vivado/2021.2/scripts/rt/data/unisim_comp.v:27837]
INFO: [Synth 8-3491] module 'MUXCY_L' declared at 'C:/Xilinx/Vivado/2021.2/scripts/rt/data/unisim_comp.v:66488' bound to instance 'MUXCY_L_I' of component 'MUXCY_L' [c:/Users/tbnrs/Documents/Development/hdl_group_project_sc/hdl_group_project.gen/sources_1/bd/ip_integrator/ipshared/3c31/hdl/axi_bram_ctrl_v4_1_rfs.vhd:247]
INFO: [Synth 8-3491] module 'XORCY' declared at 'C:/Xilinx/Vivado/2021.2/scripts/rt/data/unisim_comp.v:110337' bound to instance 'XORCY_I' of component 'XORCY' [c:/Users/tbnrs/Documents/Development/hdl_group_project_sc/hdl_group_project.gen/sources_1/bd/ip_integrator/ipshared/3c31/hdl/axi_bram_ctrl_v4_1_rfs.vhd:254]
INFO: [Synth 8-3491] module 'FDRE' declared at 'C:/Xilinx/Vivado/2021.2/scripts/rt/data/unisim_comp.v:27837' bound to instance 'FDRE_I' of component 'FDRE' [c:/Users/tbnrs/Documents/Development/hdl_group_project_sc/hdl_group_project.gen/sources_1/bd/ip_integrator/ipshared/3c31/hdl/axi_bram_ctrl_v4_1_rfs.vhd:260]
INFO: [Synth 8-3491] module 'MUXCY_L' declared at 'C:/Xilinx/Vivado/2021.2/scripts/rt/data/unisim_comp.v:66488' bound to instance 'MUXCY_L_I' of component 'MUXCY_L' [c:/Users/tbnrs/Documents/Development/hdl_group_project_sc/hdl_group_project.gen/sources_1/bd/ip_integrator/ipshared/3c31/hdl/axi_bram_ctrl_v4_1_rfs.vhd:247]
INFO: [Synth 8-3491] module 'XORCY' declared at 'C:/Xilinx/Vivado/2021.2/scripts/rt/data/unisim_comp.v:110337' bound to instance 'XORCY_I' of component 'XORCY' [c:/Users/tbnrs/Documents/Development/hdl_group_project_sc/hdl_group_project.gen/sources_1/bd/ip_integrator/ipshared/3c31/hdl/axi_bram_ctrl_v4_1_rfs.vhd:254]
INFO: [Synth 8-3491] module 'FDRE' declared at 'C:/Xilinx/Vivado/2021.2/scripts/rt/data/unisim_comp.v:27837' bound to instance 'FDRE_I' of component 'FDRE' [c:/Users/tbnrs/Documents/Development/hdl_group_project_sc/hdl_group_project.gen/sources_1/bd/ip_integrator/ipshared/3c31/hdl/axi_bram_ctrl_v4_1_rfs.vhd:260]
INFO: [Synth 8-3491] module 'MUXCY_L' declared at 'C:/Xilinx/Vivado/2021.2/scripts/rt/data/unisim_comp.v:66488' bound to instance 'MUXCY_L_I' of component 'MUXCY_L' [c:/Users/tbnrs/Documents/Development/hdl_group_project_sc/hdl_group_project.gen/sources_1/bd/ip_integrator/ipshared/3c31/hdl/axi_bram_ctrl_v4_1_rfs.vhd:247]
INFO: [Synth 8-3491] module 'XORCY' declared at 'C:/Xilinx/Vivado/2021.2/scripts/rt/data/unisim_comp.v:110337' bound to instance 'XORCY_I' of component 'XORCY' [c:/Users/tbnrs/Documents/Development/hdl_group_project_sc/hdl_group_project.gen/sources_1/bd/ip_integrator/ipshared/3c31/hdl/axi_bram_ctrl_v4_1_rfs.vhd:254]
INFO: [Synth 8-3491] module 'FDRE' declared at 'C:/Xilinx/Vivado/2021.2/scripts/rt/data/unisim_comp.v:27837' bound to instance 'FDRE_I' of component 'FDRE' [c:/Users/tbnrs/Documents/Development/hdl_group_project_sc/hdl_group_project.gen/sources_1/bd/ip_integrator/ipshared/3c31/hdl/axi_bram_ctrl_v4_1_rfs.vhd:260]
INFO: [Synth 8-3491] module 'SRL16E' declared at 'C:/Xilinx/Vivado/2021.2/scripts/rt/data/unisim_comp.v:105999' bound to instance 'SRL16E_I' of component 'SRL16E' [c:/Users/tbnrs/Documents/Development/hdl_group_project_sc/hdl_group_project.gen/sources_1/bd/ip_integrator/ipshared/3c31/hdl/axi_bram_ctrl_v4_1_rfs.vhd:271]
INFO: [Synth 8-6157] synthesizing module 'SRL16E' [C:/Xilinx/Vivado/2021.2/scripts/rt/data/unisim_comp.v:105999]
INFO: [Synth 8-6155] done synthesizing module 'SRL16E' (15#1) [C:/Xilinx/Vivado/2021.2/scripts/rt/data/unisim_comp.v:105999]
INFO: [Synth 8-256] done synthesizing module 'SRL_FIFO' (16#1) [c:/Users/tbnrs/Documents/Development/hdl_group_project_sc/hdl_group_project.gen/sources_1/bd/ip_integrator/ipshared/3c31/hdl/axi_bram_ctrl_v4_1_rfs.vhd:133]
WARNING: [Synth 8-6014] Unused sequential element curr_awsize_reg_reg was removed.  [c:/Users/tbnrs/Documents/Development/hdl_group_project_sc/hdl_group_project.gen/sources_1/bd/ip_integrator/ipshared/3c31/hdl/axi_bram_ctrl_v4_1_rfs.vhd:25318]
WARNING: [Synth 8-6014] Unused sequential element curr_awlen_reg_1_or_2_reg was removed.  [c:/Users/tbnrs/Documents/Development/hdl_group_project_sc/hdl_group_project.gen/sources_1/bd/ip_integrator/ipshared/3c31/hdl/axi_bram_ctrl_v4_1_rfs.vhd:25596]
INFO: [Synth 8-256] done synthesizing module 'wr_chnl' (17#1) [c:/Users/tbnrs/Documents/Development/hdl_group_project_sc/hdl_group_project.gen/sources_1/bd/ip_integrator/ipshared/3c31/hdl/axi_bram_ctrl_v4_1_rfs.vhd:24159]
WARNING: [Synth 8-6778] Component port with null array found, Will be ignored [c:/Users/tbnrs/Documents/Development/hdl_group_project_sc/hdl_group_project.gen/sources_1/bd/ip_integrator/ipshared/3c31/hdl/axi_bram_ctrl_v4_1_rfs.vhd:30020]
INFO: [Synth 8-638] synthesizing module 'rd_chnl' [c:/Users/tbnrs/Documents/Development/hdl_group_project_sc/hdl_group_project.gen/sources_1/bd/ip_integrator/ipshared/3c31/hdl/axi_bram_ctrl_v4_1_rfs.vhd:14746]
WARNING: [Synth 8-6014] Unused sequential element GEN_NO_RD_CMD_OPT.curr_arsize_reg_reg was removed.  [c:/Users/tbnrs/Documents/Development/hdl_group_project_sc/hdl_group_project.gen/sources_1/bd/ip_integrator/ipshared/3c31/hdl/axi_bram_ctrl_v4_1_rfs.vhd:15998]
WARNING: [Synth 8-6014] Unused sequential element GEN_NO_RD_CMD_OPT.no_ar_ack_reg was removed.  [c:/Users/tbnrs/Documents/Development/hdl_group_project_sc/hdl_group_project.gen/sources_1/bd/ip_integrator/ipshared/3c31/hdl/axi_bram_ctrl_v4_1_rfs.vhd:19903]
WARNING: [Synth 8-6014] Unused sequential element GEN_NO_RD_CMD_OPT.do_cmplt_burst_reg was removed.  [c:/Users/tbnrs/Documents/Development/hdl_group_project_sc/hdl_group_project.gen/sources_1/bd/ip_integrator/ipshared/3c31/hdl/axi_bram_ctrl_v4_1_rfs.vhd:21244]
WARNING: [Synth 8-6014] Unused sequential element GEN_NO_RD_CMD_OPT.axi_arsize_pipe_max_reg was removed.  [c:/Users/tbnrs/Documents/Development/hdl_group_project_sc/hdl_group_project.gen/sources_1/bd/ip_integrator/ipshared/3c31/hdl/axi_bram_ctrl_v4_1_rfs.vhd:15506]
INFO: [Synth 8-256] done synthesizing module 'rd_chnl' (18#1) [c:/Users/tbnrs/Documents/Development/hdl_group_project_sc/hdl_group_project.gen/sources_1/bd/ip_integrator/ipshared/3c31/hdl/axi_bram_ctrl_v4_1_rfs.vhd:14746]
INFO: [Synth 8-256] done synthesizing module 'full_axi' (19#1) [c:/Users/tbnrs/Documents/Development/hdl_group_project_sc/hdl_group_project.gen/sources_1/bd/ip_integrator/ipshared/3c31/hdl/axi_bram_ctrl_v4_1_rfs.vhd:29280]
INFO: [Synth 8-256] done synthesizing module 'axi_bram_ctrl_top' (20#1) [c:/Users/tbnrs/Documents/Development/hdl_group_project_sc/hdl_group_project.gen/sources_1/bd/ip_integrator/ipshared/3c31/hdl/axi_bram_ctrl_v4_1_rfs.vhd:30527]
INFO: [Synth 8-256] done synthesizing module 'axi_bram_ctrl' (21#1) [c:/Users/tbnrs/Documents/Development/hdl_group_project_sc/hdl_group_project.gen/sources_1/bd/ip_integrator/ipshared/3c31/hdl/axi_bram_ctrl_v4_1_rfs.vhd:31528]
INFO: [Synth 8-256] done synthesizing module 'ip_integrator_axi_bram_ctrl_1_0' (22#1) [c:/Users/tbnrs/Documents/Development/hdl_group_project_sc/hdl_group_project.gen/sources_1/bd/ip_integrator/ip/ip_integrator_axi_bram_ctrl_1_0/synth/ip_integrator_axi_bram_ctrl_1_0.vhd:104]
WARNING: [Synth 8-7071] port 'bram_clk_a' of module 'ip_integrator_axi_bram_ctrl_1_0' is unconnected for instance 'bram_ctrl_dram' [c:/Users/tbnrs/Documents/Development/hdl_group_project_sc/hdl_group_project.gen/sources_1/bd/ip_integrator/synth/ip_integrator.v:247]
WARNING: [Synth 8-7023] instance 'bram_ctrl_dram' of module 'ip_integrator_axi_bram_ctrl_1_0' has 40 connections declared, but only 39 given [c:/Users/tbnrs/Documents/Development/hdl_group_project_sc/hdl_group_project.gen/sources_1/bd/ip_integrator/synth/ip_integrator.v:247]
INFO: [Synth 8-638] synthesizing module 'ip_integrator_axi_bram_ctrl_0_0' [c:/Users/tbnrs/Documents/Development/hdl_group_project_sc/hdl_group_project.gen/sources_1/bd/ip_integrator/ip/ip_integrator_axi_bram_ctrl_0_0/synth/ip_integrator_axi_bram_ctrl_0_0.vhd:104]
	Parameter C_BRAM_INST_MODE bound to: EXTERNAL - type: string 
	Parameter C_MEMORY_DEPTH bound to: 2048 - type: integer 
	Parameter C_BRAM_ADDR_WIDTH bound to: 11 - type: integer 
	Parameter C_S_AXI_ADDR_WIDTH bound to: 13 - type: integer 
	Parameter C_S_AXI_DATA_WIDTH bound to: 32 - type: integer 
	Parameter C_S_AXI_ID_WIDTH bound to: 1 - type: integer 
	Parameter C_S_AXI_PROTOCOL bound to: AXI4 - type: string 
	Parameter C_S_AXI_SUPPORTS_NARROW_BURST bound to: 0 - type: integer 
	Parameter C_SINGLE_PORT_BRAM bound to: 1 - type: integer 
	Parameter C_FAMILY bound to: zynq - type: string 
	Parameter C_READ_LATENCY bound to: 1 - type: integer 
	Parameter C_RD_CMD_OPTIMIZATION bound to: 0 - type: integer 
	Parameter C_S_AXI_CTRL_ADDR_WIDTH bound to: 32 - type: integer 
	Parameter C_S_AXI_CTRL_DATA_WIDTH bound to: 32 - type: integer 
	Parameter C_ECC bound to: 0 - type: integer 
	Parameter C_ECC_TYPE bound to: 0 - type: integer 
	Parameter C_FAULT_INJECT bound to: 0 - type: integer 
	Parameter C_ECC_ONOFF_RESET_VALUE bound to: 0 - type: integer 
INFO: [Synth 8-3491] module 'axi_bram_ctrl' declared at 'c:/Users/tbnrs/Documents/Development/hdl_group_project_sc/hdl_group_project.gen/sources_1/bd/ip_integrator/ipshared/3c31/hdl/axi_bram_ctrl_v4_1_rfs.vhd:31357' bound to instance 'U0' of component 'axi_bram_ctrl' [c:/Users/tbnrs/Documents/Development/hdl_group_project_sc/hdl_group_project.gen/sources_1/bd/ip_integrator/ip/ip_integrator_axi_bram_ctrl_0_0/synth/ip_integrator_axi_bram_ctrl_0_0.vhd:255]
INFO: [Synth 8-256] done synthesizing module 'ip_integrator_axi_bram_ctrl_0_0' (23#1) [c:/Users/tbnrs/Documents/Development/hdl_group_project_sc/hdl_group_project.gen/sources_1/bd/ip_integrator/ip/ip_integrator_axi_bram_ctrl_0_0/synth/ip_integrator_axi_bram_ctrl_0_0.vhd:104]
WARNING: [Synth 8-7071] port 'bram_clk_a' of module 'ip_integrator_axi_bram_ctrl_0_0' is unconnected for instance 'bram_ctrl_iram' [c:/Users/tbnrs/Documents/Development/hdl_group_project_sc/hdl_group_project.gen/sources_1/bd/ip_integrator/synth/ip_integrator.v:289]
WARNING: [Synth 8-7023] instance 'bram_ctrl_iram' of module 'ip_integrator_axi_bram_ctrl_0_0' has 40 connections declared, but only 39 given [c:/Users/tbnrs/Documents/Development/hdl_group_project_sc/hdl_group_project.gen/sources_1/bd/ip_integrator/synth/ip_integrator.v:289]
INFO: [Synth 8-638] synthesizing module 'ip_integrator_blk_mem_gen_0_1' [c:/Users/tbnrs/Documents/Development/hdl_group_project_sc/hdl_group_project.gen/sources_1/bd/ip_integrator/ip/ip_integrator_blk_mem_gen_0_1/synth/ip_integrator_blk_mem_gen_0_1.vhd:80]
	Parameter C_FAMILY bound to: zynq - type: string 
	Parameter C_XDEVICEFAMILY bound to: zynq - type: string 
	Parameter C_ELABORATION_DIR bound to: ./ - type: string 
	Parameter C_INTERFACE_TYPE bound to: 0 - type: integer 
	Parameter C_AXI_TYPE bound to: 1 - type: integer 
	Parameter C_AXI_SLAVE_TYPE bound to: 0 - type: integer 
	Parameter C_USE_BRAM_BLOCK bound to: 1 - type: integer 
	Parameter C_ENABLE_32BIT_ADDRESS bound to: 1 - type: integer 
	Parameter C_CTRL_ECC_ALGO bound to: NONE - type: string 
	Parameter C_HAS_AXI_ID bound to: 0 - type: integer 
	Parameter C_AXI_ID_WIDTH bound to: 4 - type: integer 
	Parameter C_MEM_TYPE bound to: 2 - type: integer 
	Parameter C_BYTE_SIZE bound to: 8 - type: integer 
	Parameter C_ALGORITHM bound to: 1 - type: integer 
	Parameter C_PRIM_TYPE bound to: 1 - type: integer 
	Parameter C_LOAD_INIT_FILE bound to: 0 - type: integer 
	Parameter C_INIT_FILE_NAME bound to: no_coe_file_loaded - type: string 
	Parameter C_INIT_FILE bound to: NONE - type: string 
	Parameter C_USE_DEFAULT_DATA bound to: 0 - type: integer 
	Parameter C_DEFAULT_DATA bound to: 0 - type: string 
	Parameter C_HAS_RSTA bound to: 1 - type: integer 
	Parameter C_RST_PRIORITY_A bound to: CE - type: string 
	Parameter C_RSTRAM_A bound to: 0 - type: integer 
	Parameter C_INITA_VAL bound to: 0 - type: string 
	Parameter C_HAS_ENA bound to: 1 - type: integer 
	Parameter C_HAS_REGCEA bound to: 0 - type: integer 
	Parameter C_USE_BYTE_WEA bound to: 1 - type: integer 
	Parameter C_WEA_WIDTH bound to: 4 - type: integer 
	Parameter C_WRITE_MODE_A bound to: WRITE_FIRST - type: string 
	Parameter C_WRITE_WIDTH_A bound to: 32 - type: integer 
	Parameter C_READ_WIDTH_A bound to: 32 - type: integer 
	Parameter C_WRITE_DEPTH_A bound to: 2048 - type: integer 
	Parameter C_READ_DEPTH_A bound to: 2048 - type: integer 
	Parameter C_ADDRA_WIDTH bound to: 32 - type: integer 
	Parameter C_HAS_RSTB bound to: 1 - type: integer 
	Parameter C_RST_PRIORITY_B bound to: CE - type: string 
	Parameter C_RSTRAM_B bound to: 0 - type: integer 
	Parameter C_INITB_VAL bound to: 0 - type: string 
	Parameter C_HAS_ENB bound to: 1 - type: integer 
	Parameter C_HAS_REGCEB bound to: 0 - type: integer 
	Parameter C_USE_BYTE_WEB bound to: 1 - type: integer 
	Parameter C_WEB_WIDTH bound to: 4 - type: integer 
	Parameter C_WRITE_MODE_B bound to: WRITE_FIRST - type: string 
	Parameter C_WRITE_WIDTH_B bound to: 32 - type: integer 
	Parameter C_READ_WIDTH_B bound to: 32 - type: integer 
	Parameter C_WRITE_DEPTH_B bound to: 2048 - type: integer 
	Parameter C_READ_DEPTH_B bound to: 2048 - type: integer 
	Parameter C_ADDRB_WIDTH bound to: 32 - type: integer 
	Parameter C_HAS_MEM_OUTPUT_REGS_A bound to: 0 - type: integer 
	Parameter C_HAS_MEM_OUTPUT_REGS_B bound to: 0 - type: integer 
	Parameter C_HAS_MUX_OUTPUT_REGS_A bound to: 0 - type: integer 
	Parameter C_HAS_MUX_OUTPUT_REGS_B bound to: 0 - type: integer 
	Parameter C_MUX_PIPELINE_STAGES bound to: 0 - type: integer 
	Parameter C_HAS_SOFTECC_INPUT_REGS_A bound to: 0 - type: integer 
	Parameter C_HAS_SOFTECC_OUTPUT_REGS_B bound to: 0 - type: integer 
	Parameter C_USE_SOFTECC bound to: 0 - type: integer 
	Parameter C_USE_ECC bound to: 0 - type: integer 
	Parameter C_EN_ECC_PIPE bound to: 0 - type: integer 
	Parameter C_READ_LATENCY_A bound to: 1 - type: integer 
	Parameter C_READ_LATENCY_B bound to: 1 - type: integer 
	Parameter C_HAS_INJECTERR bound to: 0 - type: integer 
	Parameter C_SIM_COLLISION_CHECK bound to: ALL - type: string 
	Parameter C_COMMON_CLK bound to: 0 - type: integer 
	Parameter C_DISABLE_WARN_BHV_COLL bound to: 0 - type: integer 
	Parameter C_EN_SLEEP_PIN bound to: 0 - type: integer 
	Parameter C_USE_URAM bound to: 0 - type: integer 
	Parameter C_EN_RDADDRA_CHG bound to: 0 - type: integer 
	Parameter C_EN_RDADDRB_CHG bound to: 0 - type: integer 
	Parameter C_EN_DEEPSLEEP_PIN bound to: 0 - type: integer 
	Parameter C_EN_SHUTDOWN_PIN bound to: 0 - type: integer 
	Parameter C_EN_SAFETY_CKT bound to: 1 - type: integer 
	Parameter C_DISABLE_WARN_BHV_RANGE bound to: 0 - type: integer 
	Parameter C_COUNT_36K_BRAM bound to: 2 - type: string 
	Parameter C_COUNT_18K_BRAM bound to: 0 - type: string 
	Parameter C_EST_POWER_SUMMARY bound to: Estimated Power for IP     :     10.7492 mW - type: string 
INFO: [Synth 8-3491] module 'blk_mem_gen_v8_4_5' declared at 'c:/Users/tbnrs/Documents/Development/hdl_group_project_sc/hdl_group_project.gen/sources_1/bd/ip_integrator/ipshared/25a8/hdl/blk_mem_gen_v8_4_vhsyn_rfs.vhd:195321' bound to instance 'U0' of component 'blk_mem_gen_v8_4_5' [c:/Users/tbnrs/Documents/Development/hdl_group_project_sc/hdl_group_project.gen/sources_1/bd/ip_integrator/ip/ip_integrator_blk_mem_gen_0_1/synth/ip_integrator_blk_mem_gen_0_1.vhd:255]
INFO: [Synth 8-256] done synthesizing module 'ip_integrator_blk_mem_gen_0_1' (32#1) [c:/Users/tbnrs/Documents/Development/hdl_group_project_sc/hdl_group_project.gen/sources_1/bd/ip_integrator/ip/ip_integrator_blk_mem_gen_0_1/synth/ip_integrator_blk_mem_gen_0_1.vhd:80]
WARNING: [Synth 8-7071] port 'rsta_busy' of module 'ip_integrator_blk_mem_gen_0_1' is unconnected for instance 'memgen_dram' [c:/Users/tbnrs/Documents/Development/hdl_group_project_sc/hdl_group_project.gen/sources_1/bd/ip_integrator/synth/ip_integrator.v:329]
WARNING: [Synth 8-7071] port 'rstb_busy' of module 'ip_integrator_blk_mem_gen_0_1' is unconnected for instance 'memgen_dram' [c:/Users/tbnrs/Documents/Development/hdl_group_project_sc/hdl_group_project.gen/sources_1/bd/ip_integrator/synth/ip_integrator.v:329]
WARNING: [Synth 8-7023] instance 'memgen_dram' of module 'ip_integrator_blk_mem_gen_0_1' has 16 connections declared, but only 14 given [c:/Users/tbnrs/Documents/Development/hdl_group_project_sc/hdl_group_project.gen/sources_1/bd/ip_integrator/synth/ip_integrator.v:329]
INFO: [Synth 8-638] synthesizing module 'ip_integrator_blk_mem_gen_0_0' [c:/Users/tbnrs/Documents/Development/hdl_group_project_sc/hdl_group_project.gen/sources_1/bd/ip_integrator/ip/ip_integrator_blk_mem_gen_0_0/synth/ip_integrator_blk_mem_gen_0_0.vhd:80]
	Parameter C_FAMILY bound to: zynq - type: string 
	Parameter C_XDEVICEFAMILY bound to: zynq - type: string 
	Parameter C_ELABORATION_DIR bound to: ./ - type: string 
	Parameter C_INTERFACE_TYPE bound to: 0 - type: integer 
	Parameter C_AXI_TYPE bound to: 1 - type: integer 
	Parameter C_AXI_SLAVE_TYPE bound to: 0 - type: integer 
	Parameter C_USE_BRAM_BLOCK bound to: 1 - type: integer 
	Parameter C_ENABLE_32BIT_ADDRESS bound to: 1 - type: integer 
	Parameter C_CTRL_ECC_ALGO bound to: NONE - type: string 
	Parameter C_HAS_AXI_ID bound to: 0 - type: integer 
	Parameter C_AXI_ID_WIDTH bound to: 4 - type: integer 
	Parameter C_MEM_TYPE bound to: 2 - type: integer 
	Parameter C_BYTE_SIZE bound to: 8 - type: integer 
	Parameter C_ALGORITHM bound to: 1 - type: integer 
	Parameter C_PRIM_TYPE bound to: 1 - type: integer 
	Parameter C_LOAD_INIT_FILE bound to: 0 - type: integer 
	Parameter C_INIT_FILE_NAME bound to: no_coe_file_loaded - type: string 
	Parameter C_INIT_FILE bound to: NONE - type: string 
	Parameter C_USE_DEFAULT_DATA bound to: 0 - type: integer 
	Parameter C_DEFAULT_DATA bound to: 0 - type: string 
	Parameter C_HAS_RSTA bound to: 1 - type: integer 
	Parameter C_RST_PRIORITY_A bound to: CE - type: string 
	Parameter C_RSTRAM_A bound to: 0 - type: integer 
	Parameter C_INITA_VAL bound to: 0 - type: string 
	Parameter C_HAS_ENA bound to: 1 - type: integer 
	Parameter C_HAS_REGCEA bound to: 0 - type: integer 
	Parameter C_USE_BYTE_WEA bound to: 1 - type: integer 
	Parameter C_WEA_WIDTH bound to: 4 - type: integer 
	Parameter C_WRITE_MODE_A bound to: WRITE_FIRST - type: string 
	Parameter C_WRITE_WIDTH_A bound to: 32 - type: integer 
	Parameter C_READ_WIDTH_A bound to: 32 - type: integer 
	Parameter C_WRITE_DEPTH_A bound to: 2048 - type: integer 
	Parameter C_READ_DEPTH_A bound to: 2048 - type: integer 
	Parameter C_ADDRA_WIDTH bound to: 32 - type: integer 
	Parameter C_HAS_RSTB bound to: 1 - type: integer 
	Parameter C_RST_PRIORITY_B bound to: CE - type: string 
	Parameter C_RSTRAM_B bound to: 0 - type: integer 
	Parameter C_INITB_VAL bound to: 0 - type: string 
	Parameter C_HAS_ENB bound to: 1 - type: integer 
	Parameter C_HAS_REGCEB bound to: 0 - type: integer 
	Parameter C_USE_BYTE_WEB bound to: 1 - type: integer 
	Parameter C_WEB_WIDTH bound to: 4 - type: integer 
	Parameter C_WRITE_MODE_B bound to: WRITE_FIRST - type: string 
	Parameter C_WRITE_WIDTH_B bound to: 32 - type: integer 
	Parameter C_READ_WIDTH_B bound to: 32 - type: integer 
	Parameter C_WRITE_DEPTH_B bound to: 2048 - type: integer 
	Parameter C_READ_DEPTH_B bound to: 2048 - type: integer 
	Parameter C_ADDRB_WIDTH bound to: 32 - type: integer 
	Parameter C_HAS_MEM_OUTPUT_REGS_A bound to: 0 - type: integer 
	Parameter C_HAS_MEM_OUTPUT_REGS_B bound to: 0 - type: integer 
	Parameter C_HAS_MUX_OUTPUT_REGS_A bound to: 0 - type: integer 
	Parameter C_HAS_MUX_OUTPUT_REGS_B bound to: 0 - type: integer 
	Parameter C_MUX_PIPELINE_STAGES bound to: 0 - type: integer 
	Parameter C_HAS_SOFTECC_INPUT_REGS_A bound to: 0 - type: integer 
	Parameter C_HAS_SOFTECC_OUTPUT_REGS_B bound to: 0 - type: integer 
	Parameter C_USE_SOFTECC bound to: 0 - type: integer 
	Parameter C_USE_ECC bound to: 0 - type: integer 
	Parameter C_EN_ECC_PIPE bound to: 0 - type: integer 
	Parameter C_READ_LATENCY_A bound to: 1 - type: integer 
	Parameter C_READ_LATENCY_B bound to: 1 - type: integer 
	Parameter C_HAS_INJECTERR bound to: 0 - type: integer 
	Parameter C_SIM_COLLISION_CHECK bound to: ALL - type: string 
	Parameter C_COMMON_CLK bound to: 0 - type: integer 
	Parameter C_DISABLE_WARN_BHV_COLL bound to: 0 - type: integer 
	Parameter C_EN_SLEEP_PIN bound to: 0 - type: integer 
	Parameter C_USE_URAM bound to: 0 - type: integer 
	Parameter C_EN_RDADDRA_CHG bound to: 0 - type: integer 
	Parameter C_EN_RDADDRB_CHG bound to: 0 - type: integer 
	Parameter C_EN_DEEPSLEEP_PIN bound to: 0 - type: integer 
	Parameter C_EN_SHUTDOWN_PIN bound to: 0 - type: integer 
	Parameter C_EN_SAFETY_CKT bound to: 1 - type: integer 
	Parameter C_DISABLE_WARN_BHV_RANGE bound to: 0 - type: integer 
	Parameter C_COUNT_36K_BRAM bound to: 2 - type: string 
	Parameter C_COUNT_18K_BRAM bound to: 0 - type: string 
	Parameter C_EST_POWER_SUMMARY bound to: Estimated Power for IP     :     10.7492 mW - type: string 
INFO: [Synth 8-3491] module 'blk_mem_gen_v8_4_5' declared at 'c:/Users/tbnrs/Documents/Development/hdl_group_project_sc/hdl_group_project.gen/sources_1/bd/ip_integrator/ipshared/25a8/hdl/blk_mem_gen_v8_4_vhsyn_rfs.vhd:195321' bound to instance 'U0' of component 'blk_mem_gen_v8_4_5' [c:/Users/tbnrs/Documents/Development/hdl_group_project_sc/hdl_group_project.gen/sources_1/bd/ip_integrator/ip/ip_integrator_blk_mem_gen_0_0/synth/ip_integrator_blk_mem_gen_0_0.vhd:255]
INFO: [Synth 8-256] done synthesizing module 'ip_integrator_blk_mem_gen_0_0' (33#1) [c:/Users/tbnrs/Documents/Development/hdl_group_project_sc/hdl_group_project.gen/sources_1/bd/ip_integrator/ip/ip_integrator_blk_mem_gen_0_0/synth/ip_integrator_blk_mem_gen_0_0.vhd:80]
WARNING: [Synth 8-7071] port 'rsta_busy' of module 'ip_integrator_blk_mem_gen_0_0' is unconnected for instance 'memgen_iram' [c:/Users/tbnrs/Documents/Development/hdl_group_project_sc/hdl_group_project.gen/sources_1/bd/ip_integrator/synth/ip_integrator.v:344]
WARNING: [Synth 8-7071] port 'rstb_busy' of module 'ip_integrator_blk_mem_gen_0_0' is unconnected for instance 'memgen_iram' [c:/Users/tbnrs/Documents/Development/hdl_group_project_sc/hdl_group_project.gen/sources_1/bd/ip_integrator/synth/ip_integrator.v:344]
WARNING: [Synth 8-7023] instance 'memgen_iram' of module 'ip_integrator_blk_mem_gen_0_0' has 16 connections declared, but only 14 given [c:/Users/tbnrs/Documents/Development/hdl_group_project_sc/hdl_group_project.gen/sources_1/bd/ip_integrator/synth/ip_integrator.v:344]
INFO: [Synth 8-638] synthesizing module 'ip_integrator_proc_sys_reset_0_0' [c:/Users/tbnrs/Documents/Development/hdl_group_project_sc/hdl_group_project.gen/sources_1/bd/ip_integrator/ip/ip_integrator_proc_sys_reset_0_0/synth/ip_integrator_proc_sys_reset_0_0.vhd:74]
	Parameter C_FAMILY bound to: zynq - type: string 
	Parameter C_EXT_RST_WIDTH bound to: 4 - type: integer 
	Parameter C_AUX_RST_WIDTH bound to: 4 - type: integer 
	Parameter C_EXT_RESET_HIGH bound to: 1'b0 
	Parameter C_AUX_RESET_HIGH bound to: 1'b0 
	Parameter C_NUM_BUS_RST bound to: 1 - type: integer 
	Parameter C_NUM_PERP_RST bound to: 1 - type: integer 
	Parameter C_NUM_INTERCONNECT_ARESETN bound to: 1 - type: integer 
	Parameter C_NUM_PERP_ARESETN bound to: 1 - type: integer 
INFO: [Synth 8-3491] module 'proc_sys_reset' declared at 'c:/Users/tbnrs/Documents/Development/hdl_group_project_sc/hdl_group_project.gen/sources_1/bd/ip_integrator/ipshared/8842/hdl/proc_sys_reset_v5_0_vh_rfs.vhd:1264' bound to instance 'U0' of component 'proc_sys_reset' [c:/Users/tbnrs/Documents/Development/hdl_group_project_sc/hdl_group_project.gen/sources_1/bd/ip_integrator/ip/ip_integrator_proc_sys_reset_0_0/synth/ip_integrator_proc_sys_reset_0_0.vhd:129]
INFO: [Synth 8-638] synthesizing module 'proc_sys_reset' [c:/Users/tbnrs/Documents/Development/hdl_group_project_sc/hdl_group_project.gen/sources_1/bd/ip_integrator/ipshared/8842/hdl/proc_sys_reset_v5_0_vh_rfs.vhd:1323]
	Parameter INIT bound to: 1'b1 
INFO: [Synth 8-113] binding component instance 'FDRE_inst' to cell 'FDRE' [c:/Users/tbnrs/Documents/Development/hdl_group_project_sc/hdl_group_project.gen/sources_1/bd/ip_integrator/ipshared/8842/hdl/proc_sys_reset_v5_0_vh_rfs.vhd:1392]
	Parameter INIT bound to: 1'b1 
INFO: [Synth 8-113] binding component instance 'FDRE_BSR' to cell 'FDRE' [c:/Users/tbnrs/Documents/Development/hdl_group_project_sc/hdl_group_project.gen/sources_1/bd/ip_integrator/ipshared/8842/hdl/proc_sys_reset_v5_0_vh_rfs.vhd:1408]
	Parameter INIT bound to: 1'b0 
INFO: [Synth 8-113] binding component instance 'FDRE_BSR_N' to cell 'FDRE' [c:/Users/tbnrs/Documents/Development/hdl_group_project_sc/hdl_group_project.gen/sources_1/bd/ip_integrator/ipshared/8842/hdl/proc_sys_reset_v5_0_vh_rfs.vhd:1434]
	Parameter INIT bound to: 1'b1 
INFO: [Synth 8-113] binding component instance 'FDRE_PER' to cell 'FDRE' [c:/Users/tbnrs/Documents/Development/hdl_group_project_sc/hdl_group_project.gen/sources_1/bd/ip_integrator/ipshared/8842/hdl/proc_sys_reset_v5_0_vh_rfs.vhd:1457]
	Parameter INIT bound to: 1'b0 
INFO: [Synth 8-113] binding component instance 'FDRE_PER_N' to cell 'FDRE' [c:/Users/tbnrs/Documents/Development/hdl_group_project_sc/hdl_group_project.gen/sources_1/bd/ip_integrator/ipshared/8842/hdl/proc_sys_reset_v5_0_vh_rfs.vhd:1481]
INFO: [Synth 8-638] synthesizing module 'lpf' [c:/Users/tbnrs/Documents/Development/hdl_group_project_sc/hdl_group_project.gen/sources_1/bd/ip_integrator/ipshared/8842/hdl/proc_sys_reset_v5_0_vh_rfs.vhd:816]
INFO: [Synth 8-3491] module 'SRL16' declared at 'C:/Xilinx/Vivado/2021.2/scripts/rt/data/unisim_comp.v:105983' bound to instance 'POR_SRL_I' of component 'SRL16' [c:/Users/tbnrs/Documents/Development/hdl_group_project_sc/hdl_group_project.gen/sources_1/bd/ip_integrator/ipshared/8842/hdl/proc_sys_reset_v5_0_vh_rfs.vhd:868]
INFO: [Synth 8-6157] synthesizing module 'SRL16' [C:/Xilinx/Vivado/2021.2/scripts/rt/data/unisim_comp.v:105983]
INFO: [Synth 8-6155] done synthesizing module 'SRL16' (34#1) [C:/Xilinx/Vivado/2021.2/scripts/rt/data/unisim_comp.v:105983]
INFO: [Synth 8-638] synthesizing module 'cdc_sync__parameterized0' [c:/Users/tbnrs/Documents/Development/hdl_group_project_sc/hdl_group_project.gen/sources_1/bd/ip_integrator/ipshared/ef1e/hdl/lib_cdc_v1_0_rfs.vhd:106]
	Parameter INIT bound to: 1'b0 
INFO: [Synth 8-113] binding component instance 'CROSS_PLEVEL_IN2SCNDRY_IN_cdc_to' to cell 'FDR' [c:/Users/tbnrs/Documents/Development/hdl_group_project_sc/hdl_group_project.gen/sources_1/bd/ip_integrator/ipshared/ef1e/hdl/lib_cdc_v1_0_rfs.vhd:514]
	Parameter INIT bound to: 1'b0 
INFO: [Synth 8-113] binding component instance 'CROSS_PLEVEL_IN2SCNDRY_s_level_out_d2' to cell 'FDR' [c:/Users/tbnrs/Documents/Development/hdl_group_project_sc/hdl_group_project.gen/sources_1/bd/ip_integrator/ipshared/ef1e/hdl/lib_cdc_v1_0_rfs.vhd:545]
	Parameter INIT bound to: 1'b0 
INFO: [Synth 8-113] binding component instance 'CROSS_PLEVEL_IN2SCNDRY_s_level_out_d3' to cell 'FDR' [c:/Users/tbnrs/Documents/Development/hdl_group_project_sc/hdl_group_project.gen/sources_1/bd/ip_integrator/ipshared/ef1e/hdl/lib_cdc_v1_0_rfs.vhd:554]
	Parameter INIT bound to: 1'b0 
INFO: [Synth 8-113] binding component instance 'CROSS_PLEVEL_IN2SCNDRY_s_level_out_d4' to cell 'FDR' [c:/Users/tbnrs/Documents/Development/hdl_group_project_sc/hdl_group_project.gen/sources_1/bd/ip_integrator/ipshared/ef1e/hdl/lib_cdc_v1_0_rfs.vhd:564]
	Parameter INIT bound to: 1'b0 
INFO: [Synth 8-113] binding component instance 'CROSS_PLEVEL_IN2SCNDRY_s_level_out_d5' to cell 'FDR' [c:/Users/tbnrs/Documents/Development/hdl_group_project_sc/hdl_group_project.gen/sources_1/bd/ip_integrator/ipshared/ef1e/hdl/lib_cdc_v1_0_rfs.vhd:574]
	Parameter INIT bound to: 1'b0 
INFO: [Synth 8-113] binding component instance 'CROSS_PLEVEL_IN2SCNDRY_s_level_out_d6' to cell 'FDR' [c:/Users/tbnrs/Documents/Development/hdl_group_project_sc/hdl_group_project.gen/sources_1/bd/ip_integrator/ipshared/ef1e/hdl/lib_cdc_v1_0_rfs.vhd:584]
INFO: [Synth 8-256] done synthesizing module 'cdc_sync__parameterized0' (34#1) [c:/Users/tbnrs/Documents/Development/hdl_group_project_sc/hdl_group_project.gen/sources_1/bd/ip_integrator/ipshared/ef1e/hdl/lib_cdc_v1_0_rfs.vhd:106]
INFO: [Synth 8-256] done synthesizing module 'lpf' (35#1) [c:/Users/tbnrs/Documents/Development/hdl_group_project_sc/hdl_group_project.gen/sources_1/bd/ip_integrator/ipshared/8842/hdl/proc_sys_reset_v5_0_vh_rfs.vhd:816]
INFO: [Synth 8-638] synthesizing module 'sequence_psr' [c:/Users/tbnrs/Documents/Development/hdl_group_project_sc/hdl_group_project.gen/sources_1/bd/ip_integrator/ipshared/8842/hdl/proc_sys_reset_v5_0_vh_rfs.vhd:301]
INFO: [Synth 8-638] synthesizing module 'upcnt_n' [c:/Users/tbnrs/Documents/Development/hdl_group_project_sc/hdl_group_project.gen/sources_1/bd/ip_integrator/ipshared/8842/hdl/proc_sys_reset_v5_0_vh_rfs.vhd:125]
INFO: [Synth 8-256] done synthesizing module 'upcnt_n' (36#1) [c:/Users/tbnrs/Documents/Development/hdl_group_project_sc/hdl_group_project.gen/sources_1/bd/ip_integrator/ipshared/8842/hdl/proc_sys_reset_v5_0_vh_rfs.vhd:125]
INFO: [Synth 8-256] done synthesizing module 'sequence_psr' (37#1) [c:/Users/tbnrs/Documents/Development/hdl_group_project_sc/hdl_group_project.gen/sources_1/bd/ip_integrator/ipshared/8842/hdl/proc_sys_reset_v5_0_vh_rfs.vhd:301]
INFO: [Synth 8-256] done synthesizing module 'proc_sys_reset' (38#1) [c:/Users/tbnrs/Documents/Development/hdl_group_project_sc/hdl_group_project.gen/sources_1/bd/ip_integrator/ipshared/8842/hdl/proc_sys_reset_v5_0_vh_rfs.vhd:1323]
INFO: [Synth 8-256] done synthesizing module 'ip_integrator_proc_sys_reset_0_0' (39#1) [c:/Users/tbnrs/Documents/Development/hdl_group_project_sc/hdl_group_project.gen/sources_1/bd/ip_integrator/ip/ip_integrator_proc_sys_reset_0_0/synth/ip_integrator_proc_sys_reset_0_0.vhd:74]
WARNING: [Synth 8-7071] port 'mb_reset' of module 'ip_integrator_proc_sys_reset_0_0' is unconnected for instance 'proc_sys_reset_0' [c:/Users/tbnrs/Documents/Development/hdl_group_project_sc/hdl_group_project.gen/sources_1/bd/ip_integrator/synth/ip_integrator.v:359]
WARNING: [Synth 8-7071] port 'bus_struct_reset' of module 'ip_integrator_proc_sys_reset_0_0' is unconnected for instance 'proc_sys_reset_0' [c:/Users/tbnrs/Documents/Development/hdl_group_project_sc/hdl_group_project.gen/sources_1/bd/ip_integrator/synth/ip_integrator.v:359]
WARNING: [Synth 8-7071] port 'peripheral_reset' of module 'ip_integrator_proc_sys_reset_0_0' is unconnected for instance 'proc_sys_reset_0' [c:/Users/tbnrs/Documents/Development/hdl_group_project_sc/hdl_group_project.gen/sources_1/bd/ip_integrator/synth/ip_integrator.v:359]
WARNING: [Synth 8-7071] port 'interconnect_aresetn' of module 'ip_integrator_proc_sys_reset_0_0' is unconnected for instance 'proc_sys_reset_0' [c:/Users/tbnrs/Documents/Development/hdl_group_project_sc/hdl_group_project.gen/sources_1/bd/ip_integrator/synth/ip_integrator.v:359]
WARNING: [Synth 8-7023] instance 'proc_sys_reset_0' of module 'ip_integrator_proc_sys_reset_0_0' has 10 connections declared, but only 6 given [c:/Users/tbnrs/Documents/Development/hdl_group_project_sc/hdl_group_project.gen/sources_1/bd/ip_integrator/synth/ip_integrator.v:359]
INFO: [Synth 8-6157] synthesizing module 'ip_integrator_processing_system7_0_0' [c:/Users/tbnrs/Documents/Development/hdl_group_project_sc/hdl_group_project.gen/sources_1/bd/ip_integrator/ip/ip_integrator_processing_system7_0_0/synth/ip_integrator_processing_system7_0_0.v:60]
INFO: [Synth 8-6157] synthesizing module 'processing_system7_v5_5_processing_system7' [c:/Users/tbnrs/Documents/Development/hdl_group_project_sc/hdl_group_project.gen/sources_1/bd/ip_integrator/ip/ip_integrator_processing_system7_0_0/hdl/verilog/processing_system7_v5_5_processing_system7.v:161]
INFO: [Synth 8-6157] synthesizing module 'BUFG' [C:/Xilinx/Vivado/2021.2/scripts/rt/data/unisim_comp.v:1083]
INFO: [Synth 8-6155] done synthesizing module 'BUFG' (40#1) [C:/Xilinx/Vivado/2021.2/scripts/rt/data/unisim_comp.v:1083]
INFO: [Synth 8-6157] synthesizing module 'BIBUF' [C:/Xilinx/Vivado/2021.2/scripts/rt/data/unisim_comp.v:730]
INFO: [Synth 8-6155] done synthesizing module 'BIBUF' (41#1) [C:/Xilinx/Vivado/2021.2/scripts/rt/data/unisim_comp.v:730]
INFO: [Synth 8-6157] synthesizing module 'PS7' [C:/Xilinx/Vivado/2021.2/scripts/rt/data/unisim_comp.v:89905]
INFO: [Synth 8-6155] done synthesizing module 'PS7' (42#1) [C:/Xilinx/Vivado/2021.2/scripts/rt/data/unisim_comp.v:89905]
INFO: [Synth 8-6155] done synthesizing module 'processing_system7_v5_5_processing_system7' (43#1) [c:/Users/tbnrs/Documents/Development/hdl_group_project_sc/hdl_group_project.gen/sources_1/bd/ip_integrator/ip/ip_integrator_processing_system7_0_0/hdl/verilog/processing_system7_v5_5_processing_system7.v:161]
WARNING: [Synth 8-7071] port 'M_AXI_GP0_ARESETN' of module 'processing_system7_v5_5_processing_system7' is unconnected for instance 'inst' [c:/Users/tbnrs/Documents/Development/hdl_group_project_sc/hdl_group_project.gen/sources_1/bd/ip_integrator/ip/ip_integrator_processing_system7_0_0/synth/ip_integrator_processing_system7_0_0.v:314]
WARNING: [Synth 8-7071] port 'M_AXI_GP1_ARESETN' of module 'processing_system7_v5_5_processing_system7' is unconnected for instance 'inst' [c:/Users/tbnrs/Documents/Development/hdl_group_project_sc/hdl_group_project.gen/sources_1/bd/ip_integrator/ip/ip_integrator_processing_system7_0_0/synth/ip_integrator_processing_system7_0_0.v:314]
WARNING: [Synth 8-7071] port 'S_AXI_GP0_ARESETN' of module 'processing_system7_v5_5_processing_system7' is unconnected for instance 'inst' [c:/Users/tbnrs/Documents/Development/hdl_group_project_sc/hdl_group_project.gen/sources_1/bd/ip_integrator/ip/ip_integrator_processing_system7_0_0/synth/ip_integrator_processing_system7_0_0.v:314]
WARNING: [Synth 8-7071] port 'S_AXI_GP1_ARESETN' of module 'processing_system7_v5_5_processing_system7' is unconnected for instance 'inst' [c:/Users/tbnrs/Documents/Development/hdl_group_project_sc/hdl_group_project.gen/sources_1/bd/ip_integrator/ip/ip_integrator_processing_system7_0_0/synth/ip_integrator_processing_system7_0_0.v:314]
WARNING: [Synth 8-7071] port 'S_AXI_ACP_ARESETN' of module 'processing_system7_v5_5_processing_system7' is unconnected for instance 'inst' [c:/Users/tbnrs/Documents/Development/hdl_group_project_sc/hdl_group_project.gen/sources_1/bd/ip_integrator/ip/ip_integrator_processing_system7_0_0/synth/ip_integrator_processing_system7_0_0.v:314]
WARNING: [Synth 8-7071] port 'S_AXI_HP0_ARESETN' of module 'processing_system7_v5_5_processing_system7' is unconnected for instance 'inst' [c:/Users/tbnrs/Documents/Development/hdl_group_project_sc/hdl_group_project.gen/sources_1/bd/ip_integrator/ip/ip_integrator_processing_system7_0_0/synth/ip_integrator_processing_system7_0_0.v:314]
WARNING: [Synth 8-7071] port 'S_AXI_HP1_ARESETN' of module 'processing_system7_v5_5_processing_system7' is unconnected for instance 'inst' [c:/Users/tbnrs/Documents/Development/hdl_group_project_sc/hdl_group_project.gen/sources_1/bd/ip_integrator/ip/ip_integrator_processing_system7_0_0/synth/ip_integrator_processing_system7_0_0.v:314]
WARNING: [Synth 8-7071] port 'S_AXI_HP2_ARESETN' of module 'processing_system7_v5_5_processing_system7' is unconnected for instance 'inst' [c:/Users/tbnrs/Documents/Development/hdl_group_project_sc/hdl_group_project.gen/sources_1/bd/ip_integrator/ip/ip_integrator_processing_system7_0_0/synth/ip_integrator_processing_system7_0_0.v:314]
WARNING: [Synth 8-7071] port 'S_AXI_HP3_ARESETN' of module 'processing_system7_v5_5_processing_system7' is unconnected for instance 'inst' [c:/Users/tbnrs/Documents/Development/hdl_group_project_sc/hdl_group_project.gen/sources_1/bd/ip_integrator/ip/ip_integrator_processing_system7_0_0/synth/ip_integrator_processing_system7_0_0.v:314]
WARNING: [Synth 8-7071] port 'DMA0_RSTN' of module 'processing_system7_v5_5_processing_system7' is unconnected for instance 'inst' [c:/Users/tbnrs/Documents/Development/hdl_group_project_sc/hdl_group_project.gen/sources_1/bd/ip_integrator/ip/ip_integrator_processing_system7_0_0/synth/ip_integrator_processing_system7_0_0.v:314]
WARNING: [Synth 8-7071] port 'DMA1_RSTN' of module 'processing_system7_v5_5_processing_system7' is unconnected for instance 'inst' [c:/Users/tbnrs/Documents/Development/hdl_group_project_sc/hdl_group_project.gen/sources_1/bd/ip_integrator/ip/ip_integrator_processing_system7_0_0/synth/ip_integrator_processing_system7_0_0.v:314]
WARNING: [Synth 8-7071] port 'DMA2_RSTN' of module 'processing_system7_v5_5_processing_system7' is unconnected for instance 'inst' [c:/Users/tbnrs/Documents/Development/hdl_group_project_sc/hdl_group_project.gen/sources_1/bd/ip_integrator/ip/ip_integrator_processing_system7_0_0/synth/ip_integrator_processing_system7_0_0.v:314]
WARNING: [Synth 8-7071] port 'DMA3_RSTN' of module 'processing_system7_v5_5_processing_system7' is unconnected for instance 'inst' [c:/Users/tbnrs/Documents/Development/hdl_group_project_sc/hdl_group_project.gen/sources_1/bd/ip_integrator/ip/ip_integrator_processing_system7_0_0/synth/ip_integrator_processing_system7_0_0.v:314]
WARNING: [Synth 8-7023] instance 'inst' of module 'processing_system7_v5_5_processing_system7' has 685 connections declared, but only 672 given [c:/Users/tbnrs/Documents/Development/hdl_group_project_sc/hdl_group_project.gen/sources_1/bd/ip_integrator/ip/ip_integrator_processing_system7_0_0/synth/ip_integrator_processing_system7_0_0.v:314]
INFO: [Synth 8-6155] done synthesizing module 'ip_integrator_processing_system7_0_0' (44#1) [c:/Users/tbnrs/Documents/Development/hdl_group_project_sc/hdl_group_project.gen/sources_1/bd/ip_integrator/ip/ip_integrator_processing_system7_0_0/synth/ip_integrator_processing_system7_0_0.v:60]
INFO: [Synth 8-6157] synthesizing module 'ip_integrator_rv_sc_ip_0_0' [c:/Users/tbnrs/Documents/Development/hdl_group_project_sc/hdl_group_project.gen/sources_1/bd/ip_integrator/ip/ip_integrator_rv_sc_ip_0_0/synth/ip_integrator_rv_sc_ip_0_0.v:58]
INFO: [Synth 8-6157] synthesizing module 'rv_sc_ip' [c:/Users/tbnrs/Documents/Development/hdl_group_project_sc/hdl_group_project.gen/sources_1/bd/ip_integrator/ipshared/26dc/rv-sc-ip.v:265]
INFO: [Synth 8-6157] synthesizing module 'pc' [c:/Users/tbnrs/Documents/Development/hdl_group_project_sc/hdl_group_project.gen/sources_1/bd/ip_integrator/ipshared/26dc/rv-sc-ip.v:101]
INFO: [Synth 8-6155] done synthesizing module 'pc' (45#1) [c:/Users/tbnrs/Documents/Development/hdl_group_project_sc/hdl_group_project.gen/sources_1/bd/ip_integrator/ipshared/26dc/rv-sc-ip.v:101]
INFO: [Synth 8-6157] synthesizing module 'adder' [c:/Users/tbnrs/Documents/Development/hdl_group_project_sc/hdl_group_project.gen/sources_1/bd/ip_integrator/ipshared/26dc/rv-sc-ip.v:16]
INFO: [Synth 8-6155] done synthesizing module 'adder' (46#1) [c:/Users/tbnrs/Documents/Development/hdl_group_project_sc/hdl_group_project.gen/sources_1/bd/ip_integrator/ipshared/26dc/rv-sc-ip.v:16]
INFO: [Synth 8-6157] synthesizing module 'controller' [c:/Users/tbnrs/Documents/Development/hdl_group_project_sc/hdl_group_project.gen/sources_1/bd/ip_integrator/ipshared/26dc/rv-sc-ip.v:144]
INFO: [Synth 8-155] case statement is not full and has no default [c:/Users/tbnrs/Documents/Development/hdl_group_project_sc/hdl_group_project.gen/sources_1/bd/ip_integrator/ipshared/26dc/rv-sc-ip.v:170]
INFO: [Synth 8-6155] done synthesizing module 'controller' (47#1) [c:/Users/tbnrs/Documents/Development/hdl_group_project_sc/hdl_group_project.gen/sources_1/bd/ip_integrator/ipshared/26dc/rv-sc-ip.v:144]
WARNING: [Synth 8-7071] port 'alu_op' of module 'controller' is unconnected for instance 'u_controller' [c:/Users/tbnrs/Documents/Development/hdl_group_project_sc/hdl_group_project.gen/sources_1/bd/ip_integrator/ipshared/26dc/rv-sc-ip.v:354]
WARNING: [Synth 8-7023] instance 'u_controller' of module 'controller' has 12 connections declared, but only 11 given [c:/Users/tbnrs/Documents/Development/hdl_group_project_sc/hdl_group_project.gen/sources_1/bd/ip_integrator/ipshared/26dc/rv-sc-ip.v:354]
INFO: [Synth 8-6157] synthesizing module 'regfile' [c:/Users/tbnrs/Documents/Development/hdl_group_project_sc/hdl_group_project.gen/sources_1/bd/ip_integrator/ipshared/26dc/rv-sc-ip.v:120]
INFO: [Synth 8-6155] done synthesizing module 'regfile' (48#1) [c:/Users/tbnrs/Documents/Development/hdl_group_project_sc/hdl_group_project.gen/sources_1/bd/ip_integrator/ipshared/26dc/rv-sc-ip.v:120]
INFO: [Synth 8-6157] synthesizing module 'sign_ext' [c:/Users/tbnrs/Documents/Development/hdl_group_project_sc/hdl_group_project.gen/sources_1/bd/ip_integrator/ipshared/26dc/rv-sc-ip.v:57]
INFO: [Synth 8-6155] done synthesizing module 'sign_ext' (49#1) [c:/Users/tbnrs/Documents/Development/hdl_group_project_sc/hdl_group_project.gen/sources_1/bd/ip_integrator/ipshared/26dc/rv-sc-ip.v:57]
INFO: [Synth 8-6157] synthesizing module 'mux2' [c:/Users/tbnrs/Documents/Development/hdl_group_project_sc/hdl_group_project.gen/sources_1/bd/ip_integrator/ipshared/26dc/rv-sc-ip.v:4]
INFO: [Synth 8-6155] done synthesizing module 'mux2' (50#1) [c:/Users/tbnrs/Documents/Development/hdl_group_project_sc/hdl_group_project.gen/sources_1/bd/ip_integrator/ipshared/26dc/rv-sc-ip.v:4]
INFO: [Synth 8-6157] synthesizing module 'alu' [c:/Users/tbnrs/Documents/Development/hdl_group_project_sc/hdl_group_project.gen/sources_1/bd/ip_integrator/ipshared/26dc/rv-sc-ip.v:27]
INFO: [Synth 8-6155] done synthesizing module 'alu' (51#1) [c:/Users/tbnrs/Documents/Development/hdl_group_project_sc/hdl_group_project.gen/sources_1/bd/ip_integrator/ipshared/26dc/rv-sc-ip.v:27]
INFO: [Synth 8-6155] done synthesizing module 'rv_sc_ip' (52#1) [c:/Users/tbnrs/Documents/Development/hdl_group_project_sc/hdl_group_project.gen/sources_1/bd/ip_integrator/ipshared/26dc/rv-sc-ip.v:265]
INFO: [Synth 8-6155] done synthesizing module 'ip_integrator_rv_sc_ip_0_0' (53#1) [c:/Users/tbnrs/Documents/Development/hdl_group_project_sc/hdl_group_project.gen/sources_1/bd/ip_integrator/ip/ip_integrator_rv_sc_ip_0_0/synth/ip_integrator_rv_sc_ip_0_0.v:58]
INFO: [Synth 8-6157] synthesizing module 'ip_integrator_smartconnect_0_0' [c:/Users/tbnrs/Documents/Development/hdl_group_project_sc/hdl_group_project.gen/sources_1/bd/ip_integrator/ip/ip_integrator_smartconnect_0_0/synth/ip_integrator_smartconnect_0_0.v:57]
INFO: [Synth 8-6157] synthesizing module 'bd_d914' [c:/Users/tbnrs/Documents/Development/hdl_group_project_sc/hdl_group_project.gen/sources_1/bd/ip_integrator/ip/ip_integrator_smartconnect_0_0/bd_0/synth/bd_d914.v:10]
INFO: [Synth 8-6157] synthesizing module 'clk_map_imp_N7H5BQ' [c:/Users/tbnrs/Documents/Development/hdl_group_project_sc/hdl_group_project.gen/sources_1/bd/ip_integrator/ip/ip_integrator_smartconnect_0_0/bd_0/synth/bd_d914.v:1762]
INFO: [Synth 8-6157] synthesizing module 'bd_d914_one_0' [c:/Users/tbnrs/Documents/Development/hdl_group_project_sc/hdl_group_project.gen/sources_1/bd/ip_integrator/ip/ip_integrator_smartconnect_0_0/bd_0/ip/ip_0/synth/bd_d914_one_0.v:57]
INFO: [Synth 8-6157] synthesizing module 'xlconstant_v1_1_7_xlconstant' [c:/Users/tbnrs/Documents/Development/hdl_group_project_sc/hdl_group_project.gen/sources_1/bd/ip_integrator/ipshared/fcfc/hdl/xlconstant_v1_1_vl_rfs.v:23]
INFO: [Synth 8-6155] done synthesizing module 'xlconstant_v1_1_7_xlconstant' (54#1) [c:/Users/tbnrs/Documents/Development/hdl_group_project_sc/hdl_group_project.gen/sources_1/bd/ip_integrator/ipshared/fcfc/hdl/xlconstant_v1_1_vl_rfs.v:23]
INFO: [Synth 8-6155] done synthesizing module 'bd_d914_one_0' (55#1) [c:/Users/tbnrs/Documents/Development/hdl_group_project_sc/hdl_group_project.gen/sources_1/bd/ip_integrator/ip/ip_integrator_smartconnect_0_0/bd_0/ip/ip_0/synth/bd_d914_one_0.v:57]
INFO: [Synth 8-638] synthesizing module 'bd_d914_psr_aclk_0' [c:/Users/tbnrs/Documents/Development/hdl_group_project_sc/hdl_group_project.gen/sources_1/bd/ip_integrator/ip/ip_integrator_smartconnect_0_0/bd_0/ip/ip_1/synth/bd_d914_psr_aclk_0.vhd:74]
	Parameter C_FAMILY bound to: zynq - type: string 
	Parameter C_EXT_RST_WIDTH bound to: 4 - type: integer 
	Parameter C_AUX_RST_WIDTH bound to: 1 - type: integer 
	Parameter C_EXT_RESET_HIGH bound to: 1'b0 
	Parameter C_AUX_RESET_HIGH bound to: 1'b0 
	Parameter C_NUM_BUS_RST bound to: 1 - type: integer 
	Parameter C_NUM_PERP_RST bound to: 1 - type: integer 
	Parameter C_NUM_INTERCONNECT_ARESETN bound to: 1 - type: integer 
	Parameter C_NUM_PERP_ARESETN bound to: 1 - type: integer 
INFO: [Synth 8-3491] module 'proc_sys_reset' declared at 'c:/Users/tbnrs/Documents/Development/hdl_group_project_sc/hdl_group_project.gen/sources_1/bd/ip_integrator/ipshared/8842/hdl/proc_sys_reset_v5_0_vh_rfs.vhd:1264' bound to instance 'U0' of component 'proc_sys_reset' [c:/Users/tbnrs/Documents/Development/hdl_group_project_sc/hdl_group_project.gen/sources_1/bd/ip_integrator/ip/ip_integrator_smartconnect_0_0/bd_0/ip/ip_1/synth/bd_d914_psr_aclk_0.vhd:129]
INFO: [Synth 8-638] synthesizing module 'proc_sys_reset__parameterized1' [c:/Users/tbnrs/Documents/Development/hdl_group_project_sc/hdl_group_project.gen/sources_1/bd/ip_integrator/ipshared/8842/hdl/proc_sys_reset_v5_0_vh_rfs.vhd:1323]
	Parameter INIT bound to: 1'b1 
INFO: [Synth 8-113] binding component instance 'FDRE_inst' to cell 'FDRE' [c:/Users/tbnrs/Documents/Development/hdl_group_project_sc/hdl_group_project.gen/sources_1/bd/ip_integrator/ipshared/8842/hdl/proc_sys_reset_v5_0_vh_rfs.vhd:1392]
	Parameter INIT bound to: 1'b1 
INFO: [Synth 8-113] binding component instance 'FDRE_BSR' to cell 'FDRE' [c:/Users/tbnrs/Documents/Development/hdl_group_project_sc/hdl_group_project.gen/sources_1/bd/ip_integrator/ipshared/8842/hdl/proc_sys_reset_v5_0_vh_rfs.vhd:1408]
	Parameter INIT bound to: 1'b0 
INFO: [Synth 8-113] binding component instance 'FDRE_BSR_N' to cell 'FDRE' [c:/Users/tbnrs/Documents/Development/hdl_group_project_sc/hdl_group_project.gen/sources_1/bd/ip_integrator/ipshared/8842/hdl/proc_sys_reset_v5_0_vh_rfs.vhd:1434]
	Parameter INIT bound to: 1'b1 
INFO: [Synth 8-113] binding component instance 'FDRE_PER' to cell 'FDRE' [c:/Users/tbnrs/Documents/Development/hdl_group_project_sc/hdl_group_project.gen/sources_1/bd/ip_integrator/ipshared/8842/hdl/proc_sys_reset_v5_0_vh_rfs.vhd:1457]
	Parameter INIT bound to: 1'b0 
INFO: [Synth 8-113] binding component instance 'FDRE_PER_N' to cell 'FDRE' [c:/Users/tbnrs/Documents/Development/hdl_group_project_sc/hdl_group_project.gen/sources_1/bd/ip_integrator/ipshared/8842/hdl/proc_sys_reset_v5_0_vh_rfs.vhd:1481]
INFO: [Synth 8-638] synthesizing module 'lpf__parameterized0' [c:/Users/tbnrs/Documents/Development/hdl_group_project_sc/hdl_group_project.gen/sources_1/bd/ip_integrator/ipshared/8842/hdl/proc_sys_reset_v5_0_vh_rfs.vhd:816]
INFO: [Synth 8-3491] module 'SRL16' declared at 'C:/Xilinx/Vivado/2021.2/scripts/rt/data/unisim_comp.v:105983' bound to instance 'POR_SRL_I' of component 'SRL16' [c:/Users/tbnrs/Documents/Development/hdl_group_project_sc/hdl_group_project.gen/sources_1/bd/ip_integrator/ipshared/8842/hdl/proc_sys_reset_v5_0_vh_rfs.vhd:868]
INFO: [Synth 8-256] done synthesizing module 'lpf__parameterized0' (55#1) [c:/Users/tbnrs/Documents/Development/hdl_group_project_sc/hdl_group_project.gen/sources_1/bd/ip_integrator/ipshared/8842/hdl/proc_sys_reset_v5_0_vh_rfs.vhd:816]
INFO: [Synth 8-256] done synthesizing module 'proc_sys_reset__parameterized1' (55#1) [c:/Users/tbnrs/Documents/Development/hdl_group_project_sc/hdl_group_project.gen/sources_1/bd/ip_integrator/ipshared/8842/hdl/proc_sys_reset_v5_0_vh_rfs.vhd:1323]
INFO: [Synth 8-256] done synthesizing module 'bd_d914_psr_aclk_0' (56#1) [c:/Users/tbnrs/Documents/Development/hdl_group_project_sc/hdl_group_project.gen/sources_1/bd/ip_integrator/ip/ip_integrator_smartconnect_0_0/bd_0/ip/ip_1/synth/bd_d914_psr_aclk_0.vhd:74]
WARNING: [Synth 8-7071] port 'mb_reset' of module 'bd_d914_psr_aclk_0' is unconnected for instance 'psr_aclk' [c:/Users/tbnrs/Documents/Development/hdl_group_project_sc/hdl_group_project.gen/sources_1/bd/ip_integrator/ip/ip_integrator_smartconnect_0_0/bd_0/synth/bd_d914.v:1809]
WARNING: [Synth 8-7071] port 'bus_struct_reset' of module 'bd_d914_psr_aclk_0' is unconnected for instance 'psr_aclk' [c:/Users/tbnrs/Documents/Development/hdl_group_project_sc/hdl_group_project.gen/sources_1/bd/ip_integrator/ip/ip_integrator_smartconnect_0_0/bd_0/synth/bd_d914.v:1809]
WARNING: [Synth 8-7071] port 'peripheral_reset' of module 'bd_d914_psr_aclk_0' is unconnected for instance 'psr_aclk' [c:/Users/tbnrs/Documents/Development/hdl_group_project_sc/hdl_group_project.gen/sources_1/bd/ip_integrator/ip/ip_integrator_smartconnect_0_0/bd_0/synth/bd_d914.v:1809]
WARNING: [Synth 8-7071] port 'peripheral_aresetn' of module 'bd_d914_psr_aclk_0' is unconnected for instance 'psr_aclk' [c:/Users/tbnrs/Documents/Development/hdl_group_project_sc/hdl_group_project.gen/sources_1/bd/ip_integrator/ip/ip_integrator_smartconnect_0_0/bd_0/synth/bd_d914.v:1809]
WARNING: [Synth 8-7023] instance 'psr_aclk' of module 'bd_d914_psr_aclk_0' has 10 connections declared, but only 6 given [c:/Users/tbnrs/Documents/Development/hdl_group_project_sc/hdl_group_project.gen/sources_1/bd/ip_integrator/ip/ip_integrator_smartconnect_0_0/bd_0/synth/bd_d914.v:1809]
WARNING: [Synth 8-3848] Net aresetn_out in module/entity clk_map_imp_N7H5BQ does not have driver. [c:/Users/tbnrs/Documents/Development/hdl_group_project_sc/hdl_group_project.gen/sources_1/bd/ip_integrator/ip/ip_integrator_smartconnect_0_0/bd_0/synth/bd_d914.v:1786]
INFO: [Synth 8-6155] done synthesizing module 'clk_map_imp_N7H5BQ' (57#1) [c:/Users/tbnrs/Documents/Development/hdl_group_project_sc/hdl_group_project.gen/sources_1/bd/ip_integrator/ip/ip_integrator_smartconnect_0_0/bd_0/synth/bd_d914.v:1762]
INFO: [Synth 8-6157] synthesizing module 'm00_exit_pipeline_imp_1BGINL9' [c:/Users/tbnrs/Documents/Development/hdl_group_project_sc/hdl_group_project.gen/sources_1/bd/ip_integrator/ip/ip_integrator_smartconnect_0_0/bd_0/synth/bd_d914.v:1818]
INFO: [Synth 8-6157] synthesizing module 'bd_d914_m00e_0' [c:/Users/tbnrs/Documents/Development/hdl_group_project_sc/hdl_group_project.gen/sources_1/bd/ip_integrator/ip/ip_integrator_smartconnect_0_0/bd_0/ip/ip_22/synth/bd_d914_m00e_0.sv:58]
INFO: [Synth 8-6157] synthesizing module 'xpm_cdc_async_rst' [C:/Xilinx/Vivado/2021.2/data/ip/xpm/xpm_cdc/hdl/xpm_cdc.sv:1175]
INFO: [Synth 8-6155] done synthesizing module 'xpm_cdc_async_rst' (60#1) [C:/Xilinx/Vivado/2021.2/data/ip/xpm/xpm_cdc/hdl/xpm_cdc.sv:1175]
INFO: [Synth 8-6155] done synthesizing module 'bd_d914_m00e_0' (67#1) [c:/Users/tbnrs/Documents/Development/hdl_group_project_sc/hdl_group_project.gen/sources_1/bd/ip_integrator/ip/ip_integrator_smartconnect_0_0/bd_0/ip/ip_22/synth/bd_d914_m00e_0.sv:58]
INFO: [Synth 8-6155] done synthesizing module 'm00_exit_pipeline_imp_1BGINL9' (68#1) [c:/Users/tbnrs/Documents/Development/hdl_group_project_sc/hdl_group_project.gen/sources_1/bd/ip_integrator/ip/ip_integrator_smartconnect_0_0/bd_0/synth/bd_d914.v:1818]
INFO: [Synth 8-6157] synthesizing module 'm00_nodes_imp_1XPLARL' [c:/Users/tbnrs/Documents/Development/hdl_group_project_sc/hdl_group_project.gen/sources_1/bd/ip_integrator/ip/ip_integrator_smartconnect_0_0/bd_0/synth/bd_d914.v:2189]
INFO: [Synth 8-6157] synthesizing module 'bd_d914_m00arn_0' [c:/Users/tbnrs/Documents/Development/hdl_group_project_sc/hdl_group_project.gen/sources_1/bd/ip_integrator/ip/ip_integrator_smartconnect_0_0/bd_0/ip/ip_17/synth/bd_d914_m00arn_0.sv:58]
INFO: [Synth 8-6157] synthesizing module 'xpm_memory_sdpram' [C:/Xilinx/Vivado/2021.2/data/ip/xpm/xpm_memory/hdl/xpm_memory.sv:8471]
INFO: [Synth 8-6157] synthesizing module 'xpm_memory_base' [C:/Xilinx/Vivado/2021.2/data/ip/xpm/xpm_memory/hdl/xpm_memory.sv:57]
INFO: [Synth 8-6155] done synthesizing module 'xpm_memory_base' (72#1) [C:/Xilinx/Vivado/2021.2/data/ip/xpm/xpm_memory/hdl/xpm_memory.sv:57]
INFO: [Synth 8-6155] done synthesizing module 'xpm_memory_sdpram' (73#1) [C:/Xilinx/Vivado/2021.2/data/ip/xpm/xpm_memory/hdl/xpm_memory.sv:8471]
INFO: [Synth 8-6157] synthesizing module 'xpm_memory_sdpram__parameterized0' [C:/Xilinx/Vivado/2021.2/data/ip/xpm/xpm_memory/hdl/xpm_memory.sv:8471]
INFO: [Synth 8-6157] synthesizing module 'xpm_memory_base__parameterized0' [C:/Xilinx/Vivado/2021.2/data/ip/xpm/xpm_memory/hdl/xpm_memory.sv:57]
INFO: [Synth 8-6155] done synthesizing module 'xpm_memory_base__parameterized0' (77#1) [C:/Xilinx/Vivado/2021.2/data/ip/xpm/xpm_memory/hdl/xpm_memory.sv:57]
INFO: [Synth 8-6155] done synthesizing module 'xpm_memory_sdpram__parameterized0' (77#1) [C:/Xilinx/Vivado/2021.2/data/ip/xpm/xpm_memory/hdl/xpm_memory.sv:8471]
INFO: [Synth 8-6155] done synthesizing module 'bd_d914_m00arn_0' (83#1) [c:/Users/tbnrs/Documents/Development/hdl_group_project_sc/hdl_group_project.gen/sources_1/bd/ip_integrator/ip/ip_integrator_smartconnect_0_0/bd_0/ip/ip_17/synth/bd_d914_m00arn_0.sv:58]
INFO: [Synth 8-6157] synthesizing module 'bd_d914_m00awn_0' [c:/Users/tbnrs/Documents/Development/hdl_group_project_sc/hdl_group_project.gen/sources_1/bd/ip_integrator/ip/ip_integrator_smartconnect_0_0/bd_0/ip/ip_19/synth/bd_d914_m00awn_0.sv:58]
INFO: [Synth 8-6155] done synthesizing module 'bd_d914_m00awn_0' (84#1) [c:/Users/tbnrs/Documents/Development/hdl_group_project_sc/hdl_group_project.gen/sources_1/bd/ip_integrator/ip/ip_integrator_smartconnect_0_0/bd_0/ip/ip_19/synth/bd_d914_m00awn_0.sv:58]
INFO: [Synth 8-6157] synthesizing module 'bd_d914_m00bn_0' [c:/Users/tbnrs/Documents/Development/hdl_group_project_sc/hdl_group_project.gen/sources_1/bd/ip_integrator/ip/ip_integrator_smartconnect_0_0/bd_0/ip/ip_21/synth/bd_d914_m00bn_0.sv:58]
INFO: [Synth 8-6157] synthesizing module 'xpm_memory_sdpram__parameterized1' [C:/Xilinx/Vivado/2021.2/data/ip/xpm/xpm_memory/hdl/xpm_memory.sv:8471]
INFO: [Synth 8-6157] synthesizing module 'xpm_memory_base__parameterized1' [C:/Xilinx/Vivado/2021.2/data/ip/xpm/xpm_memory/hdl/xpm_memory.sv:57]
INFO: [Synth 8-6155] done synthesizing module 'xpm_memory_base__parameterized1' (84#1) [C:/Xilinx/Vivado/2021.2/data/ip/xpm/xpm_memory/hdl/xpm_memory.sv:57]
INFO: [Synth 8-6155] done synthesizing module 'xpm_memory_sdpram__parameterized1' (84#1) [C:/Xilinx/Vivado/2021.2/data/ip/xpm/xpm_memory/hdl/xpm_memory.sv:8471]
INFO: [Synth 8-6157] synthesizing module 'xpm_memory_sdpram__parameterized2' [C:/Xilinx/Vivado/2021.2/data/ip/xpm/xpm_memory/hdl/xpm_memory.sv:8471]
INFO: [Synth 8-6157] synthesizing module 'xpm_memory_base__parameterized2' [C:/Xilinx/Vivado/2021.2/data/ip/xpm/xpm_memory/hdl/xpm_memory.sv:57]
INFO: [Synth 8-6155] done synthesizing module 'xpm_memory_base__parameterized2' (84#1) [C:/Xilinx/Vivado/2021.2/data/ip/xpm/xpm_memory/hdl/xpm_memory.sv:57]
INFO: [Synth 8-6155] done synthesizing module 'xpm_memory_sdpram__parameterized2' (84#1) [C:/Xilinx/Vivado/2021.2/data/ip/xpm/xpm_memory/hdl/xpm_memory.sv:8471]
INFO: [Synth 8-6155] done synthesizing module 'bd_d914_m00bn_0' (85#1) [c:/Users/tbnrs/Documents/Development/hdl_group_project_sc/hdl_group_project.gen/sources_1/bd/ip_integrator/ip/ip_integrator_smartconnect_0_0/bd_0/ip/ip_21/synth/bd_d914_m00bn_0.sv:58]
INFO: [Synth 8-6157] synthesizing module 'bd_d914_m00rn_0' [c:/Users/tbnrs/Documents/Development/hdl_group_project_sc/hdl_group_project.gen/sources_1/bd/ip_integrator/ip/ip_integrator_smartconnect_0_0/bd_0/ip/ip_18/synth/bd_d914_m00rn_0.sv:58]
INFO: [Synth 8-6157] synthesizing module 'xpm_memory_sdpram__parameterized3' [C:/Xilinx/Vivado/2021.2/data/ip/xpm/xpm_memory/hdl/xpm_memory.sv:8471]
INFO: [Synth 8-6157] synthesizing module 'xpm_memory_base__parameterized3' [C:/Xilinx/Vivado/2021.2/data/ip/xpm/xpm_memory/hdl/xpm_memory.sv:57]
INFO: [Synth 8-6155] done synthesizing module 'xpm_memory_base__parameterized3' (85#1) [C:/Xilinx/Vivado/2021.2/data/ip/xpm/xpm_memory/hdl/xpm_memory.sv:57]
INFO: [Synth 8-6155] done synthesizing module 'xpm_memory_sdpram__parameterized3' (85#1) [C:/Xilinx/Vivado/2021.2/data/ip/xpm/xpm_memory/hdl/xpm_memory.sv:8471]
INFO: [Synth 8-6155] done synthesizing module 'bd_d914_m00rn_0' (86#1) [c:/Users/tbnrs/Documents/Development/hdl_group_project_sc/hdl_group_project.gen/sources_1/bd/ip_integrator/ip/ip_integrator_smartconnect_0_0/bd_0/ip/ip_18/synth/bd_d914_m00rn_0.sv:58]
INFO: [Synth 8-6157] synthesizing module 'bd_d914_m00wn_0' [c:/Users/tbnrs/Documents/Development/hdl_group_project_sc/hdl_group_project.gen/sources_1/bd/ip_integrator/ip/ip_integrator_smartconnect_0_0/bd_0/ip/ip_20/synth/bd_d914_m00wn_0.sv:58]
INFO: [Synth 8-6157] synthesizing module 'xpm_memory_sdpram__parameterized4' [C:/Xilinx/Vivado/2021.2/data/ip/xpm/xpm_memory/hdl/xpm_memory.sv:8471]
INFO: [Synth 8-6157] synthesizing module 'xpm_memory_base__parameterized4' [C:/Xilinx/Vivado/2021.2/data/ip/xpm/xpm_memory/hdl/xpm_memory.sv:57]
INFO: [Synth 8-6155] done synthesizing module 'xpm_memory_base__parameterized4' (86#1) [C:/Xilinx/Vivado/2021.2/data/ip/xpm/xpm_memory/hdl/xpm_memory.sv:57]
INFO: [Synth 8-6155] done synthesizing module 'xpm_memory_sdpram__parameterized4' (86#1) [C:/Xilinx/Vivado/2021.2/data/ip/xpm/xpm_memory/hdl/xpm_memory.sv:8471]
INFO: [Synth 8-6155] done synthesizing module 'bd_d914_m00wn_0' (87#1) [c:/Users/tbnrs/Documents/Development/hdl_group_project_sc/hdl_group_project.gen/sources_1/bd/ip_integrator/ip/ip_integrator_smartconnect_0_0/bd_0/ip/ip_20/synth/bd_d914_m00wn_0.sv:58]
INFO: [Synth 8-6155] done synthesizing module 'm00_nodes_imp_1XPLARL' (88#1) [c:/Users/tbnrs/Documents/Development/hdl_group_project_sc/hdl_group_project.gen/sources_1/bd/ip_integrator/ip/ip_integrator_smartconnect_0_0/bd_0/synth/bd_d914.v:2189]
INFO: [Synth 8-6157] synthesizing module 'bd_d914_m00s2a_0' [c:/Users/tbnrs/Documents/Development/hdl_group_project_sc/hdl_group_project.gen/sources_1/bd/ip_integrator/ip/ip_integrator_smartconnect_0_0/bd_0/ip/ip_16/synth/bd_d914_m00s2a_0.sv:58]
INFO: [Synth 8-6155] done synthesizing module 'bd_d914_m00s2a_0' (90#1) [c:/Users/tbnrs/Documents/Development/hdl_group_project_sc/hdl_group_project.gen/sources_1/bd/ip_integrator/ip/ip_integrator_smartconnect_0_0/bd_0/ip/ip_16/synth/bd_d914_m00s2a_0.sv:58]
INFO: [Synth 8-6157] synthesizing module 'm01_exit_pipeline_imp_1G78YEL' [c:/Users/tbnrs/Documents/Development/hdl_group_project_sc/hdl_group_project.gen/sources_1/bd/ip_integrator/ip/ip_integrator_smartconnect_0_0/bd_0/synth/bd_d914.v:2485]
INFO: [Synth 8-6157] synthesizing module 'bd_d914_m01e_0' [c:/Users/tbnrs/Documents/Development/hdl_group_project_sc/hdl_group_project.gen/sources_1/bd/ip_integrator/ip/ip_integrator_smartconnect_0_0/bd_0/ip/ip_29/synth/bd_d914_m01e_0.sv:58]
INFO: [Synth 8-6155] done synthesizing module 'bd_d914_m01e_0' (91#1) [c:/Users/tbnrs/Documents/Development/hdl_group_project_sc/hdl_group_project.gen/sources_1/bd/ip_integrator/ip/ip_integrator_smartconnect_0_0/bd_0/ip/ip_29/synth/bd_d914_m01e_0.sv:58]
INFO: [Synth 8-6155] done synthesizing module 'm01_exit_pipeline_imp_1G78YEL' (92#1) [c:/Users/tbnrs/Documents/Development/hdl_group_project_sc/hdl_group_project.gen/sources_1/bd/ip_integrator/ip/ip_integrator_smartconnect_0_0/bd_0/synth/bd_d914.v:2485]
INFO: [Synth 8-6157] synthesizing module 'm01_nodes_imp_SCSRSN' [c:/Users/tbnrs/Documents/Development/hdl_group_project_sc/hdl_group_project.gen/sources_1/bd/ip_integrator/ip/ip_integrator_smartconnect_0_0/bd_0/synth/bd_d914.v:2856]
INFO: [Synth 8-6157] synthesizing module 'bd_d914_m01arn_0' [c:/Users/tbnrs/Documents/Development/hdl_group_project_sc/hdl_group_project.gen/sources_1/bd/ip_integrator/ip/ip_integrator_smartconnect_0_0/bd_0/ip/ip_24/synth/bd_d914_m01arn_0.sv:58]
INFO: [Synth 8-6155] done synthesizing module 'bd_d914_m01arn_0' (93#1) [c:/Users/tbnrs/Documents/Development/hdl_group_project_sc/hdl_group_project.gen/sources_1/bd/ip_integrator/ip/ip_integrator_smartconnect_0_0/bd_0/ip/ip_24/synth/bd_d914_m01arn_0.sv:58]
INFO: [Synth 8-6157] synthesizing module 'bd_d914_m01awn_0' [c:/Users/tbnrs/Documents/Development/hdl_group_project_sc/hdl_group_project.gen/sources_1/bd/ip_integrator/ip/ip_integrator_smartconnect_0_0/bd_0/ip/ip_26/synth/bd_d914_m01awn_0.sv:58]
INFO: [Synth 8-6155] done synthesizing module 'bd_d914_m01awn_0' (94#1) [c:/Users/tbnrs/Documents/Development/hdl_group_project_sc/hdl_group_project.gen/sources_1/bd/ip_integrator/ip/ip_integrator_smartconnect_0_0/bd_0/ip/ip_26/synth/bd_d914_m01awn_0.sv:58]
INFO: [Synth 8-6157] synthesizing module 'bd_d914_m01bn_0' [c:/Users/tbnrs/Documents/Development/hdl_group_project_sc/hdl_group_project.gen/sources_1/bd/ip_integrator/ip/ip_integrator_smartconnect_0_0/bd_0/ip/ip_28/synth/bd_d914_m01bn_0.sv:58]
INFO: [Synth 8-6155] done synthesizing module 'bd_d914_m01bn_0' (95#1) [c:/Users/tbnrs/Documents/Development/hdl_group_project_sc/hdl_group_project.gen/sources_1/bd/ip_integrator/ip/ip_integrator_smartconnect_0_0/bd_0/ip/ip_28/synth/bd_d914_m01bn_0.sv:58]
INFO: [Synth 8-6157] synthesizing module 'bd_d914_m01rn_0' [c:/Users/tbnrs/Documents/Development/hdl_group_project_sc/hdl_group_project.gen/sources_1/bd/ip_integrator/ip/ip_integrator_smartconnect_0_0/bd_0/ip/ip_25/synth/bd_d914_m01rn_0.sv:58]
INFO: [Synth 8-6155] done synthesizing module 'bd_d914_m01rn_0' (96#1) [c:/Users/tbnrs/Documents/Development/hdl_group_project_sc/hdl_group_project.gen/sources_1/bd/ip_integrator/ip/ip_integrator_smartconnect_0_0/bd_0/ip/ip_25/synth/bd_d914_m01rn_0.sv:58]
INFO: [Synth 8-6157] synthesizing module 'bd_d914_m01wn_0' [c:/Users/tbnrs/Documents/Development/hdl_group_project_sc/hdl_group_project.gen/sources_1/bd/ip_integrator/ip/ip_integrator_smartconnect_0_0/bd_0/ip/ip_27/synth/bd_d914_m01wn_0.sv:58]
INFO: [Synth 8-6155] done synthesizing module 'bd_d914_m01wn_0' (97#1) [c:/Users/tbnrs/Documents/Development/hdl_group_project_sc/hdl_group_project.gen/sources_1/bd/ip_integrator/ip/ip_integrator_smartconnect_0_0/bd_0/ip/ip_27/synth/bd_d914_m01wn_0.sv:58]
INFO: [Synth 8-6155] done synthesizing module 'm01_nodes_imp_SCSRSN' (98#1) [c:/Users/tbnrs/Documents/Development/hdl_group_project_sc/hdl_group_project.gen/sources_1/bd/ip_integrator/ip/ip_integrator_smartconnect_0_0/bd_0/synth/bd_d914.v:2856]
INFO: [Synth 8-6157] synthesizing module 'bd_d914_m01s2a_0' [c:/Users/tbnrs/Documents/Development/hdl_group_project_sc/hdl_group_project.gen/sources_1/bd/ip_integrator/ip/ip_integrator_smartconnect_0_0/bd_0/ip/ip_23/synth/bd_d914_m01s2a_0.sv:58]
INFO: [Synth 8-6155] done synthesizing module 'bd_d914_m01s2a_0' (99#1) [c:/Users/tbnrs/Documents/Development/hdl_group_project_sc/hdl_group_project.gen/sources_1/bd/ip_integrator/ip/ip_integrator_smartconnect_0_0/bd_0/ip/ip_23/synth/bd_d914_m01s2a_0.sv:58]
INFO: [Synth 8-6157] synthesizing module 'm02_exit_pipeline_imp_1102UEL' [c:/Users/tbnrs/Documents/Development/hdl_group_project_sc/hdl_group_project.gen/sources_1/bd/ip_integrator/ip/ip_integrator_smartconnect_0_0/bd_0/synth/bd_d914.v:3152]
INFO: [Synth 8-6157] synthesizing module 'bd_d914_m02e_0' [c:/Users/tbnrs/Documents/Development/hdl_group_project_sc/hdl_group_project.gen/sources_1/bd/ip_integrator/ip/ip_integrator_smartconnect_0_0/bd_0/ip/ip_36/synth/bd_d914_m02e_0.sv:58]
INFO: [Synth 8-6155] done synthesizing module 'bd_d914_m02e_0' (101#1) [c:/Users/tbnrs/Documents/Development/hdl_group_project_sc/hdl_group_project.gen/sources_1/bd/ip_integrator/ip/ip_integrator_smartconnect_0_0/bd_0/ip/ip_36/synth/bd_d914_m02e_0.sv:58]
INFO: [Synth 8-6155] done synthesizing module 'm02_exit_pipeline_imp_1102UEL' (102#1) [c:/Users/tbnrs/Documents/Development/hdl_group_project_sc/hdl_group_project.gen/sources_1/bd/ip_integrator/ip/ip_integrator_smartconnect_0_0/bd_0/synth/bd_d914.v:3152]
INFO: [Synth 8-6157] synthesizing module 'm02_nodes_imp_7AUYY4' [c:/Users/tbnrs/Documents/Development/hdl_group_project_sc/hdl_group_project.gen/sources_1/bd/ip_integrator/ip/ip_integrator_smartconnect_0_0/bd_0/synth/bd_d914.v:3453]
INFO: [Synth 8-6157] synthesizing module 'bd_d914_m02arn_0' [c:/Users/tbnrs/Documents/Development/hdl_group_project_sc/hdl_group_project.gen/sources_1/bd/ip_integrator/ip/ip_integrator_smartconnect_0_0/bd_0/ip/ip_31/synth/bd_d914_m02arn_0.sv:58]
INFO: [Synth 8-6155] done synthesizing module 'bd_d914_m02arn_0' (103#1) [c:/Users/tbnrs/Documents/Development/hdl_group_project_sc/hdl_group_project.gen/sources_1/bd/ip_integrator/ip/ip_integrator_smartconnect_0_0/bd_0/ip/ip_31/synth/bd_d914_m02arn_0.sv:58]
INFO: [Synth 8-6157] synthesizing module 'bd_d914_m02awn_0' [c:/Users/tbnrs/Documents/Development/hdl_group_project_sc/hdl_group_project.gen/sources_1/bd/ip_integrator/ip/ip_integrator_smartconnect_0_0/bd_0/ip/ip_33/synth/bd_d914_m02awn_0.sv:58]
INFO: [Synth 8-6155] done synthesizing module 'bd_d914_m02awn_0' (104#1) [c:/Users/tbnrs/Documents/Development/hdl_group_project_sc/hdl_group_project.gen/sources_1/bd/ip_integrator/ip/ip_integrator_smartconnect_0_0/bd_0/ip/ip_33/synth/bd_d914_m02awn_0.sv:58]
INFO: [Synth 8-6157] synthesizing module 'bd_d914_m02bn_0' [c:/Users/tbnrs/Documents/Development/hdl_group_project_sc/hdl_group_project.gen/sources_1/bd/ip_integrator/ip/ip_integrator_smartconnect_0_0/bd_0/ip/ip_35/synth/bd_d914_m02bn_0.sv:58]
INFO: [Synth 8-6155] done synthesizing module 'bd_d914_m02bn_0' (105#1) [c:/Users/tbnrs/Documents/Development/hdl_group_project_sc/hdl_group_project.gen/sources_1/bd/ip_integrator/ip/ip_integrator_smartconnect_0_0/bd_0/ip/ip_35/synth/bd_d914_m02bn_0.sv:58]
INFO: [Synth 8-6157] synthesizing module 'bd_d914_m02rn_0' [c:/Users/tbnrs/Documents/Development/hdl_group_project_sc/hdl_group_project.gen/sources_1/bd/ip_integrator/ip/ip_integrator_smartconnect_0_0/bd_0/ip/ip_32/synth/bd_d914_m02rn_0.sv:58]
INFO: [Synth 8-6155] done synthesizing module 'bd_d914_m02rn_0' (106#1) [c:/Users/tbnrs/Documents/Development/hdl_group_project_sc/hdl_group_project.gen/sources_1/bd/ip_integrator/ip/ip_integrator_smartconnect_0_0/bd_0/ip/ip_32/synth/bd_d914_m02rn_0.sv:58]
INFO: [Synth 8-6157] synthesizing module 'bd_d914_m02wn_0' [c:/Users/tbnrs/Documents/Development/hdl_group_project_sc/hdl_group_project.gen/sources_1/bd/ip_integrator/ip/ip_integrator_smartconnect_0_0/bd_0/ip/ip_34/synth/bd_d914_m02wn_0.sv:58]
INFO: [Synth 8-6155] done synthesizing module 'bd_d914_m02wn_0' (107#1) [c:/Users/tbnrs/Documents/Development/hdl_group_project_sc/hdl_group_project.gen/sources_1/bd/ip_integrator/ip/ip_integrator_smartconnect_0_0/bd_0/ip/ip_34/synth/bd_d914_m02wn_0.sv:58]
INFO: [Synth 8-6155] done synthesizing module 'm02_nodes_imp_7AUYY4' (108#1) [c:/Users/tbnrs/Documents/Development/hdl_group_project_sc/hdl_group_project.gen/sources_1/bd/ip_integrator/ip/ip_integrator_smartconnect_0_0/bd_0/synth/bd_d914.v:3453]
INFO: [Synth 8-6157] synthesizing module 'bd_d914_m02s2a_0' [c:/Users/tbnrs/Documents/Development/hdl_group_project_sc/hdl_group_project.gen/sources_1/bd/ip_integrator/ip/ip_integrator_smartconnect_0_0/bd_0/ip/ip_30/synth/bd_d914_m02s2a_0.sv:58]
INFO: [Synth 8-6155] done synthesizing module 'bd_d914_m02s2a_0' (109#1) [c:/Users/tbnrs/Documents/Development/hdl_group_project_sc/hdl_group_project.gen/sources_1/bd/ip_integrator/ip/ip_integrator_smartconnect_0_0/bd_0/ip/ip_30/synth/bd_d914_m02s2a_0.sv:58]
INFO: [Synth 8-6157] synthesizing module 'bd_d914_s00a2s_0' [c:/Users/tbnrs/Documents/Development/hdl_group_project_sc/hdl_group_project.gen/sources_1/bd/ip_integrator/ip/ip_integrator_smartconnect_0_0/bd_0/ip/ip_10/synth/bd_d914_s00a2s_0.sv:58]
INFO: [Synth 8-6155] done synthesizing module 'bd_d914_s00a2s_0' (111#1) [c:/Users/tbnrs/Documents/Development/hdl_group_project_sc/hdl_group_project.gen/sources_1/bd/ip_integrator/ip/ip_integrator_smartconnect_0_0/bd_0/ip/ip_10/synth/bd_d914_s00a2s_0.sv:58]
INFO: [Synth 8-6157] synthesizing module 's00_entry_pipeline_imp_B4WBU6' [c:/Users/tbnrs/Documents/Development/hdl_group_project_sc/hdl_group_project.gen/sources_1/bd/ip_integrator/ip/ip_integrator_smartconnect_0_0/bd_0/synth/bd_d914.v:3749]
INFO: [Synth 8-6157] synthesizing module 'bd_d914_s00mmu_0' [c:/Users/tbnrs/Documents/Development/hdl_group_project_sc/hdl_group_project.gen/sources_1/bd/ip_integrator/ip/ip_integrator_smartconnect_0_0/bd_0/ip/ip_7/synth/bd_d914_s00mmu_0.sv:59]
INFO: [Synth 8-6155] done synthesizing module 'bd_d914_s00mmu_0' (116#1) [c:/Users/tbnrs/Documents/Development/hdl_group_project_sc/hdl_group_project.gen/sources_1/bd/ip_integrator/ip/ip_integrator_smartconnect_0_0/bd_0/ip/ip_7/synth/bd_d914_s00mmu_0.sv:59]
INFO: [Synth 8-6157] synthesizing module 'bd_d914_s00sic_0' [c:/Users/tbnrs/Documents/Development/hdl_group_project_sc/hdl_group_project.gen/sources_1/bd/ip_integrator/ip/ip_integrator_smartconnect_0_0/bd_0/ip/ip_9/synth/bd_d914_s00sic_0.sv:59]
INFO: [Synth 8-6155] done synthesizing module 'bd_d914_s00sic_0' (122#1) [c:/Users/tbnrs/Documents/Development/hdl_group_project_sc/hdl_group_project.gen/sources_1/bd/ip_integrator/ip/ip_integrator_smartconnect_0_0/bd_0/ip/ip_9/synth/bd_d914_s00sic_0.sv:59]
INFO: [Synth 8-6157] synthesizing module 'bd_d914_s00tr_0' [c:/Users/tbnrs/Documents/Development/hdl_group_project_sc/hdl_group_project.gen/sources_1/bd/ip_integrator/ip/ip_integrator_smartconnect_0_0/bd_0/ip/ip_8/synth/bd_d914_s00tr_0.sv:58]
INFO: [Synth 8-6155] done synthesizing module 'bd_d914_s00tr_0' (125#1) [c:/Users/tbnrs/Documents/Development/hdl_group_project_sc/hdl_group_project.gen/sources_1/bd/ip_integrator/ip/ip_integrator_smartconnect_0_0/bd_0/ip/ip_8/synth/bd_d914_s00tr_0.sv:58]
INFO: [Synth 8-6155] done synthesizing module 's00_entry_pipeline_imp_B4WBU6' (126#1) [c:/Users/tbnrs/Documents/Development/hdl_group_project_sc/hdl_group_project.gen/sources_1/bd/ip_integrator/ip/ip_integrator_smartconnect_0_0/bd_0/synth/bd_d914.v:3749]
INFO: [Synth 8-6157] synthesizing module 's00_nodes_imp_H3E6ES' [c:/Users/tbnrs/Documents/Development/hdl_group_project_sc/hdl_group_project.gen/sources_1/bd/ip_integrator/ip/ip_integrator_smartconnect_0_0/bd_0/synth/bd_d914.v:4403]
INFO: [Synth 8-6157] synthesizing module 'bd_d914_sarn_0' [c:/Users/tbnrs/Documents/Development/hdl_group_project_sc/hdl_group_project.gen/sources_1/bd/ip_integrator/ip/ip_integrator_smartconnect_0_0/bd_0/ip/ip_11/synth/bd_d914_sarn_0.sv:58]
INFO: [Synth 8-6157] synthesizing module 'xpm_memory_sdpram__parameterized5' [C:/Xilinx/Vivado/2021.2/data/ip/xpm/xpm_memory/hdl/xpm_memory.sv:8471]
INFO: [Synth 8-6157] synthesizing module 'xpm_memory_base__parameterized5' [C:/Xilinx/Vivado/2021.2/data/ip/xpm/xpm_memory/hdl/xpm_memory.sv:57]
INFO: [Synth 8-6155] done synthesizing module 'xpm_memory_base__parameterized5' (126#1) [C:/Xilinx/Vivado/2021.2/data/ip/xpm/xpm_memory/hdl/xpm_memory.sv:57]
INFO: [Synth 8-6155] done synthesizing module 'xpm_memory_sdpram__parameterized5' (126#1) [C:/Xilinx/Vivado/2021.2/data/ip/xpm/xpm_memory/hdl/xpm_memory.sv:8471]
INFO: [Synth 8-6157] synthesizing module 'xpm_memory_sdpram__parameterized6' [C:/Xilinx/Vivado/2021.2/data/ip/xpm/xpm_memory/hdl/xpm_memory.sv:8471]
INFO: [Synth 8-6157] synthesizing module 'xpm_memory_base__parameterized6' [C:/Xilinx/Vivado/2021.2/data/ip/xpm/xpm_memory/hdl/xpm_memory.sv:57]
INFO: [Synth 8-6155] done synthesizing module 'xpm_memory_base__parameterized6' (126#1) [C:/Xilinx/Vivado/2021.2/data/ip/xpm/xpm_memory/hdl/xpm_memory.sv:57]
INFO: [Synth 8-6155] done synthesizing module 'xpm_memory_sdpram__parameterized6' (126#1) [C:/Xilinx/Vivado/2021.2/data/ip/xpm/xpm_memory/hdl/xpm_memory.sv:8471]
INFO: [Synth 8-6155] done synthesizing module 'bd_d914_sarn_0' (127#1) [c:/Users/tbnrs/Documents/Development/hdl_group_project_sc/hdl_group_project.gen/sources_1/bd/ip_integrator/ip/ip_integrator_smartconnect_0_0/bd_0/ip/ip_11/synth/bd_d914_sarn_0.sv:58]
INFO: [Synth 8-6157] synthesizing module 'bd_d914_sawn_0' [c:/Users/tbnrs/Documents/Development/hdl_group_project_sc/hdl_group_project.gen/sources_1/bd/ip_integrator/ip/ip_integrator_smartconnect_0_0/bd_0/ip/ip_13/synth/bd_d914_sawn_0.sv:58]
INFO: [Synth 8-6155] done synthesizing module 'bd_d914_sawn_0' (128#1) [c:/Users/tbnrs/Documents/Development/hdl_group_project_sc/hdl_group_project.gen/sources_1/bd/ip_integrator/ip/ip_integrator_smartconnect_0_0/bd_0/ip/ip_13/synth/bd_d914_sawn_0.sv:58]
INFO: [Synth 8-6157] synthesizing module 'bd_d914_sbn_0' [c:/Users/tbnrs/Documents/Development/hdl_group_project_sc/hdl_group_project.gen/sources_1/bd/ip_integrator/ip/ip_integrator_smartconnect_0_0/bd_0/ip/ip_15/synth/bd_d914_sbn_0.sv:58]
INFO: [Synth 8-6157] synthesizing module 'xpm_memory_sdpram__parameterized7' [C:/Xilinx/Vivado/2021.2/data/ip/xpm/xpm_memory/hdl/xpm_memory.sv:8471]
INFO: [Synth 8-6157] synthesizing module 'xpm_memory_base__parameterized7' [C:/Xilinx/Vivado/2021.2/data/ip/xpm/xpm_memory/hdl/xpm_memory.sv:57]
INFO: [Synth 8-6155] done synthesizing module 'xpm_memory_base__parameterized7' (129#1) [C:/Xilinx/Vivado/2021.2/data/ip/xpm/xpm_memory/hdl/xpm_memory.sv:57]
INFO: [Synth 8-6155] done synthesizing module 'xpm_memory_sdpram__parameterized7' (129#1) [C:/Xilinx/Vivado/2021.2/data/ip/xpm/xpm_memory/hdl/xpm_memory.sv:8471]
INFO: [Synth 8-6155] done synthesizing module 'bd_d914_sbn_0' (130#1) [c:/Users/tbnrs/Documents/Development/hdl_group_project_sc/hdl_group_project.gen/sources_1/bd/ip_integrator/ip/ip_integrator_smartconnect_0_0/bd_0/ip/ip_15/synth/bd_d914_sbn_0.sv:58]
INFO: [Synth 8-6157] synthesizing module 'bd_d914_srn_0' [c:/Users/tbnrs/Documents/Development/hdl_group_project_sc/hdl_group_project.gen/sources_1/bd/ip_integrator/ip/ip_integrator_smartconnect_0_0/bd_0/ip/ip_12/synth/bd_d914_srn_0.sv:58]
INFO: [Synth 8-6155] done synthesizing module 'bd_d914_srn_0' (131#1) [c:/Users/tbnrs/Documents/Development/hdl_group_project_sc/hdl_group_project.gen/sources_1/bd/ip_integrator/ip/ip_integrator_smartconnect_0_0/bd_0/ip/ip_12/synth/bd_d914_srn_0.sv:58]
INFO: [Synth 8-6157] synthesizing module 'bd_d914_swn_0' [c:/Users/tbnrs/Documents/Development/hdl_group_project_sc/hdl_group_project.gen/sources_1/bd/ip_integrator/ip/ip_integrator_smartconnect_0_0/bd_0/ip/ip_14/synth/bd_d914_swn_0.sv:58]
INFO: [Synth 8-6157] synthesizing module 'xpm_memory_sdpram__parameterized8' [C:/Xilinx/Vivado/2021.2/data/ip/xpm/xpm_memory/hdl/xpm_memory.sv:8471]
INFO: [Synth 8-6157] synthesizing module 'xpm_memory_base__parameterized8' [C:/Xilinx/Vivado/2021.2/data/ip/xpm/xpm_memory/hdl/xpm_memory.sv:57]
INFO: [Synth 8-6155] done synthesizing module 'xpm_memory_base__parameterized8' (131#1) [C:/Xilinx/Vivado/2021.2/data/ip/xpm/xpm_memory/hdl/xpm_memory.sv:57]
INFO: [Synth 8-6155] done synthesizing module 'xpm_memory_sdpram__parameterized8' (131#1) [C:/Xilinx/Vivado/2021.2/data/ip/xpm/xpm_memory/hdl/xpm_memory.sv:8471]
INFO: [Synth 8-6155] done synthesizing module 'bd_d914_swn_0' (132#1) [c:/Users/tbnrs/Documents/Development/hdl_group_project_sc/hdl_group_project.gen/sources_1/bd/ip_integrator/ip/ip_integrator_smartconnect_0_0/bd_0/ip/ip_14/synth/bd_d914_swn_0.sv:58]
INFO: [Synth 8-6155] done synthesizing module 's00_nodes_imp_H3E6ES' (133#1) [c:/Users/tbnrs/Documents/Development/hdl_group_project_sc/hdl_group_project.gen/sources_1/bd/ip_integrator/ip/ip_integrator_smartconnect_0_0/bd_0/synth/bd_d914.v:4403]
INFO: [Synth 8-6157] synthesizing module 'switchboards_imp_NZ98TC' [c:/Users/tbnrs/Documents/Development/hdl_group_project_sc/hdl_group_project.gen/sources_1/bd/ip_integrator/ip/ip_integrator_smartconnect_0_0/bd_0/synth/bd_d914.v:4699]
INFO: [Synth 8-6157] synthesizing module 'bd_d914_arsw_0' [c:/Users/tbnrs/Documents/Development/hdl_group_project_sc/hdl_group_project.gen/sources_1/bd/ip_integrator/ip/ip_integrator_smartconnect_0_0/bd_0/ip/ip_2/synth/bd_d914_arsw_0.sv:57]
INFO: [Synth 8-6155] done synthesizing module 'bd_d914_arsw_0' (136#1) [c:/Users/tbnrs/Documents/Development/hdl_group_project_sc/hdl_group_project.gen/sources_1/bd/ip_integrator/ip/ip_integrator_smartconnect_0_0/bd_0/ip/ip_2/synth/bd_d914_arsw_0.sv:57]
INFO: [Synth 8-6157] synthesizing module 'bd_d914_awsw_0' [c:/Users/tbnrs/Documents/Development/hdl_group_project_sc/hdl_group_project.gen/sources_1/bd/ip_integrator/ip/ip_integrator_smartconnect_0_0/bd_0/ip/ip_4/synth/bd_d914_awsw_0.sv:57]
INFO: [Synth 8-6155] done synthesizing module 'bd_d914_awsw_0' (137#1) [c:/Users/tbnrs/Documents/Development/hdl_group_project_sc/hdl_group_project.gen/sources_1/bd/ip_integrator/ip/ip_integrator_smartconnect_0_0/bd_0/ip/ip_4/synth/bd_d914_awsw_0.sv:57]
INFO: [Synth 8-6157] synthesizing module 'bd_d914_bsw_0' [c:/Users/tbnrs/Documents/Development/hdl_group_project_sc/hdl_group_project.gen/sources_1/bd/ip_integrator/ip/ip_integrator_smartconnect_0_0/bd_0/ip/ip_6/synth/bd_d914_bsw_0.sv:57]
INFO: [Synth 8-6155] done synthesizing module 'bd_d914_bsw_0' (138#1) [c:/Users/tbnrs/Documents/Development/hdl_group_project_sc/hdl_group_project.gen/sources_1/bd/ip_integrator/ip/ip_integrator_smartconnect_0_0/bd_0/ip/ip_6/synth/bd_d914_bsw_0.sv:57]
INFO: [Synth 8-6157] synthesizing module 'bd_d914_rsw_0' [c:/Users/tbnrs/Documents/Development/hdl_group_project_sc/hdl_group_project.gen/sources_1/bd/ip_integrator/ip/ip_integrator_smartconnect_0_0/bd_0/ip/ip_3/synth/bd_d914_rsw_0.sv:57]
INFO: [Synth 8-6155] done synthesizing module 'bd_d914_rsw_0' (139#1) [c:/Users/tbnrs/Documents/Development/hdl_group_project_sc/hdl_group_project.gen/sources_1/bd/ip_integrator/ip/ip_integrator_smartconnect_0_0/bd_0/ip/ip_3/synth/bd_d914_rsw_0.sv:57]
INFO: [Synth 8-6157] synthesizing module 'bd_d914_wsw_0' [c:/Users/tbnrs/Documents/Development/hdl_group_project_sc/hdl_group_project.gen/sources_1/bd/ip_integrator/ip/ip_integrator_smartconnect_0_0/bd_0/ip/ip_5/synth/bd_d914_wsw_0.sv:57]
INFO: [Synth 8-6155] done synthesizing module 'bd_d914_wsw_0' (140#1) [c:/Users/tbnrs/Documents/Development/hdl_group_project_sc/hdl_group_project.gen/sources_1/bd/ip_integrator/ip/ip_integrator_smartconnect_0_0/bd_0/ip/ip_5/synth/bd_d914_wsw_0.sv:57]
INFO: [Synth 8-6155] done synthesizing module 'switchboards_imp_NZ98TC' (141#1) [c:/Users/tbnrs/Documents/Development/hdl_group_project_sc/hdl_group_project.gen/sources_1/bd/ip_integrator/ip/ip_integrator_smartconnect_0_0/bd_0/synth/bd_d914.v:4699]
INFO: [Synth 8-6155] done synthesizing module 'bd_d914' (142#1) [c:/Users/tbnrs/Documents/Development/hdl_group_project_sc/hdl_group_project.gen/sources_1/bd/ip_integrator/ip/ip_integrator_smartconnect_0_0/bd_0/synth/bd_d914.v:10]
INFO: [Synth 8-6155] done synthesizing module 'ip_integrator_smartconnect_0_0' (143#1) [c:/Users/tbnrs/Documents/Development/hdl_group_project_sc/hdl_group_project.gen/sources_1/bd/ip_integrator/ip/ip_integrator_smartconnect_0_0/synth/ip_integrator_smartconnect_0_0.v:57]
WARNING: [Synth 8-7071] port 'M00_AXI_awqos' of module 'ip_integrator_smartconnect_0_0' is unconnected for instance 'smartconnect_0' [c:/Users/tbnrs/Documents/Development/hdl_group_project_sc/hdl_group_project.gen/sources_1/bd/ip_integrator/synth/ip_integrator.v:446]
WARNING: [Synth 8-7071] port 'M00_AXI_arqos' of module 'ip_integrator_smartconnect_0_0' is unconnected for instance 'smartconnect_0' [c:/Users/tbnrs/Documents/Development/hdl_group_project_sc/hdl_group_project.gen/sources_1/bd/ip_integrator/synth/ip_integrator.v:446]
WARNING: [Synth 8-7071] port 'M01_AXI_awqos' of module 'ip_integrator_smartconnect_0_0' is unconnected for instance 'smartconnect_0' [c:/Users/tbnrs/Documents/Development/hdl_group_project_sc/hdl_group_project.gen/sources_1/bd/ip_integrator/synth/ip_integrator.v:446]
WARNING: [Synth 8-7071] port 'M01_AXI_arqos' of module 'ip_integrator_smartconnect_0_0' is unconnected for instance 'smartconnect_0' [c:/Users/tbnrs/Documents/Development/hdl_group_project_sc/hdl_group_project.gen/sources_1/bd/ip_integrator/synth/ip_integrator.v:446]
WARNING: [Synth 8-7071] port 'M02_AXI_awprot' of module 'ip_integrator_smartconnect_0_0' is unconnected for instance 'smartconnect_0' [c:/Users/tbnrs/Documents/Development/hdl_group_project_sc/hdl_group_project.gen/sources_1/bd/ip_integrator/synth/ip_integrator.v:446]
WARNING: [Synth 8-7071] port 'M02_AXI_arprot' of module 'ip_integrator_smartconnect_0_0' is unconnected for instance 'smartconnect_0' [c:/Users/tbnrs/Documents/Development/hdl_group_project_sc/hdl_group_project.gen/sources_1/bd/ip_integrator/synth/ip_integrator.v:446]
WARNING: [Synth 8-7023] instance 'smartconnect_0' of module 'ip_integrator_smartconnect_0_0' has 125 connections declared, but only 119 given [c:/Users/tbnrs/Documents/Development/hdl_group_project_sc/hdl_group_project.gen/sources_1/bd/ip_integrator/synth/ip_integrator.v:446]
INFO: [Synth 8-6155] done synthesizing module 'ip_integrator' (144#1) [c:/Users/tbnrs/Documents/Development/hdl_group_project_sc/hdl_group_project.gen/sources_1/bd/ip_integrator/synth/ip_integrator.v:13]
INFO: [Synth 8-6155] done synthesizing module 'ip_integrator_wrapper' (145#1) [C:/Users/tbnrs/Documents/Development/hdl_group_project_sc/hdl_group_project.gen/sources_1/bd/ip_integrator/hdl/ip_integrator_wrapper.v:12]
WARNING: [Synth 8-7129] Port aclk in module sc_util_v1_0_4_pipeline__parameterized0 is either unconnected or has no load
WARNING: [Synth 8-7129] Port aclken in module sc_util_v1_0_4_pipeline__parameterized0 is either unconnected or has no load
WARNING: [Synth 8-7129] Port areset in module sc_util_v1_0_4_pipeline__parameterized0 is either unconnected or has no load
WARNING: [Synth 8-7129] Port din[0] in module sc_util_v1_0_4_onehot_to_binary__parameterized2 is either unconnected or has no load
WARNING: [Synth 8-7129] Port aclk in module sc_util_v1_0_4_pipeline__parameterized5 is either unconnected or has no load
WARNING: [Synth 8-7129] Port aclken in module sc_util_v1_0_4_pipeline__parameterized5 is either unconnected or has no load
WARNING: [Synth 8-7129] Port areset in module sc_util_v1_0_4_pipeline__parameterized5 is either unconnected or has no load
WARNING: [Synth 8-7129] Port connectivity[2] in module sc_switchboard_v1_0_6_top__parameterized2 is either unconnected or has no load
WARNING: [Synth 8-7129] Port connectivity[1] in module sc_switchboard_v1_0_6_top__parameterized2 is either unconnected or has no load
WARNING: [Synth 8-7129] Port connectivity[0] in module sc_switchboard_v1_0_6_top__parameterized2 is either unconnected or has no load
WARNING: [Synth 8-7129] Port aclk in module sc_util_v1_0_4_pipeline__parameterized9 is either unconnected or has no load
WARNING: [Synth 8-7129] Port aclken in module sc_util_v1_0_4_pipeline__parameterized9 is either unconnected or has no load
WARNING: [Synth 8-7129] Port areset in module sc_util_v1_0_4_pipeline__parameterized9 is either unconnected or has no load
WARNING: [Synth 8-7129] Port din[0] in module sc_util_v1_0_4_onehot_to_binary__parameterized3 is either unconnected or has no load
WARNING: [Synth 8-7129] Port aclk in module sc_util_v1_0_4_pipeline__parameterized4 is either unconnected or has no load
WARNING: [Synth 8-7129] Port aclken in module sc_util_v1_0_4_pipeline__parameterized4 is either unconnected or has no load
WARNING: [Synth 8-7129] Port areset in module sc_util_v1_0_4_pipeline__parameterized4 is either unconnected or has no load
WARNING: [Synth 8-7129] Port connectivity[2] in module sc_switchboard_v1_0_6_top__parameterized1 is either unconnected or has no load
WARNING: [Synth 8-7129] Port connectivity[1] in module sc_switchboard_v1_0_6_top__parameterized1 is either unconnected or has no load
WARNING: [Synth 8-7129] Port connectivity[0] in module sc_switchboard_v1_0_6_top__parameterized1 is either unconnected or has no load
WARNING: [Synth 8-7129] Port aclk in module sc_util_v1_0_4_pipeline__parameterized3 is either unconnected or has no load
WARNING: [Synth 8-7129] Port aclken in module sc_util_v1_0_4_pipeline__parameterized3 is either unconnected or has no load
WARNING: [Synth 8-7129] Port areset in module sc_util_v1_0_4_pipeline__parameterized3 is either unconnected or has no load
WARNING: [Synth 8-7129] Port connectivity[2] in module sc_switchboard_v1_0_6_top__parameterized0 is either unconnected or has no load
WARNING: [Synth 8-7129] Port connectivity[1] in module sc_switchboard_v1_0_6_top__parameterized0 is either unconnected or has no load
WARNING: [Synth 8-7129] Port connectivity[0] in module sc_switchboard_v1_0_6_top__parameterized0 is either unconnected or has no load
WARNING: [Synth 8-7129] Port aclk in module sc_util_v1_0_4_pipeline__parameterized1 is either unconnected or has no load
WARNING: [Synth 8-7129] Port aclken in module sc_util_v1_0_4_pipeline__parameterized1 is either unconnected or has no load
WARNING: [Synth 8-7129] Port areset in module sc_util_v1_0_4_pipeline__parameterized1 is either unconnected or has no load
WARNING: [Synth 8-7129] Port connectivity[2] in module sc_switchboard_v1_0_6_top is either unconnected or has no load
WARNING: [Synth 8-7129] Port connectivity[1] in module sc_switchboard_v1_0_6_top is either unconnected or has no load
WARNING: [Synth 8-7129] Port connectivity[0] in module sc_switchboard_v1_0_6_top is either unconnected or has no load
WARNING: [Synth 8-7129] Port aresetn in module switchboards_imp_NZ98TC is either unconnected or has no load
WARNING: [Synth 8-7129] Port din[0] in module sc_util_v1_0_4_onehot_to_binary is either unconnected or has no load
WARNING: [Synth 8-7129] Port sleep in module xpm_memory_base__parameterized8 is either unconnected or has no load
WARNING: [Synth 8-7129] Port rsta in module xpm_memory_base__parameterized8 is either unconnected or has no load
WARNING: [Synth 8-7129] Port regcea in module xpm_memory_base__parameterized8 is either unconnected or has no load
WARNING: [Synth 8-7129] Port injectsbiterra in module xpm_memory_base__parameterized8 is either unconnected or has no load
WARNING: [Synth 8-7129] Port injectdbiterra in module xpm_memory_base__parameterized8 is either unconnected or has no load
WARNING: [Synth 8-7129] Port clkb in module xpm_memory_base__parameterized8 is either unconnected or has no load
WARNING: [Synth 8-7129] Port regceb in module xpm_memory_base__parameterized8 is either unconnected or has no load
WARNING: [Synth 8-7129] Port web[0] in module xpm_memory_base__parameterized8 is either unconnected or has no load
WARNING: [Synth 8-7129] Port dinb[53] in module xpm_memory_base__parameterized8 is either unconnected or has no load
WARNING: [Synth 8-7129] Port dinb[52] in module xpm_memory_base__parameterized8 is either unconnected or has no load
WARNING: [Synth 8-7129] Port dinb[51] in module xpm_memory_base__parameterized8 is either unconnected or has no load
WARNING: [Synth 8-7129] Port dinb[50] in module xpm_memory_base__parameterized8 is either unconnected or has no load
WARNING: [Synth 8-7129] Port dinb[49] in module xpm_memory_base__parameterized8 is either unconnected or has no load
WARNING: [Synth 8-7129] Port dinb[48] in module xpm_memory_base__parameterized8 is either unconnected or has no load
WARNING: [Synth 8-7129] Port dinb[47] in module xpm_memory_base__parameterized8 is either unconnected or has no load
WARNING: [Synth 8-7129] Port dinb[46] in module xpm_memory_base__parameterized8 is either unconnected or has no load
WARNING: [Synth 8-7129] Port dinb[45] in module xpm_memory_base__parameterized8 is either unconnected or has no load
WARNING: [Synth 8-7129] Port dinb[44] in module xpm_memory_base__parameterized8 is either unconnected or has no load
WARNING: [Synth 8-7129] Port dinb[43] in module xpm_memory_base__parameterized8 is either unconnected or has no load
WARNING: [Synth 8-7129] Port dinb[42] in module xpm_memory_base__parameterized8 is either unconnected or has no load
WARNING: [Synth 8-7129] Port dinb[41] in module xpm_memory_base__parameterized8 is either unconnected or has no load
WARNING: [Synth 8-7129] Port dinb[40] in module xpm_memory_base__parameterized8 is either unconnected or has no load
WARNING: [Synth 8-7129] Port dinb[39] in module xpm_memory_base__parameterized8 is either unconnected or has no load
WARNING: [Synth 8-7129] Port dinb[38] in module xpm_memory_base__parameterized8 is either unconnected or has no load
WARNING: [Synth 8-7129] Port dinb[37] in module xpm_memory_base__parameterized8 is either unconnected or has no load
WARNING: [Synth 8-7129] Port dinb[36] in module xpm_memory_base__parameterized8 is either unconnected or has no load
WARNING: [Synth 8-7129] Port dinb[35] in module xpm_memory_base__parameterized8 is either unconnected or has no load
WARNING: [Synth 8-7129] Port dinb[34] in module xpm_memory_base__parameterized8 is either unconnected or has no load
WARNING: [Synth 8-7129] Port dinb[33] in module xpm_memory_base__parameterized8 is either unconnected or has no load
WARNING: [Synth 8-7129] Port dinb[32] in module xpm_memory_base__parameterized8 is either unconnected or has no load
WARNING: [Synth 8-7129] Port dinb[31] in module xpm_memory_base__parameterized8 is either unconnected or has no load
WARNING: [Synth 8-7129] Port dinb[30] in module xpm_memory_base__parameterized8 is either unconnected or has no load
WARNING: [Synth 8-7129] Port dinb[29] in module xpm_memory_base__parameterized8 is either unconnected or has no load
WARNING: [Synth 8-7129] Port dinb[28] in module xpm_memory_base__parameterized8 is either unconnected or has no load
WARNING: [Synth 8-7129] Port dinb[27] in module xpm_memory_base__parameterized8 is either unconnected or has no load
WARNING: [Synth 8-7129] Port dinb[26] in module xpm_memory_base__parameterized8 is either unconnected or has no load
WARNING: [Synth 8-7129] Port dinb[25] in module xpm_memory_base__parameterized8 is either unconnected or has no load
WARNING: [Synth 8-7129] Port dinb[24] in module xpm_memory_base__parameterized8 is either unconnected or has no load
WARNING: [Synth 8-7129] Port dinb[23] in module xpm_memory_base__parameterized8 is either unconnected or has no load
WARNING: [Synth 8-7129] Port dinb[22] in module xpm_memory_base__parameterized8 is either unconnected or has no load
WARNING: [Synth 8-7129] Port dinb[21] in module xpm_memory_base__parameterized8 is either unconnected or has no load
WARNING: [Synth 8-7129] Port dinb[20] in module xpm_memory_base__parameterized8 is either unconnected or has no load
WARNING: [Synth 8-7129] Port dinb[19] in module xpm_memory_base__parameterized8 is either unconnected or has no load
WARNING: [Synth 8-7129] Port dinb[18] in module xpm_memory_base__parameterized8 is either unconnected or has no load
WARNING: [Synth 8-7129] Port dinb[17] in module xpm_memory_base__parameterized8 is either unconnected or has no load
WARNING: [Synth 8-7129] Port dinb[16] in module xpm_memory_base__parameterized8 is either unconnected or has no load
WARNING: [Synth 8-7129] Port dinb[15] in module xpm_memory_base__parameterized8 is either unconnected or has no load
WARNING: [Synth 8-7129] Port dinb[14] in module xpm_memory_base__parameterized8 is either unconnected or has no load
WARNING: [Synth 8-7129] Port dinb[13] in module xpm_memory_base__parameterized8 is either unconnected or has no load
WARNING: [Synth 8-7129] Port dinb[12] in module xpm_memory_base__parameterized8 is either unconnected or has no load
WARNING: [Synth 8-7129] Port dinb[11] in module xpm_memory_base__parameterized8 is either unconnected or has no load
WARNING: [Synth 8-7129] Port dinb[10] in module xpm_memory_base__parameterized8 is either unconnected or has no load
WARNING: [Synth 8-7129] Port dinb[9] in module xpm_memory_base__parameterized8 is either unconnected or has no load
WARNING: [Synth 8-7129] Port dinb[8] in module xpm_memory_base__parameterized8 is either unconnected or has no load
WARNING: [Synth 8-7129] Port dinb[7] in module xpm_memory_base__parameterized8 is either unconnected or has no load
WARNING: [Synth 8-7129] Port dinb[6] in module xpm_memory_base__parameterized8 is either unconnected or has no load
WARNING: [Synth 8-7129] Port dinb[5] in module xpm_memory_base__parameterized8 is either unconnected or has no load
WARNING: [Synth 8-7129] Port dinb[4] in module xpm_memory_base__parameterized8 is either unconnected or has no load
WARNING: [Synth 8-7129] Port dinb[3] in module xpm_memory_base__parameterized8 is either unconnected or has no load
WARNING: [Synth 8-7129] Port dinb[2] in module xpm_memory_base__parameterized8 is either unconnected or has no load
WARNING: [Synth 8-7129] Port dinb[1] in module xpm_memory_base__parameterized8 is either unconnected or has no load
WARNING: [Synth 8-7129] Port dinb[0] in module xpm_memory_base__parameterized8 is either unconnected or has no load
WARNING: [Synth 8-7129] Port injectsbiterrb in module xpm_memory_base__parameterized8 is either unconnected or has no load
WARNING: [Synth 8-7129] Port injectdbiterrb in module xpm_memory_base__parameterized8 is either unconnected or has no load
WARNING: [Synth 8-7129] Port sleep in module xpm_memory_base__parameterized5 is either unconnected or has no load
WARNING: [Synth 8-7129] Port rsta in module xpm_memory_base__parameterized5 is either unconnected or has no load
INFO: [Common 17-14] Message 'Synth 8-7129' appears 100 times and further instances of the messages will be disabled. Use the Tcl command set_msg_config to change the current settings.
---------------------------------------------------------------------------------
Finished RTL Elaboration : Time (s): cpu = 00:00:22 ; elapsed = 00:00:25 . Memory (MB): peak = 1566.387 ; gain = 304.703
---------------------------------------------------------------------------------
---------------------------------------------------------------------------------
Start Handling Custom Attributes
---------------------------------------------------------------------------------
---------------------------------------------------------------------------------
Finished Handling Custom Attributes : Time (s): cpu = 00:00:23 ; elapsed = 00:00:26 . Memory (MB): peak = 1566.387 ; gain = 304.703
---------------------------------------------------------------------------------
---------------------------------------------------------------------------------
Finished RTL Optimization Phase 1 : Time (s): cpu = 00:00:23 ; elapsed = 00:00:26 . Memory (MB): peak = 1566.387 ; gain = 304.703
---------------------------------------------------------------------------------
Netlist sorting complete. Time (s): cpu = 00:00:03 ; elapsed = 00:00:03 . Memory (MB): peak = 1673.438 ; gain = 4.305
INFO: [Netlist 29-17] Analyzing 54 Unisim elements for replacement
INFO: [Netlist 29-28] Unisim Transformation completed in 0 CPU seconds
INFO: [Project 1-570] Preparing netlist for logic optimization

Processing XDC Constraints
Initializing timing engine
Parsing XDC File [c:/Users/tbnrs/Documents/Development/hdl_group_project_sc/hdl_group_project.gen/sources_1/bd/ip_integrator/ip/ip_integrator_processing_system7_0_0/ip_integrator_processing_system7_0_0.xdc] for cell 'ip_integrator_i/processing_system7_0/inst'
Finished Parsing XDC File [c:/Users/tbnrs/Documents/Development/hdl_group_project_sc/hdl_group_project.gen/sources_1/bd/ip_integrator/ip/ip_integrator_processing_system7_0_0/ip_integrator_processing_system7_0_0.xdc] for cell 'ip_integrator_i/processing_system7_0/inst'
INFO: [Project 1-236] Implementation specific constraints were found while reading constraint file [c:/Users/tbnrs/Documents/Development/hdl_group_project_sc/hdl_group_project.gen/sources_1/bd/ip_integrator/ip/ip_integrator_processing_system7_0_0/ip_integrator_processing_system7_0_0.xdc]. These constraints will be ignored for synthesis but will be used in implementation. Impacted constraints are listed in the file [.Xil/ip_integrator_wrapper_propImpl.xdc].
Resolution: To avoid this warning, move constraints listed in [.Xil/ip_integrator_wrapper_propImpl.xdc] to another XDC file and exclude this new file from synthesis with the used_in_synthesis property (File Properties dialog in GUI) and re-run elaboration/synthesis.
Parsing XDC File [c:/Users/tbnrs/Documents/Development/hdl_group_project_sc/hdl_group_project.gen/sources_1/bd/ip_integrator/ip/ip_integrator_smartconnect_0_0/bd_0/ip/ip_1/bd_d914_psr_aclk_0_board.xdc] for cell 'ip_integrator_i/smartconnect_0/inst/clk_map/psr_aclk/U0'
Finished Parsing XDC File [c:/Users/tbnrs/Documents/Development/hdl_group_project_sc/hdl_group_project.gen/sources_1/bd/ip_integrator/ip/ip_integrator_smartconnect_0_0/bd_0/ip/ip_1/bd_d914_psr_aclk_0_board.xdc] for cell 'ip_integrator_i/smartconnect_0/inst/clk_map/psr_aclk/U0'
Parsing XDC File [c:/Users/tbnrs/Documents/Development/hdl_group_project_sc/hdl_group_project.gen/sources_1/bd/ip_integrator/ip/ip_integrator_smartconnect_0_0/bd_0/ip/ip_1/bd_d914_psr_aclk_0.xdc] for cell 'ip_integrator_i/smartconnect_0/inst/clk_map/psr_aclk/U0'
Finished Parsing XDC File [c:/Users/tbnrs/Documents/Development/hdl_group_project_sc/hdl_group_project.gen/sources_1/bd/ip_integrator/ip/ip_integrator_smartconnect_0_0/bd_0/ip/ip_1/bd_d914_psr_aclk_0.xdc] for cell 'ip_integrator_i/smartconnect_0/inst/clk_map/psr_aclk/U0'
Parsing XDC File [c:/Users/tbnrs/Documents/Development/hdl_group_project_sc/hdl_group_project.gen/sources_1/bd/ip_integrator/ip/ip_integrator_axi_gpio_0_0/ip_integrator_axi_gpio_0_0_board.xdc] for cell 'ip_integrator_i/axi_gpio_0/U0'
Finished Parsing XDC File [c:/Users/tbnrs/Documents/Development/hdl_group_project_sc/hdl_group_project.gen/sources_1/bd/ip_integrator/ip/ip_integrator_axi_gpio_0_0/ip_integrator_axi_gpio_0_0_board.xdc] for cell 'ip_integrator_i/axi_gpio_0/U0'
Parsing XDC File [c:/Users/tbnrs/Documents/Development/hdl_group_project_sc/hdl_group_project.gen/sources_1/bd/ip_integrator/ip/ip_integrator_axi_gpio_0_0/ip_integrator_axi_gpio_0_0.xdc] for cell 'ip_integrator_i/axi_gpio_0/U0'
Finished Parsing XDC File [c:/Users/tbnrs/Documents/Development/hdl_group_project_sc/hdl_group_project.gen/sources_1/bd/ip_integrator/ip/ip_integrator_axi_gpio_0_0/ip_integrator_axi_gpio_0_0.xdc] for cell 'ip_integrator_i/axi_gpio_0/U0'
Parsing XDC File [c:/Users/tbnrs/Documents/Development/hdl_group_project_sc/hdl_group_project.gen/sources_1/bd/ip_integrator/ip/ip_integrator_proc_sys_reset_0_0/ip_integrator_proc_sys_reset_0_0_board.xdc] for cell 'ip_integrator_i/proc_sys_reset_0/U0'
Finished Parsing XDC File [c:/Users/tbnrs/Documents/Development/hdl_group_project_sc/hdl_group_project.gen/sources_1/bd/ip_integrator/ip/ip_integrator_proc_sys_reset_0_0/ip_integrator_proc_sys_reset_0_0_board.xdc] for cell 'ip_integrator_i/proc_sys_reset_0/U0'
Parsing XDC File [c:/Users/tbnrs/Documents/Development/hdl_group_project_sc/hdl_group_project.gen/sources_1/bd/ip_integrator/ip/ip_integrator_proc_sys_reset_0_0/ip_integrator_proc_sys_reset_0_0.xdc] for cell 'ip_integrator_i/proc_sys_reset_0/U0'
Finished Parsing XDC File [c:/Users/tbnrs/Documents/Development/hdl_group_project_sc/hdl_group_project.gen/sources_1/bd/ip_integrator/ip/ip_integrator_proc_sys_reset_0_0/ip_integrator_proc_sys_reset_0_0.xdc] for cell 'ip_integrator_i/proc_sys_reset_0/U0'
Parsing XDC File [C:/Users/tbnrs/Documents/Development/hdl_group_project_sc/hdl_group_project.runs/synth_1/dont_touch.xdc]
Finished Parsing XDC File [C:/Users/tbnrs/Documents/Development/hdl_group_project_sc/hdl_group_project.runs/synth_1/dont_touch.xdc]
INFO: [Project 1-236] Implementation specific constraints were found while reading constraint file [C:/Users/tbnrs/Documents/Development/hdl_group_project_sc/hdl_group_project.runs/synth_1/dont_touch.xdc]. These constraints will be ignored for synthesis but will be used in implementation. Impacted constraints are listed in the file [.Xil/ip_integrator_wrapper_propImpl.xdc].
Resolution: To avoid this warning, move constraints listed in [.Xil/ip_integrator_wrapper_propImpl.xdc] to another XDC file and exclude this new file from synthesis with the used_in_synthesis property (File Properties dialog in GUI) and re-run elaboration/synthesis.
WARNING: [Vivado 12-180] No cells matched 'get_cells -hier -filter {PRIMITIVE_SUBGROUP==LUTRAM || PRIMITIVE_SUBGROUP==dram || PRIMITIVE_SUBGROUP==uram || PRIMITIVE_SUBGROUP==BRAM}'. [C:/Xilinx/Vivado/2021.2/data/ip/xpm/xpm_memory/tcl/xpm_memory_xdc.tcl:3]
WARNING: [Vivado 12-180] No cells matched 'get_cells -hier -filter {PRIMITIVE_SUBGROUP==LUTRAM || PRIMITIVE_SUBGROUP==dram || PRIMITIVE_SUBGROUP==uram || PRIMITIVE_SUBGROUP==BRAM}'. [C:/Xilinx/Vivado/2021.2/data/ip/xpm/xpm_memory/tcl/xpm_memory_xdc.tcl:3]
WARNING: [Vivado 12-180] No cells matched 'get_cells -hier -filter {PRIMITIVE_SUBGROUP==LUTRAM || PRIMITIVE_SUBGROUP==dram || PRIMITIVE_SUBGROUP==uram || PRIMITIVE_SUBGROUP==BRAM}'. [C:/Xilinx/Vivado/2021.2/data/ip/xpm/xpm_memory/tcl/xpm_memory_xdc.tcl:3]
WARNING: [Vivado 12-180] No cells matched 'get_cells -hier -filter {PRIMITIVE_SUBGROUP==LUTRAM || PRIMITIVE_SUBGROUP==dram || PRIMITIVE_SUBGROUP==uram || PRIMITIVE_SUBGROUP==BRAM}'. [C:/Xilinx/Vivado/2021.2/data/ip/xpm/xpm_memory/tcl/xpm_memory_xdc.tcl:3]
WARNING: [Vivado 12-180] No cells matched 'get_cells -hier -filter {PRIMITIVE_SUBGROUP==LUTRAM || PRIMITIVE_SUBGROUP==dram || PRIMITIVE_SUBGROUP==uram || PRIMITIVE_SUBGROUP==BRAM}'. [C:/Xilinx/Vivado/2021.2/data/ip/xpm/xpm_memory/tcl/xpm_memory_xdc.tcl:3]
WARNING: [Vivado 12-180] No cells matched 'get_cells -hier -filter {PRIMITIVE_SUBGROUP==LUTRAM || PRIMITIVE_SUBGROUP==dram || PRIMITIVE_SUBGROUP==uram || PRIMITIVE_SUBGROUP==BRAM}'. [C:/Xilinx/Vivado/2021.2/data/ip/xpm/xpm_memory/tcl/xpm_memory_xdc.tcl:3]
WARNING: [Vivado 12-180] No cells matched 'get_cells -hier -filter {PRIMITIVE_SUBGROUP==LUTRAM || PRIMITIVE_SUBGROUP==dram || PRIMITIVE_SUBGROUP==uram || PRIMITIVE_SUBGROUP==BRAM}'. [C:/Xilinx/Vivado/2021.2/data/ip/xpm/xpm_memory/tcl/xpm_memory_xdc.tcl:3]
WARNING: [Vivado 12-180] No cells matched 'get_cells -hier -filter {PRIMITIVE_SUBGROUP==LUTRAM || PRIMITIVE_SUBGROUP==dram || PRIMITIVE_SUBGROUP==uram || PRIMITIVE_SUBGROUP==BRAM}'. [C:/Xilinx/Vivado/2021.2/data/ip/xpm/xpm_memory/tcl/xpm_memory_xdc.tcl:3]
WARNING: [Vivado 12-180] No cells matched 'get_cells -hier -filter {PRIMITIVE_SUBGROUP==LUTRAM || PRIMITIVE_SUBGROUP==dram || PRIMITIVE_SUBGROUP==uram || PRIMITIVE_SUBGROUP==BRAM}'. [C:/Xilinx/Vivado/2021.2/data/ip/xpm/xpm_memory/tcl/xpm_memory_xdc.tcl:3]
WARNING: [Vivado 12-180] No cells matched 'get_cells -hier -filter {PRIMITIVE_SUBGROUP==LUTRAM || PRIMITIVE_SUBGROUP==dram || PRIMITIVE_SUBGROUP==uram || PRIMITIVE_SUBGROUP==BRAM}'. [C:/Xilinx/Vivado/2021.2/data/ip/xpm/xpm_memory/tcl/xpm_memory_xdc.tcl:3]
WARNING: [Vivado 12-180] No cells matched 'get_cells -hier -filter {PRIMITIVE_SUBGROUP==LUTRAM || PRIMITIVE_SUBGROUP==dram || PRIMITIVE_SUBGROUP==uram || PRIMITIVE_SUBGROUP==BRAM}'. [C:/Xilinx/Vivado/2021.2/data/ip/xpm/xpm_memory/tcl/xpm_memory_xdc.tcl:3]
WARNING: [Vivado 12-180] No cells matched 'get_cells -hier -filter {PRIMITIVE_SUBGROUP==LUTRAM || PRIMITIVE_SUBGROUP==dram || PRIMITIVE_SUBGROUP==uram || PRIMITIVE_SUBGROUP==BRAM}'. [C:/Xilinx/Vivado/2021.2/data/ip/xpm/xpm_memory/tcl/xpm_memory_xdc.tcl:3]
WARNING: [Vivado 12-180] No cells matched 'get_cells -hier -filter {PRIMITIVE_SUBGROUP==LUTRAM || PRIMITIVE_SUBGROUP==dram || PRIMITIVE_SUBGROUP==uram || PRIMITIVE_SUBGROUP==BRAM}'. [C:/Xilinx/Vivado/2021.2/data/ip/xpm/xpm_memory/tcl/xpm_memory_xdc.tcl:3]
WARNING: [Vivado 12-180] No cells matched 'get_cells -hier -filter {PRIMITIVE_SUBGROUP==LUTRAM || PRIMITIVE_SUBGROUP==dram || PRIMITIVE_SUBGROUP==uram || PRIMITIVE_SUBGROUP==BRAM}'. [C:/Xilinx/Vivado/2021.2/data/ip/xpm/xpm_memory/tcl/xpm_memory_xdc.tcl:3]
WARNING: [Vivado 12-180] No cells matched 'get_cells -hier -filter {PRIMITIVE_SUBGROUP==LUTRAM || PRIMITIVE_SUBGROUP==dram || PRIMITIVE_SUBGROUP==uram || PRIMITIVE_SUBGROUP==BRAM}'. [C:/Xilinx/Vivado/2021.2/data/ip/xpm/xpm_memory/tcl/xpm_memory_xdc.tcl:3]
WARNING: [Vivado 12-180] No cells matched 'get_cells -hier -filter {PRIMITIVE_SUBGROUP==LUTRAM || PRIMITIVE_SUBGROUP==dram || PRIMITIVE_SUBGROUP==uram || PRIMITIVE_SUBGROUP==BRAM}'. [C:/Xilinx/Vivado/2021.2/data/ip/xpm/xpm_memory/tcl/xpm_memory_xdc.tcl:3]
WARNING: [Vivado 12-180] No cells matched 'get_cells -hier -filter {PRIMITIVE_SUBGROUP==LUTRAM || PRIMITIVE_SUBGROUP==dram || PRIMITIVE_SUBGROUP==uram || PRIMITIVE_SUBGROUP==BRAM}'. [C:/Xilinx/Vivado/2021.2/data/ip/xpm/xpm_memory/tcl/xpm_memory_xdc.tcl:3]
WARNING: [Vivado 12-180] No cells matched 'get_cells -hier -filter {PRIMITIVE_SUBGROUP==LUTRAM || PRIMITIVE_SUBGROUP==dram || PRIMITIVE_SUBGROUP==uram || PRIMITIVE_SUBGROUP==BRAM}'. [C:/Xilinx/Vivado/2021.2/data/ip/xpm/xpm_memory/tcl/xpm_memory_xdc.tcl:3]
WARNING: [Vivado 12-180] No cells matched 'get_cells -hier -filter {PRIMITIVE_SUBGROUP==LUTRAM || PRIMITIVE_SUBGROUP==dram || PRIMITIVE_SUBGROUP==uram || PRIMITIVE_SUBGROUP==BRAM}'. [C:/Xilinx/Vivado/2021.2/data/ip/xpm/xpm_memory/tcl/xpm_memory_xdc.tcl:3]
WARNING: [Vivado 12-180] No cells matched 'get_cells -hier -filter {PRIMITIVE_SUBGROUP==LUTRAM || PRIMITIVE_SUBGROUP==dram || PRIMITIVE_SUBGROUP==uram || PRIMITIVE_SUBGROUP==BRAM}'. [C:/Xilinx/Vivado/2021.2/data/ip/xpm/xpm_memory/tcl/xpm_memory_xdc.tcl:3]
WARNING: [Vivado 12-180] No cells matched 'get_cells -hier -filter {PRIMITIVE_SUBGROUP==LUTRAM || PRIMITIVE_SUBGROUP==dram || PRIMITIVE_SUBGROUP==uram || PRIMITIVE_SUBGROUP==BRAM}'. [C:/Xilinx/Vivado/2021.2/data/ip/xpm/xpm_memory/tcl/xpm_memory_xdc.tcl:3]
WARNING: [Vivado 12-180] No cells matched 'get_cells -hier -filter {PRIMITIVE_SUBGROUP==LUTRAM || PRIMITIVE_SUBGROUP==dram || PRIMITIVE_SUBGROUP==uram || PRIMITIVE_SUBGROUP==BRAM}'. [C:/Xilinx/Vivado/2021.2/data/ip/xpm/xpm_memory/tcl/xpm_memory_xdc.tcl:3]
WARNING: [Vivado 12-180] No cells matched 'get_cells -hier -filter {PRIMITIVE_SUBGROUP==LUTRAM || PRIMITIVE_SUBGROUP==dram || PRIMITIVE_SUBGROUP==uram || PRIMITIVE_SUBGROUP==BRAM}'. [C:/Xilinx/Vivado/2021.2/data/ip/xpm/xpm_memory/tcl/xpm_memory_xdc.tcl:3]
WARNING: [Vivado 12-180] No cells matched 'get_cells -hier -filter {PRIMITIVE_SUBGROUP==LUTRAM || PRIMITIVE_SUBGROUP==dram || PRIMITIVE_SUBGROUP==uram || PRIMITIVE_SUBGROUP==BRAM}'. [C:/Xilinx/Vivado/2021.2/data/ip/xpm/xpm_memory/tcl/xpm_memory_xdc.tcl:3]
WARNING: [Vivado 12-180] No cells matched 'get_cells -hier -filter {PRIMITIVE_SUBGROUP==LUTRAM || PRIMITIVE_SUBGROUP==dram || PRIMITIVE_SUBGROUP==uram || PRIMITIVE_SUBGROUP==BRAM}'. [C:/Xilinx/Vivado/2021.2/data/ip/xpm/xpm_memory/tcl/xpm_memory_xdc.tcl:3]
WARNING: [Vivado 12-180] No cells matched 'get_cells -hier -filter {PRIMITIVE_SUBGROUP==LUTRAM || PRIMITIVE_SUBGROUP==dram || PRIMITIVE_SUBGROUP==uram || PRIMITIVE_SUBGROUP==BRAM}'. [C:/Xilinx/Vivado/2021.2/data/ip/xpm/xpm_memory/tcl/xpm_memory_xdc.tcl:3]
WARNING: [Vivado 12-180] No cells matched 'get_cells -hier -filter {PRIMITIVE_SUBGROUP==LUTRAM || PRIMITIVE_SUBGROUP==dram || PRIMITIVE_SUBGROUP==uram || PRIMITIVE_SUBGROUP==BRAM}'. [C:/Xilinx/Vivado/2021.2/data/ip/xpm/xpm_memory/tcl/xpm_memory_xdc.tcl:3]
WARNING: [Vivado 12-180] No cells matched 'get_cells -hier -filter {PRIMITIVE_SUBGROUP==LUTRAM || PRIMITIVE_SUBGROUP==dram || PRIMITIVE_SUBGROUP==uram || PRIMITIVE_SUBGROUP==BRAM}'. [C:/Xilinx/Vivado/2021.2/data/ip/xpm/xpm_memory/tcl/xpm_memory_xdc.tcl:3]
WARNING: [Vivado 12-180] No cells matched 'get_cells -hier -filter {PRIMITIVE_SUBGROUP==LUTRAM || PRIMITIVE_SUBGROUP==dram || PRIMITIVE_SUBGROUP==uram || PRIMITIVE_SUBGROUP==BRAM}'. [C:/Xilinx/Vivado/2021.2/data/ip/xpm/xpm_memory/tcl/xpm_memory_xdc.tcl:3]
WARNING: [Vivado 12-180] No cells matched 'get_cells -hier -filter {PRIMITIVE_SUBGROUP==LUTRAM || PRIMITIVE_SUBGROUP==dram || PRIMITIVE_SUBGROUP==uram || PRIMITIVE_SUBGROUP==BRAM}'. [C:/Xilinx/Vivado/2021.2/data/ip/xpm/xpm_memory/tcl/xpm_memory_xdc.tcl:3]
WARNING: [Vivado 12-180] No cells matched 'get_cells -hier -filter {PRIMITIVE_SUBGROUP==LUTRAM || PRIMITIVE_SUBGROUP==dram || PRIMITIVE_SUBGROUP==uram || PRIMITIVE_SUBGROUP==BRAM}'. [C:/Xilinx/Vivado/2021.2/data/ip/xpm/xpm_memory/tcl/xpm_memory_xdc.tcl:3]
WARNING: [Vivado 12-180] No cells matched 'get_cells -hier -filter {PRIMITIVE_SUBGROUP==LUTRAM || PRIMITIVE_SUBGROUP==dram || PRIMITIVE_SUBGROUP==uram || PRIMITIVE_SUBGROUP==BRAM}'. [C:/Xilinx/Vivado/2021.2/data/ip/xpm/xpm_memory/tcl/xpm_memory_xdc.tcl:3]
WARNING: [Vivado 12-180] No cells matched 'get_cells -hier -filter {PRIMITIVE_SUBGROUP==LUTRAM || PRIMITIVE_SUBGROUP==dram || PRIMITIVE_SUBGROUP==uram || PRIMITIVE_SUBGROUP==BRAM}'. [C:/Xilinx/Vivado/2021.2/data/ip/xpm/xpm_memory/tcl/xpm_memory_xdc.tcl:3]
WARNING: [Vivado 12-180] No cells matched 'get_cells -hier -filter {PRIMITIVE_SUBGROUP==LUTRAM || PRIMITIVE_SUBGROUP==dram || PRIMITIVE_SUBGROUP==uram || PRIMITIVE_SUBGROUP==BRAM}'. [C:/Xilinx/Vivado/2021.2/data/ip/xpm/xpm_memory/tcl/xpm_memory_xdc.tcl:3]
WARNING: [Vivado 12-180] No cells matched 'get_cells -hier -filter {PRIMITIVE_SUBGROUP==LUTRAM || PRIMITIVE_SUBGROUP==dram || PRIMITIVE_SUBGROUP==uram || PRIMITIVE_SUBGROUP==BRAM}'. [C:/Xilinx/Vivado/2021.2/data/ip/xpm/xpm_memory/tcl/xpm_memory_xdc.tcl:3]
WARNING: [Vivado 12-180] No cells matched 'get_cells -hier -filter {PRIMITIVE_SUBGROUP==LUTRAM || PRIMITIVE_SUBGROUP==dram || PRIMITIVE_SUBGROUP==uram || PRIMITIVE_SUBGROUP==BRAM}'. [C:/Xilinx/Vivado/2021.2/data/ip/xpm/xpm_memory/tcl/xpm_memory_xdc.tcl:3]
WARNING: [Vivado 12-180] No cells matched 'get_cells -hier -filter {PRIMITIVE_SUBGROUP==LUTRAM || PRIMITIVE_SUBGROUP==dram || PRIMITIVE_SUBGROUP==uram || PRIMITIVE_SUBGROUP==BRAM}'. [C:/Xilinx/Vivado/2021.2/data/ip/xpm/xpm_memory/tcl/xpm_memory_xdc.tcl:3]
WARNING: [Vivado 12-180] No cells matched 'get_cells -hier -filter {PRIMITIVE_SUBGROUP==LUTRAM || PRIMITIVE_SUBGROUP==dram || PRIMITIVE_SUBGROUP==uram || PRIMITIVE_SUBGROUP==BRAM}'. [C:/Xilinx/Vivado/2021.2/data/ip/xpm/xpm_memory/tcl/xpm_memory_xdc.tcl:3]
WARNING: [Vivado 12-180] No cells matched 'get_cells -hier -filter {PRIMITIVE_SUBGROUP==LUTRAM || PRIMITIVE_SUBGROUP==dram || PRIMITIVE_SUBGROUP==uram || PRIMITIVE_SUBGROUP==BRAM}'. [C:/Xilinx/Vivado/2021.2/data/ip/xpm/xpm_memory/tcl/xpm_memory_xdc.tcl:3]
WARNING: [Vivado 12-180] No cells matched 'get_cells -hier -filter {PRIMITIVE_SUBGROUP==LUTRAM || PRIMITIVE_SUBGROUP==dram || PRIMITIVE_SUBGROUP==uram || PRIMITIVE_SUBGROUP==BRAM}'. [C:/Xilinx/Vivado/2021.2/data/ip/xpm/xpm_memory/tcl/xpm_memory_xdc.tcl:3]
INFO: [Project 1-236] Implementation specific constraints were found while reading constraint file [C:/Xilinx/Vivado/2021.2/data/ip/xpm/xpm_memory/tcl/xpm_memory_xdc.tcl]. These constraints will be ignored for synthesis but will be used in implementation. Impacted constraints are listed in the file [.Xil/ip_integrator_wrapper_propImpl.xdc].
Resolution: To avoid this warning, move constraints listed in [.Xil/ip_integrator_wrapper_propImpl.xdc] to another XDC file and exclude this new file from synthesis with the used_in_synthesis property (File Properties dialog in GUI) and re-run elaboration/synthesis.
INFO: [Project 1-1714] 86 XPM XDC files have been applied to the design.
Completed Processing XDC Constraints

Netlist sorting complete. Time (s): cpu = 00:00:00 ; elapsed = 00:00:00.029 . Memory (MB): peak = 2125.297 ; gain = 0.000
INFO: [Project 1-111] Unisim Transformation Summary:
  A total of 42 instances were transformed.
  FDR => FDRE: 32 instances
  MUXCY_L => MUXCY: 8 instances
  SRL16 => SRL16E: 2 instances

Constraint Validation Runtime : Time (s): cpu = 00:00:00 ; elapsed = 00:00:00.623 . Memory (MB): peak = 2125.297 ; gain = 0.000
WARNING: [Designutils 20-4072] Reference run did not run incremental synthesis because the design is too small; reverting to default synthesis
INFO: [Designutils 20-4379] Flow is switching to default flow due to incremental criteria not met. If you would like to alter this behaviour and have the flow terminate instead, please set the following parameter config_implementation {autoIncr.Synth.RejectBehavior Terminate}
---------------------------------------------------------------------------------
Finished Constraint Validation : Time (s): cpu = 00:00:52 ; elapsed = 00:00:54 . Memory (MB): peak = 2127.500 ; gain = 865.816
---------------------------------------------------------------------------------
---------------------------------------------------------------------------------
Start Loading Part and Timing Information
---------------------------------------------------------------------------------
Loading part: xc7z020clg400-1
---------------------------------------------------------------------------------
Finished Loading Part and Timing Information : Time (s): cpu = 00:00:52 ; elapsed = 00:00:54 . Memory (MB): peak = 2127.500 ; gain = 865.816
---------------------------------------------------------------------------------
---------------------------------------------------------------------------------
Start Applying 'set_property' XDC Constraints
---------------------------------------------------------------------------------
Applied set_property KEEP_HIERARCHY = SOFT for ip_integrator_i/processing_system7_0/inst. (constraint file  C:/Users/tbnrs/Documents/Development/hdl_group_project_sc/hdl_group_project.runs/synth_1/dont_touch.xdc, line 149).
Applied set_property KEEP_HIERARCHY = SOFT for ip_integrator_i/axi_gpio_0/U0. (constraint file  C:/Users/tbnrs/Documents/Development/hdl_group_project_sc/hdl_group_project.runs/synth_1/dont_touch.xdc, line 222).
Applied set_property KEEP_HIERARCHY = SOFT for ip_integrator_i/proc_sys_reset_0/U0. (constraint file  C:/Users/tbnrs/Documents/Development/hdl_group_project_sc/hdl_group_project.runs/synth_1/dont_touch.xdc, line 230).
Applied set_property KEEP_HIERARCHY = SOFT for ip_integrator_i. (constraint file  auto generated constraint).
Applied set_property KEEP_HIERARCHY = SOFT for ip_integrator_i/processing_system7_0. (constraint file  auto generated constraint).
Applied set_property KEEP_HIERARCHY = SOFT for ip_integrator_i/smartconnect_0. (constraint file  auto generated constraint).
Applied set_property KEEP_HIERARCHY = SOFT for ip_integrator_i/bram_ctrl_iram. (constraint file  auto generated constraint).
Applied set_property KEEP_HIERARCHY = SOFT for ip_integrator_i/bram_ctrl_dram. (constraint file  auto generated constraint).
Applied set_property KEEP_HIERARCHY = SOFT for ip_integrator_i/memgen_iram. (constraint file  auto generated constraint).
Applied set_property KEEP_HIERARCHY = SOFT for ip_integrator_i/memgen_dram. (constraint file  auto generated constraint).
Applied set_property KEEP_HIERARCHY = SOFT for ip_integrator_i/axi_gpio_0. (constraint file  auto generated constraint).
Applied set_property KEEP_HIERARCHY = SOFT for ip_integrator_i/proc_sys_reset_0. (constraint file  auto generated constraint).
Applied set_property KEEP_HIERARCHY = SOFT for ip_integrator_i/rv_sc_ip_0. (constraint file  auto generated constraint).
Applied set_property KEEP_HIERARCHY = SOFT for ip_integrator_i/smartconnect_0/inst/m00_nodes/m00_ar_node/inst/m_sc_xpm_cdc_async_rst_inst. (constraint file  auto generated constraint).
Applied set_property KEEP_HIERARCHY = SOFT for ip_integrator_i/smartconnect_0/inst/m00_nodes/m00_aw_node/inst/m_sc_xpm_cdc_async_rst_inst. (constraint file  auto generated constraint).
Applied set_property KEEP_HIERARCHY = SOFT for ip_integrator_i/smartconnect_0/inst/m00_nodes/m00_b_node/inst/m_sc_xpm_cdc_async_rst_inst. (constraint file  auto generated constraint).
Applied set_property KEEP_HIERARCHY = SOFT for ip_integrator_i/smartconnect_0/inst/m00_nodes/m00_r_node/inst/m_sc_xpm_cdc_async_rst_inst. (constraint file  auto generated constraint).
Applied set_property KEEP_HIERARCHY = SOFT for ip_integrator_i/smartconnect_0/inst/m00_nodes/m00_w_node/inst/m_sc_xpm_cdc_async_rst_inst. (constraint file  auto generated constraint).
Applied set_property KEEP_HIERARCHY = SOFT for ip_integrator_i/smartconnect_0/inst/m01_nodes/m01_ar_node/inst/m_sc_xpm_cdc_async_rst_inst. (constraint file  auto generated constraint).
Applied set_property KEEP_HIERARCHY = SOFT for ip_integrator_i/smartconnect_0/inst/m01_nodes/m01_aw_node/inst/m_sc_xpm_cdc_async_rst_inst. (constraint file  auto generated constraint).
Applied set_property KEEP_HIERARCHY = SOFT for ip_integrator_i/smartconnect_0/inst/m01_nodes/m01_b_node/inst/m_sc_xpm_cdc_async_rst_inst. (constraint file  auto generated constraint).
Applied set_property KEEP_HIERARCHY = SOFT for ip_integrator_i/smartconnect_0/inst/m01_nodes/m01_r_node/inst/m_sc_xpm_cdc_async_rst_inst. (constraint file  auto generated constraint).
Applied set_property KEEP_HIERARCHY = SOFT for ip_integrator_i/smartconnect_0/inst/m01_nodes/m01_w_node/inst/m_sc_xpm_cdc_async_rst_inst. (constraint file  auto generated constraint).
Applied set_property KEEP_HIERARCHY = SOFT for ip_integrator_i/smartconnect_0/inst/m02_nodes/m02_ar_node/inst/m_sc_xpm_cdc_async_rst_inst. (constraint file  auto generated constraint).
Applied set_property KEEP_HIERARCHY = SOFT for ip_integrator_i/smartconnect_0/inst/m02_nodes/m02_aw_node/inst/m_sc_xpm_cdc_async_rst_inst. (constraint file  auto generated constraint).
Applied set_property KEEP_HIERARCHY = SOFT for ip_integrator_i/smartconnect_0/inst/m02_nodes/m02_b_node/inst/m_sc_xpm_cdc_async_rst_inst. (constraint file  auto generated constraint).
Applied set_property KEEP_HIERARCHY = SOFT for ip_integrator_i/smartconnect_0/inst/m02_nodes/m02_r_node/inst/m_sc_xpm_cdc_async_rst_inst. (constraint file  auto generated constraint).
Applied set_property KEEP_HIERARCHY = SOFT for ip_integrator_i/smartconnect_0/inst/m02_nodes/m02_w_node/inst/m_sc_xpm_cdc_async_rst_inst. (constraint file  auto generated constraint).
Applied set_property KEEP_HIERARCHY = SOFT for ip_integrator_i/smartconnect_0/inst/s00_nodes/s00_ar_node/inst/m_sc_xpm_cdc_async_rst_inst. (constraint file  auto generated constraint).
Applied set_property KEEP_HIERARCHY = SOFT for ip_integrator_i/smartconnect_0/inst/s00_nodes/s00_aw_node/inst/m_sc_xpm_cdc_async_rst_inst. (constraint file  auto generated constraint).
Applied set_property KEEP_HIERARCHY = SOFT for ip_integrator_i/smartconnect_0/inst/s00_nodes/s00_b_node/inst/m_sc_xpm_cdc_async_rst_inst. (constraint file  auto generated constraint).
Applied set_property KEEP_HIERARCHY = SOFT for ip_integrator_i/smartconnect_0/inst/s00_nodes/s00_r_node/inst/m_sc_xpm_cdc_async_rst_inst. (constraint file  auto generated constraint).
Applied set_property KEEP_HIERARCHY = SOFT for ip_integrator_i/smartconnect_0/inst/s00_nodes/s00_w_node/inst/m_sc_xpm_cdc_async_rst_inst. (constraint file  auto generated constraint).
Applied set_property KEEP_HIERARCHY = SOFT for ip_integrator_i/smartconnect_0/inst/m00_nodes/m00_ar_node/inst/s_sc_xpm_cdc_async_rst_inst. (constraint file  auto generated constraint).
Applied set_property KEEP_HIERARCHY = SOFT for ip_integrator_i/smartconnect_0/inst/m00_nodes/m00_aw_node/inst/s_sc_xpm_cdc_async_rst_inst. (constraint file  auto generated constraint).
Applied set_property KEEP_HIERARCHY = SOFT for ip_integrator_i/smartconnect_0/inst/m00_nodes/m00_b_node/inst/s_sc_xpm_cdc_async_rst_inst. (constraint file  auto generated constraint).
Applied set_property KEEP_HIERARCHY = SOFT for ip_integrator_i/smartconnect_0/inst/m00_nodes/m00_r_node/inst/s_sc_xpm_cdc_async_rst_inst. (constraint file  auto generated constraint).
Applied set_property KEEP_HIERARCHY = SOFT for ip_integrator_i/smartconnect_0/inst/m00_nodes/m00_w_node/inst/s_sc_xpm_cdc_async_rst_inst. (constraint file  auto generated constraint).
Applied set_property KEEP_HIERARCHY = SOFT for ip_integrator_i/smartconnect_0/inst/m01_nodes/m01_ar_node/inst/s_sc_xpm_cdc_async_rst_inst. (constraint file  auto generated constraint).
Applied set_property KEEP_HIERARCHY = SOFT for ip_integrator_i/smartconnect_0/inst/m01_nodes/m01_aw_node/inst/s_sc_xpm_cdc_async_rst_inst. (constraint file  auto generated constraint).
Applied set_property KEEP_HIERARCHY = SOFT for ip_integrator_i/smartconnect_0/inst/m01_nodes/m01_b_node/inst/s_sc_xpm_cdc_async_rst_inst. (constraint file  auto generated constraint).
Applied set_property KEEP_HIERARCHY = SOFT for ip_integrator_i/smartconnect_0/inst/m01_nodes/m01_r_node/inst/s_sc_xpm_cdc_async_rst_inst. (constraint file  auto generated constraint).
Applied set_property KEEP_HIERARCHY = SOFT for ip_integrator_i/smartconnect_0/inst/m01_nodes/m01_w_node/inst/s_sc_xpm_cdc_async_rst_inst. (constraint file  auto generated constraint).
Applied set_property KEEP_HIERARCHY = SOFT for ip_integrator_i/smartconnect_0/inst/m02_nodes/m02_ar_node/inst/s_sc_xpm_cdc_async_rst_inst. (constraint file  auto generated constraint).
Applied set_property KEEP_HIERARCHY = SOFT for ip_integrator_i/smartconnect_0/inst/m02_nodes/m02_aw_node/inst/s_sc_xpm_cdc_async_rst_inst. (constraint file  auto generated constraint).
Applied set_property KEEP_HIERARCHY = SOFT for ip_integrator_i/smartconnect_0/inst/m02_nodes/m02_b_node/inst/s_sc_xpm_cdc_async_rst_inst. (constraint file  auto generated constraint).
Applied set_property KEEP_HIERARCHY = SOFT for ip_integrator_i/smartconnect_0/inst/m02_nodes/m02_r_node/inst/s_sc_xpm_cdc_async_rst_inst. (constraint file  auto generated constraint).
Applied set_property KEEP_HIERARCHY = SOFT for ip_integrator_i/smartconnect_0/inst/m02_nodes/m02_w_node/inst/s_sc_xpm_cdc_async_rst_inst. (constraint file  auto generated constraint).
Applied set_property KEEP_HIERARCHY = SOFT for ip_integrator_i/smartconnect_0/inst/s00_nodes/s00_ar_node/inst/s_sc_xpm_cdc_async_rst_inst. (constraint file  auto generated constraint).
Applied set_property KEEP_HIERARCHY = SOFT for ip_integrator_i/smartconnect_0/inst/s00_nodes/s00_aw_node/inst/s_sc_xpm_cdc_async_rst_inst. (constraint file  auto generated constraint).
Applied set_property KEEP_HIERARCHY = SOFT for ip_integrator_i/smartconnect_0/inst/s00_nodes/s00_b_node/inst/s_sc_xpm_cdc_async_rst_inst. (constraint file  auto generated constraint).
Applied set_property KEEP_HIERARCHY = SOFT for ip_integrator_i/smartconnect_0/inst/s00_nodes/s00_r_node/inst/s_sc_xpm_cdc_async_rst_inst. (constraint file  auto generated constraint).
Applied set_property KEEP_HIERARCHY = SOFT for ip_integrator_i/smartconnect_0/inst/s00_nodes/s00_w_node/inst/s_sc_xpm_cdc_async_rst_inst. (constraint file  auto generated constraint).
Applied set_property KEEP_HIERARCHY = SOFT for ip_integrator_i/smartconnect_0/inst/m00_exit_pipeline/m00_exit/inst/xpm_cdc_async_rst_inst. (constraint file  auto generated constraint).
Applied set_property KEEP_HIERARCHY = SOFT for ip_integrator_i/smartconnect_0/inst/m01_exit_pipeline/m01_exit/inst/xpm_cdc_async_rst_inst. (constraint file  auto generated constraint).
Applied set_property KEEP_HIERARCHY = SOFT for ip_integrator_i/smartconnect_0/inst/m02_exit_pipeline/m02_exit/inst/xpm_cdc_async_rst_inst. (constraint file  auto generated constraint).
Applied set_property KEEP_HIERARCHY = SOFT for ip_integrator_i/smartconnect_0/inst/s00_entry_pipeline/s00_mmu/inst/xpm_cdc_async_rst_inst. (constraint file  auto generated constraint).
Applied set_property KEEP_HIERARCHY = SOFT for ip_integrator_i/smartconnect_0/inst/s00_entry_pipeline/s00_si_converter/inst/xpm_cdc_async_rst_inst. (constraint file  auto generated constraint).
Applied set_property KEEP_HIERARCHY = SOFT for ip_integrator_i/smartconnect_0/inst/s00_entry_pipeline/s00_transaction_regulator/inst/xpm_cdc_async_rst_inst. (constraint file  auto generated constraint).
Applied set_property KEEP_HIERARCHY = SOFT for ip_integrator_i/smartconnect_0/inst/m00_nodes/m00_ar_node/inst/inst_mi_handler/\gen_normal_area.gen_node_prog_full.inst_node_prog_full /\gen_xpm_memory_fifo.inst_fifo /\gen_mem_rep[0].inst_xpm_memory . (constraint file  auto generated constraint).
Applied set_property KEEP_HIERARCHY = SOFT for ip_integrator_i/smartconnect_0/inst/m00_nodes/m00_aw_node/inst/inst_mi_handler/\gen_normal_area.gen_node_prog_full.inst_node_prog_full /\gen_xpm_memory_fifo.inst_fifo /\gen_mem_rep[0].inst_xpm_memory . (constraint file  auto generated constraint).
Applied set_property KEEP_HIERARCHY = SOFT for ip_integrator_i/smartconnect_0/inst/m00_nodes/m00_w_node/inst/inst_mi_handler/\gen_normal_area.gen_node_prog_full.inst_node_prog_full /\gen_xpm_memory_fifo.inst_fifo /\gen_mem_rep[0].inst_xpm_memory . (constraint file  auto generated constraint).
Applied set_property KEEP_HIERARCHY = SOFT for ip_integrator_i/smartconnect_0/inst/m01_nodes/m01_ar_node/inst/inst_mi_handler/\gen_normal_area.gen_node_prog_full.inst_node_prog_full /\gen_xpm_memory_fifo.inst_fifo /\gen_mem_rep[0].inst_xpm_memory . (constraint file  auto generated constraint).
Applied set_property KEEP_HIERARCHY = SOFT for ip_integrator_i/smartconnect_0/inst/m01_nodes/m01_aw_node/inst/inst_mi_handler/\gen_normal_area.gen_node_prog_full.inst_node_prog_full /\gen_xpm_memory_fifo.inst_fifo /\gen_mem_rep[0].inst_xpm_memory . (constraint file  auto generated constraint).
Applied set_property KEEP_HIERARCHY = SOFT for ip_integrator_i/smartconnect_0/inst/m01_nodes/m01_w_node/inst/inst_mi_handler/\gen_normal_area.gen_node_prog_full.inst_node_prog_full /\gen_xpm_memory_fifo.inst_fifo /\gen_mem_rep[0].inst_xpm_memory . (constraint file  auto generated constraint).
Applied set_property KEEP_HIERARCHY = SOFT for ip_integrator_i/smartconnect_0/inst/m02_nodes/m02_ar_node/inst/inst_mi_handler/\gen_normal_area.gen_node_prog_full.inst_node_prog_full /\gen_xpm_memory_fifo.inst_fifo /\gen_mem_rep[0].inst_xpm_memory . (constraint file  auto generated constraint).
Applied set_property KEEP_HIERARCHY = SOFT for ip_integrator_i/smartconnect_0/inst/m02_nodes/m02_aw_node/inst/inst_mi_handler/\gen_normal_area.gen_node_prog_full.inst_node_prog_full /\gen_xpm_memory_fifo.inst_fifo /\gen_mem_rep[0].inst_xpm_memory . (constraint file  auto generated constraint).
Applied set_property KEEP_HIERARCHY = SOFT for ip_integrator_i/smartconnect_0/inst/m02_nodes/m02_w_node/inst/inst_mi_handler/\gen_normal_area.gen_node_prog_full.inst_node_prog_full /\gen_xpm_memory_fifo.inst_fifo /\gen_mem_rep[0].inst_xpm_memory . (constraint file  auto generated constraint).
Applied set_property KEEP_HIERARCHY = SOFT for ip_integrator_i/smartconnect_0/inst/s00_nodes/s00_b_node/inst/inst_mi_handler/\gen_normal_area.gen_node_prog_full.inst_node_prog_full /\gen_xpm_memory_fifo.inst_fifo /\gen_mem_rep[0].inst_xpm_memory . (constraint file  auto generated constraint).
Applied set_property KEEP_HIERARCHY = SOFT for ip_integrator_i/smartconnect_0/inst/s00_nodes/s00_r_node/inst/inst_mi_handler/\gen_normal_area.gen_node_prog_full.inst_node_prog_full /\gen_xpm_memory_fifo.inst_fifo /\gen_mem_rep[0].inst_xpm_memory . (constraint file  auto generated constraint).
Applied set_property KEEP_HIERARCHY = SOFT for ip_integrator_i/smartconnect_0/inst/m00_nodes/m00_ar_node/inst/inst_mi_handler/\gen_normal_area.inst_fifo_node_payld /\gen_xpm_memory_fifo.inst_fifo /\gen_mem_rep[0].inst_xpm_memory . (constraint file  auto generated constraint).
Applied set_property KEEP_HIERARCHY = SOFT for ip_integrator_i/smartconnect_0/inst/m00_nodes/m00_aw_node/inst/inst_mi_handler/\gen_normal_area.inst_fifo_node_payld /\gen_xpm_memory_fifo.inst_fifo /\gen_mem_rep[0].inst_xpm_memory . (constraint file  auto generated constraint).
Applied set_property KEEP_HIERARCHY = SOFT for ip_integrator_i/smartconnect_0/inst/m01_nodes/m01_ar_node/inst/inst_mi_handler/\gen_normal_area.inst_fifo_node_payld /\gen_xpm_memory_fifo.inst_fifo /\gen_mem_rep[0].inst_xpm_memory . (constraint file  auto generated constraint).
Applied set_property KEEP_HIERARCHY = SOFT for ip_integrator_i/smartconnect_0/inst/m01_nodes/m01_aw_node/inst/inst_mi_handler/\gen_normal_area.inst_fifo_node_payld /\gen_xpm_memory_fifo.inst_fifo /\gen_mem_rep[0].inst_xpm_memory . (constraint file  auto generated constraint).
Applied set_property KEEP_HIERARCHY = SOFT for ip_integrator_i/smartconnect_0/inst/m02_nodes/m02_ar_node/inst/inst_mi_handler/\gen_normal_area.inst_fifo_node_payld /\gen_xpm_memory_fifo.inst_fifo /\gen_mem_rep[0].inst_xpm_memory . (constraint file  auto generated constraint).
Applied set_property KEEP_HIERARCHY = SOFT for ip_integrator_i/smartconnect_0/inst/m02_nodes/m02_aw_node/inst/inst_mi_handler/\gen_normal_area.inst_fifo_node_payld /\gen_xpm_memory_fifo.inst_fifo /\gen_mem_rep[0].inst_xpm_memory . (constraint file  auto generated constraint).
Applied set_property KEEP_HIERARCHY = SOFT for ip_integrator_i/smartconnect_0/inst/m00_nodes/m00_b_node/inst/inst_mi_handler/\gen_normal_area.gen_fifo_req.inst_fifo_req /\gen_xpm_memory_fifo.inst_fifo /\gen_mem_rep[0].inst_xpm_memory . (constraint file  auto generated constraint).
Applied set_property KEEP_HIERARCHY = SOFT for ip_integrator_i/smartconnect_0/inst/m00_nodes/m00_r_node/inst/inst_mi_handler/\gen_normal_area.gen_fifo_req.inst_fifo_req /\gen_xpm_memory_fifo.inst_fifo /\gen_mem_rep[0].inst_xpm_memory . (constraint file  auto generated constraint).
Applied set_property KEEP_HIERARCHY = SOFT for ip_integrator_i/smartconnect_0/inst/m01_nodes/m01_b_node/inst/inst_mi_handler/\gen_normal_area.gen_fifo_req.inst_fifo_req /\gen_xpm_memory_fifo.inst_fifo /\gen_mem_rep[0].inst_xpm_memory . (constraint file  auto generated constraint).
Applied set_property KEEP_HIERARCHY = SOFT for ip_integrator_i/smartconnect_0/inst/m01_nodes/m01_r_node/inst/inst_mi_handler/\gen_normal_area.gen_fifo_req.inst_fifo_req /\gen_xpm_memory_fifo.inst_fifo /\gen_mem_rep[0].inst_xpm_memory . (constraint file  auto generated constraint).
Applied set_property KEEP_HIERARCHY = SOFT for ip_integrator_i/smartconnect_0/inst/m02_nodes/m02_b_node/inst/inst_mi_handler/\gen_normal_area.gen_fifo_req.inst_fifo_req /\gen_xpm_memory_fifo.inst_fifo /\gen_mem_rep[0].inst_xpm_memory . (constraint file  auto generated constraint).
Applied set_property KEEP_HIERARCHY = SOFT for ip_integrator_i/smartconnect_0/inst/m02_nodes/m02_r_node/inst/inst_mi_handler/\gen_normal_area.gen_fifo_req.inst_fifo_req /\gen_xpm_memory_fifo.inst_fifo /\gen_mem_rep[0].inst_xpm_memory . (constraint file  auto generated constraint).
Applied set_property KEEP_HIERARCHY = SOFT for ip_integrator_i/smartconnect_0/inst/m00_nodes/m00_b_node/inst/inst_mi_handler/\gen_normal_area.inst_fifo_node_payld /\gen_xpm_memory_fifo.inst_fifo /\gen_mem_rep[0].inst_xpm_memory . (constraint file  auto generated constraint).
Applied set_property KEEP_HIERARCHY = SOFT for ip_integrator_i/smartconnect_0/inst/m01_nodes/m01_b_node/inst/inst_mi_handler/\gen_normal_area.inst_fifo_node_payld /\gen_xpm_memory_fifo.inst_fifo /\gen_mem_rep[0].inst_xpm_memory . (constraint file  auto generated constraint).
Applied set_property KEEP_HIERARCHY = SOFT for ip_integrator_i/smartconnect_0/inst/m02_nodes/m02_b_node/inst/inst_mi_handler/\gen_normal_area.inst_fifo_node_payld /\gen_xpm_memory_fifo.inst_fifo /\gen_mem_rep[0].inst_xpm_memory . (constraint file  auto generated constraint).
Applied set_property KEEP_HIERARCHY = SOFT for ip_integrator_i/smartconnect_0/inst/m00_nodes/m00_r_node/inst/inst_mi_handler/\gen_normal_area.inst_fifo_node_payld /\gen_xpm_memory_fifo.inst_fifo /\gen_mem_rep[0].inst_xpm_memory . (constraint file  auto generated constraint).
Applied set_property KEEP_HIERARCHY = SOFT for ip_integrator_i/smartconnect_0/inst/m01_nodes/m01_r_node/inst/inst_mi_handler/\gen_normal_area.inst_fifo_node_payld /\gen_xpm_memory_fifo.inst_fifo /\gen_mem_rep[0].inst_xpm_memory . (constraint file  auto generated constraint).
Applied set_property KEEP_HIERARCHY = SOFT for ip_integrator_i/smartconnect_0/inst/m02_nodes/m02_r_node/inst/inst_mi_handler/\gen_normal_area.inst_fifo_node_payld /\gen_xpm_memory_fifo.inst_fifo /\gen_mem_rep[0].inst_xpm_memory . (constraint file  auto generated constraint).
Applied set_property KEEP_HIERARCHY = SOFT for ip_integrator_i/smartconnect_0/inst/m00_nodes/m00_w_node/inst/inst_mi_handler/\gen_normal_area.inst_fifo_node_payld /\gen_xpm_memory_fifo.inst_fifo /\gen_mem_rep[0].inst_xpm_memory . (constraint file  auto generated constraint).
Applied set_property KEEP_HIERARCHY = SOFT for ip_integrator_i/smartconnect_0/inst/m01_nodes/m01_w_node/inst/inst_mi_handler/\gen_normal_area.inst_fifo_node_payld /\gen_xpm_memory_fifo.inst_fifo /\gen_mem_rep[0].inst_xpm_memory . (constraint file  auto generated constraint).
Applied set_property KEEP_HIERARCHY = SOFT for ip_integrator_i/smartconnect_0/inst/m02_nodes/m02_w_node/inst/inst_mi_handler/\gen_normal_area.inst_fifo_node_payld /\gen_xpm_memory_fifo.inst_fifo /\gen_mem_rep[0].inst_xpm_memory . (constraint file  auto generated constraint).
Applied set_property KEEP_HIERARCHY = SOFT for ip_integrator_i/smartconnect_0/inst/s00_nodes/s00_r_node/inst/inst_mi_handler/\gen_normal_area.inst_fifo_node_payld /\gen_xpm_memory_fifo.inst_fifo /\gen_mem_rep[0].inst_xpm_memory . (constraint file  auto generated constraint).
Applied set_property KEEP_HIERARCHY = SOFT for ip_integrator_i/smartconnect_0/inst/s00_nodes/s00_ar_node/inst/inst_mi_handler/\gen_normal_area.gen_fifo_req.inst_fifo_req /\gen_xpm_memory_fifo.inst_fifo /\gen_mem_rep[0].inst_xpm_memory . (constraint file  auto generated constraint).
Applied set_property KEEP_HIERARCHY = SOFT for ip_integrator_i/smartconnect_0/inst/s00_nodes/s00_aw_node/inst/inst_mi_handler/\gen_normal_area.gen_fifo_req.inst_fifo_req /\gen_xpm_memory_fifo.inst_fifo /\gen_mem_rep[0].inst_xpm_memory . (constraint file  auto generated constraint).
Applied set_property KEEP_HIERARCHY = SOFT for ip_integrator_i/smartconnect_0/inst/s00_nodes/s00_w_node/inst/inst_mi_handler/\gen_normal_area.gen_fifo_req.inst_fifo_req /\gen_xpm_memory_fifo.inst_fifo /\gen_mem_rep[0].inst_xpm_memory . (constraint file  auto generated constraint).
Applied set_property KEEP_HIERARCHY = SOFT for ip_integrator_i/smartconnect_0/inst/s00_nodes/s00_ar_node/inst/inst_mi_handler/\gen_normal_area.inst_fifo_node_payld /\gen_xpm_memory_fifo.inst_fifo /\gen_mem_rep[0].inst_xpm_memory . (constraint file  auto generated constraint).
Applied set_property KEEP_HIERARCHY = SOFT for ip_integrator_i/smartconnect_0/inst/s00_nodes/s00_aw_node/inst/inst_mi_handler/\gen_normal_area.inst_fifo_node_payld /\gen_xpm_memory_fifo.inst_fifo /\gen_mem_rep[0].inst_xpm_memory . (constraint file  auto generated constraint).
Applied set_property KEEP_HIERARCHY = SOFT for ip_integrator_i/smartconnect_0/inst/s00_nodes/s00_b_node/inst/inst_mi_handler/\gen_normal_area.inst_fifo_node_payld /\gen_xpm_memory_fifo.inst_fifo /\gen_mem_rep[0].inst_xpm_memory . (constraint file  auto generated constraint).
Applied set_property KEEP_HIERARCHY = SOFT for ip_integrator_i/smartconnect_0/inst/s00_nodes/s00_w_node/inst/inst_mi_handler/\gen_normal_area.inst_fifo_node_payld /\gen_xpm_memory_fifo.inst_fifo /\gen_mem_rep[0].inst_xpm_memory . (constraint file  auto generated constraint).
---------------------------------------------------------------------------------
Finished applying 'set_property' XDC Constraints : Time (s): cpu = 00:00:52 ; elapsed = 00:00:55 . Memory (MB): peak = 2127.500 ; gain = 865.816
---------------------------------------------------------------------------------
INFO: [Synth 8-802] inferred FSM for state register 'state_reg' in module 'slave_attachment'
INFO: [Synth 8-802] inferred FSM for state register 'arb_sm_cs_reg' in module 'sng_port_arb'
INFO: [Synth 8-802] inferred FSM for state register 'GEN_WDATA_SM_NO_ECC_SNG_REG_WREADY.wr_data_sng_sm_cs_reg' in module 'wr_chnl'
INFO: [Synth 8-802] inferred FSM for state register 'GEN_NO_RD_CMD_OPT.rd_data_sm_cs_reg' in module 'rd_chnl'
INFO: [Synth 8-802] inferred FSM for state register 'GEN_NO_RD_CMD_OPT.rlast_sm_cs_reg' in module 'rd_chnl'
INFO: [Synth 8-4490] FSM extraction disabled for register 'gen_pipelined.state_reg' through user attribute
INFO: [Synth 8-4490] FSM extraction disabled for register 'gen_pipelined.state_reg' through user attribute
INFO: [Synth 8-4490] FSM extraction disabled for register 'gen_AB_reg_slice.state_reg' through user attribute
INFO: [Synth 8-802] inferred FSM for state register 'w_state_reg' in module 'sc_exit_v1_0_12_axilite_conv'
INFO: [Synth 8-802] inferred FSM for state register 'r_state_reg' in module 'sc_exit_v1_0_12_axilite_conv'
INFO: [Synth 8-4490] FSM extraction disabled for register 'gen_pipelined.state_reg' through user attribute
INFO: [Synth 8-802] inferred FSM for state register 'gen_axi.gen_write.write_cs_reg' in module 'sc_mmu_v1_0_10_decerr_slave'
INFO: [Synth 8-4490] FSM extraction disabled for register 'gen_pipelined.state_reg' through user attribute
INFO: [Synth 8-4490] FSM extraction disabled for register 'gen_pipelined.state_reg' through user attribute
INFO: [Synth 8-4490] FSM extraction disabled for register 'gen_pipelined.state_reg' through user attribute
INFO: [Synth 8-4490] FSM extraction disabled for register 'gen_pipelined.state_reg' through user attribute
INFO: [Synth 8-4490] FSM extraction disabled for register 'gen_pipelined.state_reg' through user attribute
INFO: [Synth 8-802] inferred FSM for state register 'state_reg' in module 'sc_transaction_regulator_v1_0_9_multithread'
INFO: [Synth 8-4490] FSM extraction disabled for register 'gen_AB_reg_slice.state_reg' through user attribute
---------------------------------------------------------------------------------------------------
                   State |                     New Encoding |                Previous Encoding 
---------------------------------------------------------------------------------------------------
                 iSTATE2 |                             0001 |                               00
                  iSTATE |                             0010 |                               01
                 iSTATE0 |                             0100 |                               10
                 iSTATE1 |                             1000 |                               11
---------------------------------------------------------------------------------------------------
INFO: [Synth 8-3354] encoded FSM with state register 'state_reg' using encoding 'one-hot' in module 'slave_attachment'
---------------------------------------------------------------------------------------------------
                   State |                     New Encoding |                Previous Encoding 
---------------------------------------------------------------------------------------------------
                    idle |                               00 |                               00
                 wr_data |                               01 |                               10
                 rd_data |                               10 |                               01
---------------------------------------------------------------------------------------------------
INFO: [Synth 8-3354] encoded FSM with state register 'arb_sm_cs_reg' using encoding 'sequential' in module 'sng_port_arb'
---------------------------------------------------------------------------------------------------
                   State |                     New Encoding |                Previous Encoding 
---------------------------------------------------------------------------------------------------
                    idle |                              001 |                               00
            brst_wr_data |                              010 |                               10
             sng_wr_data |                              100 |                               01
---------------------------------------------------------------------------------------------------
INFO: [Synth 8-3354] encoded FSM with state register 'GEN_WDATA_SM_NO_ECC_SNG_REG_WREADY.wr_data_sng_sm_cs_reg' using encoding 'one-hot' in module 'wr_chnl'
---------------------------------------------------------------------------------------------------
                   State |                     New Encoding |                Previous Encoding 
---------------------------------------------------------------------------------------------------
                    idle |                             0000 |                             0000
                sng_addr |                             0001 |                             0011
                sec_addr |                             0010 |                             0100
               full_pipe |                             0011 |                             0101
           full_throttle |                             0100 |                             0110
               last_addr |                             0101 |                             0111
           last_throttle |                             0110 |                             1000
               last_data |                             0111 |                             1001
       last_data_ar_pend |                             1000 |                             1010
---------------------------------------------------------------------------------------------------
INFO: [Synth 8-3354] encoded FSM with state register 'GEN_NO_RD_CMD_OPT.rd_data_sm_cs_reg' using encoding 'sequential' in module 'rd_chnl'
---------------------------------------------------------------------------------------------------
                   State |                     New Encoding |                Previous Encoding 
---------------------------------------------------------------------------------------------------
                    idle |                              000 |                              000
          w8_throttle_b2 |                              001 |                              101
             w8_throttle |                              010 |                              010
        w8_2nd_last_data |                              011 |                              011
            w8_last_data |                              100 |                              100
---------------------------------------------------------------------------------------------------
INFO: [Synth 8-3354] encoded FSM with state register 'GEN_NO_RD_CMD_OPT.rlast_sm_cs_reg' using encoding 'sequential' in module 'rd_chnl'
---------------------------------------------------------------------------------------------------
                   State |                     New Encoding |                Previous Encoding 
---------------------------------------------------------------------------------------------------
                  W_IDLE |                              000 | 00000000000000000000000000000000
                    W_RX |                              001 | 00000000000000000000000000000001
                    W_TX |                              010 | 00000000000000000000000000000010
              W_COMPLETE |                              011 | 00000000000000000000000000000100
               W_RECOVER |                              100 | 00000000000000000000000000000011
---------------------------------------------------------------------------------------------------
INFO: [Synth 8-3354] encoded FSM with state register 'w_state_reg' using encoding 'sequential' in module 'sc_exit_v1_0_12_axilite_conv'
---------------------------------------------------------------------------------------------------
                   State |                     New Encoding |                Previous Encoding 
---------------------------------------------------------------------------------------------------
                  R_IDLE |                               00 | 00000000000000000000000000000000
                    R_RX |                               01 | 00000000000000000000000000000001
                    R_TX |                               10 | 00000000000000000000000000000010
---------------------------------------------------------------------------------------------------
INFO: [Synth 8-3354] encoded FSM with state register 'r_state_reg' using encoding 'sequential' in module 'sc_exit_v1_0_12_axilite_conv'
---------------------------------------------------------------------------------------------------
                   State |                     New Encoding |                Previous Encoding 
---------------------------------------------------------------------------------------------------
            P_WRITE_IDLE |                              001 |                               00
            P_WRITE_DATA |                              010 |                               01
            P_WRITE_RESP |                              100 |                               10
---------------------------------------------------------------------------------------------------
INFO: [Synth 8-3354] encoded FSM with state register 'gen_axi.gen_write.write_cs_reg' using encoding 'one-hot' in module 'sc_mmu_v1_0_10_decerr_slave'
---------------------------------------------------------------------------------------------------
                   State |                     New Encoding |                Previous Encoding 
---------------------------------------------------------------------------------------------------
                    INIT |                              000 | 00000000000000000000000000000000
                    IDLE |                              001 | 00000000000000000000000000000001
                DEADLOCK |                              010 | 00000000000000000000000000000010
                OVERFLOW |                              011 | 00000000000000000000000000000100
                ALLOCATE |                              100 | 00000000000000000000000000000011
                 REFRESH |                              101 | 00000000000000000000000000000101
---------------------------------------------------------------------------------------------------
INFO: [Synth 8-3354] encoded FSM with state register 'state_reg' using encoding 'sequential' in module 'sc_transaction_regulator_v1_0_9_multithread'
---------------------------------------------------------------------------------
Finished RTL Optimization Phase 2 : Time (s): cpu = 00:00:58 ; elapsed = 00:01:01 . Memory (MB): peak = 2127.500 ; gain = 865.816
---------------------------------------------------------------------------------
---------------------------------------------------------------------------------
Start RTL Component Statistics 
---------------------------------------------------------------------------------
Detailed RTL Component Info : 
+---Adders : 
	   2 Input   32 Bit       Adders := 3     
	   3 Input   32 Bit       Adders := 1     
	   2 Input   12 Bit       Adders := 2     
	   2 Input   10 Bit       Adders := 2     
	   2 Input    9 Bit       Adders := 3     
	   2 Input    8 Bit       Adders := 20    
	   2 Input    7 Bit       Adders := 4     
	   3 Input    6 Bit       Adders := 5     
	   2 Input    6 Bit       Adders := 242   
	   2 Input    5 Bit       Adders := 16    
	   3 Input    5 Bit       Adders := 5     
	   4 Input    5 Bit       Adders := 5     
	   2 Input    4 Bit       Adders := 46    
	   3 Input    4 Bit       Adders := 2     
	   2 Input    3 Bit       Adders := 3     
	   2 Input    2 Bit       Adders := 14    
	   3 Input    1 Bit       Adders := 8     
+---XORs : 
	   2 Input     32 Bit         XORs := 1     
	   2 Input      1 Bit         XORs := 336   
+---Registers : 
	             2178 Bit    Registers := 54    
	              512 Bit    Registers := 1     
	              162 Bit    Registers := 6     
	              144 Bit    Registers := 8     
	              104 Bit    Registers := 1     
	               72 Bit    Registers := 4     
	               64 Bit    Registers := 5     
	               54 Bit    Registers := 4     
	               53 Bit    Registers := 4     
	               47 Bit    Registers := 3     
	               42 Bit    Registers := 4     
	               41 Bit    Registers := 5     
	               33 Bit    Registers := 3     
	               32 Bit    Registers := 11    
	               26 Bit    Registers := 1     
	               21 Bit    Registers := 4     
	               20 Bit    Registers := 3     
	               18 Bit    Registers := 6     
	               16 Bit    Registers := 1     
	               14 Bit    Registers := 1     
	               13 Bit    Registers := 1     
	               12 Bit    Registers := 16    
	               11 Bit    Registers := 2     
	               10 Bit    Registers := 4     
	                9 Bit    Registers := 4     
	                8 Bit    Registers := 24    
	                7 Bit    Registers := 7     
	                6 Bit    Registers := 122   
	                5 Bit    Registers := 29    
	                4 Bit    Registers := 69    
	                3 Bit    Registers := 102   
	                2 Bit    Registers := 43    
	                1 Bit    Registers := 1174  
+---RAMs : 
	             1024 Bit	(32 X 32 bit)          RAMs := 1     
+---Muxes : 
	   2 Input 2178 Bit        Muxes := 26    
	   2 Input  144 Bit        Muxes := 6     
	   2 Input   54 Bit        Muxes := 3     
	   4 Input   53 Bit        Muxes := 1     
	   2 Input   47 Bit        Muxes := 3     
	   2 Input   42 Bit        Muxes := 4     
	   2 Input   41 Bit        Muxes := 4     
	   2 Input   33 Bit        Muxes := 3     
	   3 Input   32 Bit        Muxes := 1     
	   2 Input   32 Bit        Muxes := 28    
	   5 Input   32 Bit        Muxes := 1     
	   2 Input   21 Bit        Muxes := 4     
	   2 Input   16 Bit        Muxes := 1     
	   2 Input   14 Bit        Muxes := 1     
	   3 Input   13 Bit        Muxes := 1     
	   2 Input   13 Bit        Muxes := 1     
	   2 Input   12 Bit        Muxes := 21    
	   5 Input   12 Bit        Muxes := 1     
	   5 Input   11 Bit        Muxes := 4     
	   2 Input   11 Bit        Muxes := 10    
	   5 Input    9 Bit        Muxes := 1     
	   2 Input    9 Bit        Muxes := 4     
	   3 Input    8 Bit        Muxes := 1     
	   2 Input    8 Bit        Muxes := 62    
	   7 Input    8 Bit        Muxes := 2     
	   2 Input    7 Bit        Muxes := 24    
	   4 Input    7 Bit        Muxes := 1     
	   2 Input    6 Bit        Muxes := 42    
	   2 Input    5 Bit        Muxes := 15    
	   4 Input    5 Bit        Muxes := 8     
	   2 Input    4 Bit        Muxes := 87    
	   3 Input    4 Bit        Muxes := 2     
	   4 Input    4 Bit        Muxes := 2     
	   9 Input    4 Bit        Muxes := 2     
	   8 Input    4 Bit        Muxes := 2     
	   4 Input    3 Bit        Muxes := 20    
	  11 Input    3 Bit        Muxes := 18    
	   2 Input    3 Bit        Muxes := 42    
	   5 Input    3 Bit        Muxes := 5     
	   9 Input    3 Bit        Muxes := 2     
	   6 Input    3 Bit        Muxes := 2     
	   8 Input    3 Bit        Muxes := 5     
	   3 Input    3 Bit        Muxes := 2     
	   2 Input    2 Bit        Muxes := 214   
	   4 Input    2 Bit        Muxes := 8     
	   3 Input    2 Bit        Muxes := 9     
	   5 Input    2 Bit        Muxes := 1     
	   7 Input    2 Bit        Muxes := 9     
	   8 Input    2 Bit        Muxes := 2     
	   6 Input    1 Bit        Muxes := 226   
	   4 Input    1 Bit        Muxes := 60    
	  10 Input    1 Bit        Muxes := 78    
	   7 Input    1 Bit        Muxes := 52    
	  12 Input    1 Bit        Muxes := 20    
	   2 Input    1 Bit        Muxes := 634   
	   5 Input    1 Bit        Muxes := 18    
	   3 Input    1 Bit        Muxes := 57    
	   9 Input    1 Bit        Muxes := 38    
	   8 Input    1 Bit        Muxes := 5     
---------------------------------------------------------------------------------
Finished RTL Component Statistics 
---------------------------------------------------------------------------------
---------------------------------------------------------------------------------
Start Part Resource Summary
---------------------------------------------------------------------------------
Part Resources:
DSPs: 220 (col length:60)
BRAMs: 280 (col length: RAMB18 60 RAMB36 30)
---------------------------------------------------------------------------------
Finished Part Resource Summary
---------------------------------------------------------------------------------
---------------------------------------------------------------------------------
Start Cross Boundary and Area Optimization
---------------------------------------------------------------------------------
WARNING: [Synth 8-7080] Parallel synthesis criteria is not met
INFO: [Synth 8-3332] Sequential element (gpio_core_1/Not_Dual.INPUT_DOUBLE_REGS3/GENERATE_LEVEL_P_S_CDC.MULTI_BIT.FOR_IN_cdc_to[0].CROSS2_PLEVEL_IN2SCNDRY_IN_cdc_to) is unused and will be removed from module axi_gpio.
INFO: [Synth 8-3332] Sequential element (gpio_core_1/Not_Dual.INPUT_DOUBLE_REGS3/GENERATE_LEVEL_P_S_CDC.MULTI_BIT.FOR_CROSS_PLEVEL_IN2SCNDRY_bus_d2[0].CROSS2_PLEVEL_IN2SCNDRY_s_level_out_bus_d2) is unused and will be removed from module axi_gpio.
INFO: [Synth 8-3332] Sequential element (gpio_core_1/Not_Dual.INPUT_DOUBLE_REGS3/GENERATE_LEVEL_P_S_CDC.MULTI_BIT.FOR_CROSS_PLEVEL_IN2SCNDRY_bus_d3[0].CROSS2_PLEVEL_IN2SCNDRY_s_level_out_bus_d3) is unused and will be removed from module axi_gpio.
INFO: [Synth 8-3332] Sequential element (gpio_core_1/Not_Dual.INPUT_DOUBLE_REGS3/GENERATE_LEVEL_P_S_CDC.MULTI_BIT.FOR_CROSS_PLEVEL_IN2SCNDRY_bus_d4[0].CROSS2_PLEVEL_IN2SCNDRY_s_level_out_bus_d4) is unused and will be removed from module axi_gpio.
INFO: [Synth 8-3332] Sequential element (gpio_core_1/Not_Dual.INPUT_DOUBLE_REGS3/GENERATE_LEVEL_P_S_CDC.MULTI_BIT.FOR_CROSS_PLEVEL_IN2SCNDRY_bus_d5[0].CROSS2_PLEVEL_IN2SCNDRY_s_level_out_bus_d5) is unused and will be removed from module axi_gpio.
INFO: [Synth 8-3332] Sequential element (gpio_core_1/Not_Dual.INPUT_DOUBLE_REGS3/GENERATE_LEVEL_P_S_CDC.MULTI_BIT.FOR_CROSS_PLEVEL_IN2SCNDRY_bus_d6[0].CROSS2_PLEVEL_IN2SCNDRY_s_level_out_bus_d6) is unused and will be removed from module axi_gpio.
INFO: [Synth 8-3332] Sequential element (U0/gext_inst.abcv4_0_ext_inst/GEN_AXI4.I_FULL_AXI/I_WR_CHNL/BID_FIFO/Data_Exists_DFF) is unused and will be removed from module ip_integrator_axi_bram_ctrl_1_0.
INFO: [Synth 8-3332] Sequential element (U0/gext_inst.abcv4_0_ext_inst/GEN_AXI4.I_FULL_AXI/I_WR_CHNL/BID_FIFO/Addr_Counters[0].FDRE_I) is unused and will be removed from module ip_integrator_axi_bram_ctrl_1_0.
INFO: [Synth 8-3332] Sequential element (U0/gext_inst.abcv4_0_ext_inst/GEN_AXI4.I_FULL_AXI/I_WR_CHNL/BID_FIFO/Addr_Counters[1].FDRE_I) is unused and will be removed from module ip_integrator_axi_bram_ctrl_1_0.
INFO: [Synth 8-3332] Sequential element (U0/gext_inst.abcv4_0_ext_inst/GEN_AXI4.I_FULL_AXI/I_WR_CHNL/BID_FIFO/Addr_Counters[2].FDRE_I) is unused and will be removed from module ip_integrator_axi_bram_ctrl_1_0.
INFO: [Synth 8-3332] Sequential element (U0/gext_inst.abcv4_0_ext_inst/GEN_AXI4.I_FULL_AXI/I_WR_CHNL/BID_FIFO/Addr_Counters[3].FDRE_I) is unused and will be removed from module ip_integrator_axi_bram_ctrl_1_0.
INFO: [Synth 8-3332] Sequential element (U0/gext_inst.abcv4_0_ext_inst/GEN_AXI4.I_FULL_AXI/I_WR_CHNL/BID_FIFO/Data_Exists_DFF) is unused and will be removed from module ip_integrator_axi_bram_ctrl_0_0.
INFO: [Synth 8-3332] Sequential element (U0/gext_inst.abcv4_0_ext_inst/GEN_AXI4.I_FULL_AXI/I_WR_CHNL/BID_FIFO/Addr_Counters[0].FDRE_I) is unused and will be removed from module ip_integrator_axi_bram_ctrl_0_0.
INFO: [Synth 8-3332] Sequential element (U0/gext_inst.abcv4_0_ext_inst/GEN_AXI4.I_FULL_AXI/I_WR_CHNL/BID_FIFO/Addr_Counters[1].FDRE_I) is unused and will be removed from module ip_integrator_axi_bram_ctrl_0_0.
INFO: [Synth 8-3332] Sequential element (U0/gext_inst.abcv4_0_ext_inst/GEN_AXI4.I_FULL_AXI/I_WR_CHNL/BID_FIFO/Addr_Counters[2].FDRE_I) is unused and will be removed from module ip_integrator_axi_bram_ctrl_0_0.
INFO: [Synth 8-3332] Sequential element (U0/gext_inst.abcv4_0_ext_inst/GEN_AXI4.I_FULL_AXI/I_WR_CHNL/BID_FIFO/Addr_Counters[3].FDRE_I) is unused and will be removed from module ip_integrator_axi_bram_ctrl_0_0.
WARNING: [Synth 8-3332] Sequential element (EXT_LPF/ACTIVE_LOW_EXT.ACT_LO_EXT/GENERATE_LEVEL_P_S_CDC.SINGLE_BIT.CROSS_PLEVEL_IN2SCNDRY_s_level_out_d5) is unused and will be removed from module proc_sys_reset.
WARNING: [Synth 8-3332] Sequential element (EXT_LPF/ACTIVE_LOW_EXT.ACT_LO_EXT/GENERATE_LEVEL_P_S_CDC.SINGLE_BIT.CROSS_PLEVEL_IN2SCNDRY_s_level_out_d6) is unused and will be removed from module proc_sys_reset.
WARNING: [Synth 8-3332] Sequential element (EXT_LPF/ACTIVE_LOW_AUX.ACT_LO_AUX/GENERATE_LEVEL_P_S_CDC.SINGLE_BIT.CROSS_PLEVEL_IN2SCNDRY_IN_cdc_to) is unused and will be removed from module proc_sys_reset.
WARNING: [Synth 8-3332] Sequential element (EXT_LPF/ACTIVE_LOW_AUX.ACT_LO_AUX/GENERATE_LEVEL_P_S_CDC.SINGLE_BIT.CROSS_PLEVEL_IN2SCNDRY_s_level_out_d2) is unused and will be removed from module proc_sys_reset.
WARNING: [Synth 8-3332] Sequential element (EXT_LPF/ACTIVE_LOW_AUX.ACT_LO_AUX/GENERATE_LEVEL_P_S_CDC.SINGLE_BIT.CROSS_PLEVEL_IN2SCNDRY_s_level_out_d3) is unused and will be removed from module proc_sys_reset.
WARNING: [Synth 8-3332] Sequential element (EXT_LPF/ACTIVE_LOW_AUX.ACT_LO_AUX/GENERATE_LEVEL_P_S_CDC.SINGLE_BIT.CROSS_PLEVEL_IN2SCNDRY_s_level_out_d4) is unused and will be removed from module proc_sys_reset.
WARNING: [Synth 8-3332] Sequential element (EXT_LPF/ACTIVE_LOW_AUX.ACT_LO_AUX/GENERATE_LEVEL_P_S_CDC.SINGLE_BIT.CROSS_PLEVEL_IN2SCNDRY_s_level_out_d5) is unused and will be removed from module proc_sys_reset.
WARNING: [Synth 8-3332] Sequential element (EXT_LPF/ACTIVE_LOW_AUX.ACT_LO_AUX/GENERATE_LEVEL_P_S_CDC.SINGLE_BIT.CROSS_PLEVEL_IN2SCNDRY_s_level_out_d6) is unused and will be removed from module proc_sys_reset.
WARNING: [Synth 8-3332] Sequential element (FDRE_inst) is unused and will be removed from module proc_sys_reset.
WARNING: [Synth 8-3332] Sequential element (BSR_OUT_DFF[0].FDRE_BSR) is unused and will be removed from module proc_sys_reset.
WARNING: [Synth 8-3332] Sequential element (ACTIVE_LOW_BSR_OUT_DFF[0].FDRE_BSR_N) is unused and will be removed from module proc_sys_reset.
WARNING: [Synth 8-3332] Sequential element (PR_OUT_DFF[0].FDRE_PER) is unused and will be removed from module proc_sys_reset.
---------------------------------------------------------------------------------
Finished Cross Boundary and Area Optimization : Time (s): cpu = 00:01:51 ; elapsed = 00:01:56 . Memory (MB): peak = 2127.500 ; gain = 865.816
---------------------------------------------------------------------------------
---------------------------------------------------------------------------------
Start ROM, RAM, DSP, Shift Register and Retiming Reporting
---------------------------------------------------------------------------------

Distributed RAM: Preliminary Mapping Report (see note below)
+-------------------------------------------------------------------------------------------------------------------------------------------------------------------------------------------------------------------+----------------------------------+----------------+----------------------+--------------+
|Module Name                                                                                                                                                                                                        | RTL Object                       | Inference      | Size (Depth x Width) | Primitives   | 
+-------------------------------------------------------------------------------------------------------------------------------------------------------------------------------------------------------------------+----------------------------------+----------------+----------------------+--------------+
|ip_integrator_i/smartconnect_0/insti_0/\m00_nodes/m00_ar_node/inst /\inst_mi_handler/gen_normal_area.inst_fifo_node_payld/gen_xpm_memory_fifo.inst_fifo/gen_mem_rep[0].inst_xpm_memory /xpm_memory_base_inst       | gen_wr_a.gen_word_narrow.mem_reg | User Attribute | 32 x 162             | RAM32M x 27  | 
|ip_integrator_i/smartconnect_0/insti_0/\m00_nodes/m00_aw_node/inst /\inst_mi_handler/gen_normal_area.inst_fifo_node_payld/gen_xpm_memory_fifo.inst_fifo/gen_mem_rep[0].inst_xpm_memory /xpm_memory_base_inst       | gen_wr_a.gen_word_narrow.mem_reg | User Attribute | 32 x 162             | RAM32M x 27  | 
|ip_integrator_i/smartconnect_0/insti_0/\m00_nodes/m00_b_node/inst /\inst_mi_handler/gen_normal_area.inst_fifo_node_payld/gen_xpm_memory_fifo.inst_fifo/gen_mem_rep[0].inst_xpm_memory /xpm_memory_base_inst        | gen_wr_a.gen_word_narrow.mem_reg | User Attribute | 32 x 7               | RAM32M x 2   | 
|ip_integrator_i/smartconnect_0/insti_0/\m00_nodes/m00_r_node/inst /\inst_mi_handler/gen_normal_area.inst_fifo_node_payld/gen_xpm_memory_fifo.inst_fifo/gen_mem_rep[0].inst_xpm_memory /xpm_memory_base_inst        | gen_wr_a.gen_word_narrow.mem_reg | User Attribute | 32 x 53              | RAM32M x 9   | 
|ip_integrator_i/smartconnect_0/insti_0/\m00_nodes/m00_w_node/inst /\inst_mi_handler/gen_normal_area.inst_fifo_node_payld/gen_xpm_memory_fifo.inst_fifo/gen_mem_rep[0].inst_xpm_memory /xpm_memory_base_inst        | gen_wr_a.gen_word_narrow.mem_reg | User Attribute | 32 x 72              | RAM32M x 12  | 
|ip_integrator_i/smartconnect_0/insti_0/\m01_nodes/m01_ar_node/inst /\inst_mi_handler/gen_normal_area.inst_fifo_node_payld/gen_xpm_memory_fifo.inst_fifo/gen_mem_rep[0].inst_xpm_memory /xpm_memory_base_inst       | gen_wr_a.gen_word_narrow.mem_reg | User Attribute | 32 x 162             | RAM32M x 27  | 
|ip_integrator_i/smartconnect_0/insti_0/\m01_nodes/m01_aw_node/inst /\inst_mi_handler/gen_normal_area.inst_fifo_node_payld/gen_xpm_memory_fifo.inst_fifo/gen_mem_rep[0].inst_xpm_memory /xpm_memory_base_inst       | gen_wr_a.gen_word_narrow.mem_reg | User Attribute | 32 x 162             | RAM32M x 27  | 
|ip_integrator_i/smartconnect_0/insti_0/\m01_nodes/m01_b_node/inst /\inst_mi_handler/gen_normal_area.inst_fifo_node_payld/gen_xpm_memory_fifo.inst_fifo/gen_mem_rep[0].inst_xpm_memory /xpm_memory_base_inst        | gen_wr_a.gen_word_narrow.mem_reg | User Attribute | 32 x 7               | RAM32M x 2   | 
|ip_integrator_i/smartconnect_0/insti_0/\m01_nodes/m01_r_node/inst /\inst_mi_handler/gen_normal_area.inst_fifo_node_payld/gen_xpm_memory_fifo.inst_fifo/gen_mem_rep[0].inst_xpm_memory /xpm_memory_base_inst        | gen_wr_a.gen_word_narrow.mem_reg | User Attribute | 32 x 53              | RAM32M x 9   | 
|ip_integrator_i/smartconnect_0/insti_0/\m01_nodes/m01_w_node/inst /\inst_mi_handler/gen_normal_area.inst_fifo_node_payld/gen_xpm_memory_fifo.inst_fifo/gen_mem_rep[0].inst_xpm_memory /xpm_memory_base_inst        | gen_wr_a.gen_word_narrow.mem_reg | User Attribute | 32 x 72              | RAM32M x 12  | 
|ip_integrator_i/smartconnect_0/insti_0/\m02_nodes/m02_ar_node/inst /\inst_mi_handler/gen_normal_area.inst_fifo_node_payld/gen_xpm_memory_fifo.inst_fifo/gen_mem_rep[0].inst_xpm_memory /xpm_memory_base_inst       | gen_wr_a.gen_word_narrow.mem_reg | User Attribute | 32 x 162             | RAM32M x 27  | 
|ip_integrator_i/smartconnect_0/insti_0/\m02_nodes/m02_aw_node/inst /\inst_mi_handler/gen_normal_area.inst_fifo_node_payld/gen_xpm_memory_fifo.inst_fifo/gen_mem_rep[0].inst_xpm_memory /xpm_memory_base_inst       | gen_wr_a.gen_word_narrow.mem_reg | User Attribute | 32 x 162             | RAM32M x 27  | 
|ip_integrator_i/smartconnect_0/insti_0/\m02_nodes/m02_b_node/inst /\inst_mi_handler/gen_normal_area.inst_fifo_node_payld/gen_xpm_memory_fifo.inst_fifo/gen_mem_rep[0].inst_xpm_memory /xpm_memory_base_inst        | gen_wr_a.gen_word_narrow.mem_reg | User Attribute | 32 x 7               | RAM32M x 2   | 
|ip_integrator_i/smartconnect_0/insti_0/\m02_nodes/m02_r_node/inst /\inst_mi_handler/gen_normal_area.inst_fifo_node_payld/gen_xpm_memory_fifo.inst_fifo/gen_mem_rep[0].inst_xpm_memory /xpm_memory_base_inst        | gen_wr_a.gen_word_narrow.mem_reg | User Attribute | 32 x 53              | RAM32M x 9   | 
|ip_integrator_i/smartconnect_0/insti_0/\m02_nodes/m02_w_node/inst /\inst_mi_handler/gen_normal_area.inst_fifo_node_payld/gen_xpm_memory_fifo.inst_fifo/gen_mem_rep[0].inst_xpm_memory /xpm_memory_base_inst        | gen_wr_a.gen_word_narrow.mem_reg | User Attribute | 32 x 72              | RAM32M x 12  | 
|ip_integrator_i/smartconnect_0/insti_0/\s00_nodes/s00_ar_node/inst /\inst_mi_handler/gen_normal_area.gen_fifo_req.inst_fifo_req/gen_xpm_memory_fifo.inst_fifo/gen_mem_rep[0].inst_xpm_memory /xpm_memory_base_inst | gen_wr_a.gen_word_narrow.mem_reg | User Attribute | 32 x 20              | RAM32M x 4   | 
|ip_integrator_i/smartconnect_0/insti_0/\s00_nodes/s00_ar_node/inst /\inst_mi_handler/gen_normal_area.inst_fifo_node_payld/gen_xpm_memory_fifo.inst_fifo/gen_mem_rep[0].inst_xpm_memory /xpm_memory_base_inst       | gen_wr_a.gen_word_narrow.mem_reg | User Attribute | 32 x 144             | RAM32M x 24  | 
|ip_integrator_i/smartconnect_0/insti_0/\s00_nodes/s00_aw_node/inst /\inst_mi_handler/gen_normal_area.gen_fifo_req.inst_fifo_req/gen_xpm_memory_fifo.inst_fifo/gen_mem_rep[0].inst_xpm_memory /xpm_memory_base_inst | gen_wr_a.gen_word_narrow.mem_reg | User Attribute | 32 x 20              | RAM32M x 4   | 
|ip_integrator_i/smartconnect_0/insti_0/\s00_nodes/s00_aw_node/inst /\inst_mi_handler/gen_normal_area.inst_fifo_node_payld/gen_xpm_memory_fifo.inst_fifo/gen_mem_rep[0].inst_xpm_memory /xpm_memory_base_inst       | gen_wr_a.gen_word_narrow.mem_reg | User Attribute | 32 x 144             | RAM32M x 24  | 
|ip_integrator_i/smartconnect_0/insti_0/\s00_nodes/s00_b_node/inst /\inst_mi_handler/gen_normal_area.inst_fifo_node_payld/gen_xpm_memory_fifo.inst_fifo/gen_mem_rep[0].inst_xpm_memory /xpm_memory_base_inst        | gen_wr_a.gen_word_narrow.mem_reg | User Attribute | 32 x 26              | RAM32M x 5   | 
|ip_integrator_i/smartconnect_0/insti_0/\s00_nodes/s00_r_node/inst /\inst_mi_handler/gen_normal_area.inst_fifo_node_payld/gen_xpm_memory_fifo.inst_fifo/gen_mem_rep[0].inst_xpm_memory /xpm_memory_base_inst        | gen_wr_a.gen_word_narrow.mem_reg | User Attribute | 32 x 72              | RAM32M x 12  | 
|ip_integrator_i/smartconnect_0/insti_0/\s00_nodes/s00_w_node/inst /\inst_mi_handler/gen_normal_area.gen_fifo_req.inst_fifo_req/gen_xpm_memory_fifo.inst_fifo/gen_mem_rep[0].inst_xpm_memory /xpm_memory_base_inst  | gen_wr_a.gen_word_narrow.mem_reg | User Attribute | 32 x 20              | RAM32M x 4   | 
|ip_integrator_i/smartconnect_0/insti_0/\s00_nodes/s00_w_node/inst /\inst_mi_handler/gen_normal_area.inst_fifo_node_payld/gen_xpm_memory_fifo.inst_fifo/gen_mem_rep[0].inst_xpm_memory /xpm_memory_base_inst        | gen_wr_a.gen_word_narrow.mem_reg | User Attribute | 32 x 54              | RAM32M x 9   | 
|ip_integrator_i/i_0/rv_sc_ip_0                                                                                                                                                                                     | inst/u_regfile/regs_reg          | Implied        | 32 x 32              | RAM32M x 12  | 
+-------------------------------------------------------------------------------------------------------------------------------------------------------------------------------------------------------------------+----------------------------------+----------------+----------------------+--------------+

Note: The table above is a preliminary report that shows the Distributed RAMs at the current stage of the synthesis flow. Some Distributed RAMs may be reimplemented as non Distributed RAM primitives later in the synthesis flow. Multiple instantiated RAMs are reported only once.
---------------------------------------------------------------------------------
Finished ROM, RAM, DSP, Shift Register and Retiming Reporting
---------------------------------------------------------------------------------
---------------------------------------------------------------------------------
Start Applying XDC Timing Constraints
---------------------------------------------------------------------------------
---------------------------------------------------------------------------------
Finished Applying XDC Timing Constraints : Time (s): cpu = 00:01:55 ; elapsed = 00:02:00 . Memory (MB): peak = 2127.500 ; gain = 865.816
---------------------------------------------------------------------------------
---------------------------------------------------------------------------------
Start Timing Optimization
---------------------------------------------------------------------------------
---------------------------------------------------------------------------------
Finished Timing Optimization : Time (s): cpu = 00:02:03 ; elapsed = 00:02:09 . Memory (MB): peak = 2127.500 ; gain = 865.816
---------------------------------------------------------------------------------
---------------------------------------------------------------------------------
Start ROM, RAM, DSP, Shift Register and Retiming Reporting
---------------------------------------------------------------------------------

Distributed RAM: Final Mapping Report
+-------------------------------------------------------------------------------------------------------------------------------------------------------------------------------------------------------------------+----------------------------------+----------------+----------------------+--------------+
|Module Name                                                                                                                                                                                                        | RTL Object                       | Inference      | Size (Depth x Width) | Primitives   | 
+-------------------------------------------------------------------------------------------------------------------------------------------------------------------------------------------------------------------+----------------------------------+----------------+----------------------+--------------+
|ip_integrator_i/smartconnect_0/insti_0/\m00_nodes/m00_ar_node/inst /\inst_mi_handler/gen_normal_area.inst_fifo_node_payld/gen_xpm_memory_fifo.inst_fifo/gen_mem_rep[0].inst_xpm_memory /xpm_memory_base_inst       | gen_wr_a.gen_word_narrow.mem_reg | User Attribute | 32 x 162             | RAM32M x 27  | 
|ip_integrator_i/smartconnect_0/insti_0/\m00_nodes/m00_aw_node/inst /\inst_mi_handler/gen_normal_area.inst_fifo_node_payld/gen_xpm_memory_fifo.inst_fifo/gen_mem_rep[0].inst_xpm_memory /xpm_memory_base_inst       | gen_wr_a.gen_word_narrow.mem_reg | User Attribute | 32 x 162             | RAM32M x 27  | 
|ip_integrator_i/smartconnect_0/insti_0/\m00_nodes/m00_b_node/inst /\inst_mi_handler/gen_normal_area.inst_fifo_node_payld/gen_xpm_memory_fifo.inst_fifo/gen_mem_rep[0].inst_xpm_memory /xpm_memory_base_inst        | gen_wr_a.gen_word_narrow.mem_reg | User Attribute | 32 x 7               | RAM32M x 2   | 
|ip_integrator_i/smartconnect_0/insti_0/\m00_nodes/m00_r_node/inst /\inst_mi_handler/gen_normal_area.inst_fifo_node_payld/gen_xpm_memory_fifo.inst_fifo/gen_mem_rep[0].inst_xpm_memory /xpm_memory_base_inst        | gen_wr_a.gen_word_narrow.mem_reg | User Attribute | 32 x 53              | RAM32M x 9   | 
|ip_integrator_i/smartconnect_0/insti_0/\m00_nodes/m00_w_node/inst /\inst_mi_handler/gen_normal_area.inst_fifo_node_payld/gen_xpm_memory_fifo.inst_fifo/gen_mem_rep[0].inst_xpm_memory /xpm_memory_base_inst        | gen_wr_a.gen_word_narrow.mem_reg | User Attribute | 32 x 72              | RAM32M x 12  | 
|ip_integrator_i/smartconnect_0/insti_0/\m01_nodes/m01_ar_node/inst /\inst_mi_handler/gen_normal_area.inst_fifo_node_payld/gen_xpm_memory_fifo.inst_fifo/gen_mem_rep[0].inst_xpm_memory /xpm_memory_base_inst       | gen_wr_a.gen_word_narrow.mem_reg | User Attribute | 32 x 162             | RAM32M x 27  | 
|ip_integrator_i/smartconnect_0/insti_0/\m01_nodes/m01_aw_node/inst /\inst_mi_handler/gen_normal_area.inst_fifo_node_payld/gen_xpm_memory_fifo.inst_fifo/gen_mem_rep[0].inst_xpm_memory /xpm_memory_base_inst       | gen_wr_a.gen_word_narrow.mem_reg | User Attribute | 32 x 162             | RAM32M x 27  | 
|ip_integrator_i/smartconnect_0/insti_0/\m01_nodes/m01_b_node/inst /\inst_mi_handler/gen_normal_area.inst_fifo_node_payld/gen_xpm_memory_fifo.inst_fifo/gen_mem_rep[0].inst_xpm_memory /xpm_memory_base_inst        | gen_wr_a.gen_word_narrow.mem_reg | User Attribute | 32 x 7               | RAM32M x 2   | 
|ip_integrator_i/smartconnect_0/insti_0/\m01_nodes/m01_r_node/inst /\inst_mi_handler/gen_normal_area.inst_fifo_node_payld/gen_xpm_memory_fifo.inst_fifo/gen_mem_rep[0].inst_xpm_memory /xpm_memory_base_inst        | gen_wr_a.gen_word_narrow.mem_reg | User Attribute | 32 x 53              | RAM32M x 9   | 
|ip_integrator_i/smartconnect_0/insti_0/\m01_nodes/m01_w_node/inst /\inst_mi_handler/gen_normal_area.inst_fifo_node_payld/gen_xpm_memory_fifo.inst_fifo/gen_mem_rep[0].inst_xpm_memory /xpm_memory_base_inst        | gen_wr_a.gen_word_narrow.mem_reg | User Attribute | 32 x 72              | RAM32M x 12  | 
|ip_integrator_i/smartconnect_0/insti_0/\m02_nodes/m02_ar_node/inst /\inst_mi_handler/gen_normal_area.inst_fifo_node_payld/gen_xpm_memory_fifo.inst_fifo/gen_mem_rep[0].inst_xpm_memory /xpm_memory_base_inst       | gen_wr_a.gen_word_narrow.mem_reg | User Attribute | 32 x 162             | RAM32M x 27  | 
|ip_integrator_i/smartconnect_0/insti_0/\m02_nodes/m02_aw_node/inst /\inst_mi_handler/gen_normal_area.inst_fifo_node_payld/gen_xpm_memory_fifo.inst_fifo/gen_mem_rep[0].inst_xpm_memory /xpm_memory_base_inst       | gen_wr_a.gen_word_narrow.mem_reg | User Attribute | 32 x 162             | RAM32M x 27  | 
|ip_integrator_i/smartconnect_0/insti_0/\m02_nodes/m02_b_node/inst /\inst_mi_handler/gen_normal_area.inst_fifo_node_payld/gen_xpm_memory_fifo.inst_fifo/gen_mem_rep[0].inst_xpm_memory /xpm_memory_base_inst        | gen_wr_a.gen_word_narrow.mem_reg | User Attribute | 32 x 7               | RAM32M x 2   | 
|ip_integrator_i/smartconnect_0/insti_0/\m02_nodes/m02_r_node/inst /\inst_mi_handler/gen_normal_area.inst_fifo_node_payld/gen_xpm_memory_fifo.inst_fifo/gen_mem_rep[0].inst_xpm_memory /xpm_memory_base_inst        | gen_wr_a.gen_word_narrow.mem_reg | User Attribute | 32 x 53              | RAM32M x 9   | 
|ip_integrator_i/smartconnect_0/insti_0/\m02_nodes/m02_w_node/inst /\inst_mi_handler/gen_normal_area.inst_fifo_node_payld/gen_xpm_memory_fifo.inst_fifo/gen_mem_rep[0].inst_xpm_memory /xpm_memory_base_inst        | gen_wr_a.gen_word_narrow.mem_reg | User Attribute | 32 x 72              | RAM32M x 12  | 
|ip_integrator_i/smartconnect_0/insti_0/\s00_nodes/s00_ar_node/inst /\inst_mi_handler/gen_normal_area.gen_fifo_req.inst_fifo_req/gen_xpm_memory_fifo.inst_fifo/gen_mem_rep[0].inst_xpm_memory /xpm_memory_base_inst | gen_wr_a.gen_word_narrow.mem_reg | User Attribute | 32 x 20              | RAM32M x 4   | 
|ip_integrator_i/smartconnect_0/insti_0/\s00_nodes/s00_ar_node/inst /\inst_mi_handler/gen_normal_area.inst_fifo_node_payld/gen_xpm_memory_fifo.inst_fifo/gen_mem_rep[0].inst_xpm_memory /xpm_memory_base_inst       | gen_wr_a.gen_word_narrow.mem_reg | User Attribute | 32 x 144             | RAM32M x 24  | 
|ip_integrator_i/smartconnect_0/insti_0/\s00_nodes/s00_aw_node/inst /\inst_mi_handler/gen_normal_area.gen_fifo_req.inst_fifo_req/gen_xpm_memory_fifo.inst_fifo/gen_mem_rep[0].inst_xpm_memory /xpm_memory_base_inst | gen_wr_a.gen_word_narrow.mem_reg | User Attribute | 32 x 20              | RAM32M x 4   | 
|ip_integrator_i/smartconnect_0/insti_0/\s00_nodes/s00_aw_node/inst /\inst_mi_handler/gen_normal_area.inst_fifo_node_payld/gen_xpm_memory_fifo.inst_fifo/gen_mem_rep[0].inst_xpm_memory /xpm_memory_base_inst       | gen_wr_a.gen_word_narrow.mem_reg | User Attribute | 32 x 144             | RAM32M x 24  | 
|ip_integrator_i/smartconnect_0/insti_0/\s00_nodes/s00_b_node/inst /\inst_mi_handler/gen_normal_area.inst_fifo_node_payld/gen_xpm_memory_fifo.inst_fifo/gen_mem_rep[0].inst_xpm_memory /xpm_memory_base_inst        | gen_wr_a.gen_word_narrow.mem_reg | User Attribute | 32 x 26              | RAM32M x 5   | 
|ip_integrator_i/smartconnect_0/insti_0/\s00_nodes/s00_r_node/inst /\inst_mi_handler/gen_normal_area.inst_fifo_node_payld/gen_xpm_memory_fifo.inst_fifo/gen_mem_rep[0].inst_xpm_memory /xpm_memory_base_inst        | gen_wr_a.gen_word_narrow.mem_reg | User Attribute | 32 x 72              | RAM32M x 12  | 
|ip_integrator_i/smartconnect_0/insti_0/\s00_nodes/s00_w_node/inst /\inst_mi_handler/gen_normal_area.gen_fifo_req.inst_fifo_req/gen_xpm_memory_fifo.inst_fifo/gen_mem_rep[0].inst_xpm_memory /xpm_memory_base_inst  | gen_wr_a.gen_word_narrow.mem_reg | User Attribute | 32 x 20              | RAM32M x 4   | 
|ip_integrator_i/smartconnect_0/insti_0/\s00_nodes/s00_w_node/inst /\inst_mi_handler/gen_normal_area.inst_fifo_node_payld/gen_xpm_memory_fifo.inst_fifo/gen_mem_rep[0].inst_xpm_memory /xpm_memory_base_inst        | gen_wr_a.gen_word_narrow.mem_reg | User Attribute | 32 x 54              | RAM32M x 9   | 
|ip_integrator_i/i_0/rv_sc_ip_0                                                                                                                                                                                     | inst/u_regfile/regs_reg          | Implied        | 32 x 32              | RAM32M x 12  | 
+-------------------------------------------------------------------------------------------------------------------------------------------------------------------------------------------------------------------+----------------------------------+----------------+----------------------+--------------+

---------------------------------------------------------------------------------
Finished ROM, RAM, DSP, Shift Register and Retiming Reporting
---------------------------------------------------------------------------------
---------------------------------------------------------------------------------
Start Technology Mapping
---------------------------------------------------------------------------------
---------------------------------------------------------------------------------
Finished Technology Mapping : Time (s): cpu = 00:02:08 ; elapsed = 00:02:14 . Memory (MB): peak = 2127.500 ; gain = 865.816
---------------------------------------------------------------------------------
---------------------------------------------------------------------------------
Start IO Insertion
---------------------------------------------------------------------------------
---------------------------------------------------------------------------------
Start Flattening Before IO Insertion
---------------------------------------------------------------------------------
---------------------------------------------------------------------------------
Finished Flattening Before IO Insertion
---------------------------------------------------------------------------------
---------------------------------------------------------------------------------
Start Final Netlist Cleanup
---------------------------------------------------------------------------------
---------------------------------------------------------------------------------
Finished Final Netlist Cleanup
---------------------------------------------------------------------------------
---------------------------------------------------------------------------------
Finished IO Insertion : Time (s): cpu = 00:02:11 ; elapsed = 00:02:16 . Memory (MB): peak = 2127.500 ; gain = 865.816
---------------------------------------------------------------------------------
---------------------------------------------------------------------------------
Start Renaming Generated Instances
---------------------------------------------------------------------------------
---------------------------------------------------------------------------------
Finished Renaming Generated Instances : Time (s): cpu = 00:02:11 ; elapsed = 00:02:16 . Memory (MB): peak = 2127.500 ; gain = 865.816
---------------------------------------------------------------------------------
---------------------------------------------------------------------------------
Start Rebuilding User Hierarchy
---------------------------------------------------------------------------------
---------------------------------------------------------------------------------
Finished Rebuilding User Hierarchy : Time (s): cpu = 00:02:11 ; elapsed = 00:02:17 . Memory (MB): peak = 2127.500 ; gain = 865.816
---------------------------------------------------------------------------------
---------------------------------------------------------------------------------
Start Renaming Generated Ports
---------------------------------------------------------------------------------
---------------------------------------------------------------------------------
Finished Renaming Generated Ports : Time (s): cpu = 00:02:11 ; elapsed = 00:02:17 . Memory (MB): peak = 2127.500 ; gain = 865.816
---------------------------------------------------------------------------------
---------------------------------------------------------------------------------
Start Handling Custom Attributes
---------------------------------------------------------------------------------
---------------------------------------------------------------------------------
Finished Handling Custom Attributes : Time (s): cpu = 00:02:12 ; elapsed = 00:02:17 . Memory (MB): peak = 2127.500 ; gain = 865.816
---------------------------------------------------------------------------------
---------------------------------------------------------------------------------
Start Renaming Generated Nets
---------------------------------------------------------------------------------
---------------------------------------------------------------------------------
Finished Renaming Generated Nets : Time (s): cpu = 00:02:12 ; elapsed = 00:02:17 . Memory (MB): peak = 2127.500 ; gain = 865.816
---------------------------------------------------------------------------------
---------------------------------------------------------------------------------
Start ROM, RAM, DSP, Shift Register and Retiming Reporting
---------------------------------------------------------------------------------

Static Shift Register Report:
+-------------------+----------------------------------------------------------------------------------------------------------------------------------------+--------+-------+--------------+--------------------+-------------------+--------+---------+
|Module Name        | RTL Name                                                                                                                               | Length | Width | Reset Signal | Pull out first Reg | Pull out last Reg | SRL16E | SRLC32E | 
+-------------------+----------------------------------------------------------------------------------------------------------------------------------------+--------+-------+--------------+--------------------+-------------------+--------+---------+
|blk_mem_gen_v8_4_5 | inst_blk_mem_gen/gnbram.gnative_mem_map_bmg.native_mem_map_blk_mem_gen/valid.cstr/ramloop[1].ram.r/SAFETY_CKT_GEN.RSTB_SHFT_REG_reg[4] | 4      | 4     | NO           | NO                 | YES               | 4      | 0       | 
+-------------------+----------------------------------------------------------------------------------------------------------------------------------------+--------+-------+--------------+--------------------+-------------------+--------+---------+


Dynamic Shift Register Report:
+------------+---------------+--------+------------+--------+---------+--------+--------+--------+
|Module Name | RTL Name      | Length | Data Width | SRL16E | SRLC32E | Mux F7 | Mux F8 | Mux F9 | 
+------------+---------------+--------+------------+--------+---------+--------+--------+--------+
|dsrl        | shift_reg_reg | 16     | 1          | 1      | 0       | 0      | 0      | 0      | 
|dsrl__1     | shift_reg_reg | 32     | 1          | 0      | 1       | 0      | 0      | 0      | 
|dsrl__2     | shift_reg_reg | 4      | 1          | 1      | 0       | 0      | 0      | 0      | 
+------------+---------------+--------+------------+--------+---------+--------+--------+--------+

---------------------------------------------------------------------------------
Finished ROM, RAM, DSP, Shift Register and Retiming Reporting
---------------------------------------------------------------------------------
---------------------------------------------------------------------------------
Start Writing Synthesis Report
---------------------------------------------------------------------------------

Report BlackBoxes: 
+-+--------------+----------+
| |BlackBox name |Instances |
+-+--------------+----------+
+-+--------------+----------+

Report Cell Usage: 
+------+---------+------+
|      |Cell     |Count |
+------+---------+------+
|1     |BIBUF    |   130|
|2     |BUFG     |     1|
|3     |CARRY4   |    61|
|4     |LUT1     |   323|
|5     |LUT2     |   440|
|6     |LUT3     |  1156|
|7     |LUT4     |   954|
|8     |LUT5     |  1078|
|9     |LUT6     |  2396|
|10    |MUXF7    |     5|
|11    |PS7      |     1|
|12    |RAM32M   |   109|
|13    |RAM32X1D |     7|
|14    |RAMB36E1 |     4|
|15    |SRL16    |     2|
|16    |SRL16E   |   203|
|17    |SRLC32E  |   183|
|18    |FDCE     |   138|
|19    |FDR      |     8|
|20    |FDRE     |  4838|
|21    |FDSE     |   289|
+------+---------+------+
---------------------------------------------------------------------------------
Finished Writing Synthesis Report : Time (s): cpu = 00:02:12 ; elapsed = 00:02:17 . Memory (MB): peak = 2127.500 ; gain = 865.816
---------------------------------------------------------------------------------
Synthesis finished with 0 errors, 0 critical warnings and 4653 warnings.
Synthesis Optimization Runtime : Time (s): cpu = 00:01:24 ; elapsed = 00:01:53 . Memory (MB): peak = 2127.500 ; gain = 304.703
Synthesis Optimization Complete : Time (s): cpu = 00:02:12 ; elapsed = 00:02:18 . Memory (MB): peak = 2127.500 ; gain = 865.816
INFO: [Project 1-571] Translating synthesized netlist
Netlist sorting complete. Time (s): cpu = 00:00:00 ; elapsed = 00:00:00.235 . Memory (MB): peak = 2127.500 ; gain = 0.000
INFO: [Netlist 29-17] Analyzing 196 Unisim elements for replacement
INFO: [Netlist 29-28] Unisim Transformation completed in 0 CPU seconds
INFO: [Project 1-570] Preparing netlist for logic optimization
INFO: [Opt 31-138] Pushed 1 inverter(s) to 6 load pin(s).
Netlist sorting complete. Time (s): cpu = 00:00:00 ; elapsed = 00:00:00.003 . Memory (MB): peak = 2127.500 ; gain = 0.000
INFO: [Project 1-111] Unisim Transformation Summary:
  A total of 126 instances were transformed.
  FDR => FDRE: 8 instances
  RAM32M => RAM32M (RAMD32(x6), RAMS32(x2)): 109 instances
  RAM32X1D => RAM32X1D (RAMD32(x2)): 7 instances
  SRL16 => SRL16E: 2 instances

Synth Design complete, checksum: 60740ea2
INFO: [Common 17-83] Releasing license: Synthesis
370 Infos, 210 Warnings, 0 Critical Warnings and 0 Errors encountered.
synth_design completed successfully
synth_design: Time (s): cpu = 00:02:17 ; elapsed = 00:02:23 . Memory (MB): peak = 2127.500 ; gain = 865.816
INFO: [Common 17-1381] The checkpoint 'C:/Users/tbnrs/Documents/Development/hdl_group_project_sc/hdl_group_project.runs/synth_1/ip_integrator_wrapper.dcp' has been generated.
INFO: [runtcl-4] Executing : report_utilization -file ip_integrator_wrapper_utilization_synth.rpt -pb ip_integrator_wrapper_utilization_synth.pb
INFO: [Common 17-206] Exiting Vivado at Fri Feb 20 22:20:11 2026...
