Copyright 1986-2021 Xilinx, Inc. All Rights Reserved.
------------------------------------------------------------------------------------------------------------------------------------------------------------------------------------------------------------------------------------------------------------
| Tool Version : Vivado v.2021.2 (win64) Build 3367213 Tue Oct 19 02:48:09 MDT 2021
| Date         : Fri Feb 20 22:22:34 2026
| Host         : Rays-PC running 64-bit major release  (build 9200)
| Command      : report_timing_summary -max_paths 10 -report_unconstrained -file ip_integrator_wrapper_timing_summary_routed.rpt -pb ip_integrator_wrapper_timing_summary_routed.pb -rpx ip_integrator_wrapper_timing_summary_routed.rpx -warn_on_violation
| Design       : ip_integrator_wrapper
| Device       : 7z020-clg400
| Speed File   : -1  PRODUCTION 1.12 2019-11-22
------------------------------------------------------------------------------------------------------------------------------------------------------------------------------------------------------------------------------------------------------------

Timing Summary Report

------------------------------------------------------------------------------------------------
| Timer Settings
| --------------
------------------------------------------------------------------------------------------------

  Enable Multi Corner Analysis               :  Yes
  Enable Pessimism Removal                   :  Yes
  Pessimism Removal Resolution               :  Nearest Common Node
  Enable Input Delay Default Clock           :  No
  Enable Preset / Clear Arcs                 :  No
  Disable Flight Delays                      :  No
  Ignore I/O Paths                           :  No
  Timing Early Launch at Borrowing Latches   :  No
  Borrow Time for Max Delay Exceptions       :  Yes
  Merge Timing Exceptions                    :  Yes

  Corner  Analyze    Analyze    
  Name    Max Paths  Min Paths  
  ------  ---------  ---------  
  Slow    Yes        Yes        
  Fast    Yes        Yes        


------------------------------------------------------------------------------------------------
| Report Methodology
| ------------------
------------------------------------------------------------------------------------------------

Rule       Severity  Description            Violations  
---------  --------  ---------------------  ----------  
TIMING-16  Warning   Large setup violation  93          

Note: This report is based on the most recent report_methodology run and may not be up-to-date. Run report_methodology on the current design for the latest report.



check_timing report

Table of Contents
-----------------
1. checking no_clock (0)
2. checking constant_clock (0)
3. checking pulse_width_clock (0)
4. checking unconstrained_internal_endpoints (0)
5. checking no_input_delay (0)
6. checking no_output_delay (0)
7. checking multiple_clock (0)
8. checking generated_clocks (0)
9. checking loops (0)
10. checking partial_input_delay (0)
11. checking partial_output_delay (0)
12. checking latch_loops (0)

1. checking no_clock (0)
------------------------
 There are 0 register/latch pins with no clock.


2. checking constant_clock (0)
------------------------------
 There are 0 register/latch pins with constant_clock.


3. checking pulse_width_clock (0)
---------------------------------
 There are 0 register/latch pins which need pulse_width check


4. checking unconstrained_internal_endpoints (0)
------------------------------------------------
 There are 0 pins that are not constrained for maximum delay.

 There are 0 pins that are not constrained for maximum delay due to constant clock.


5. checking no_input_delay (0)
------------------------------
 There are 0 input ports with no input delay specified.

 There are 0 input ports with no input delay but user has a false path constraint.


6. checking no_output_delay (0)
-------------------------------
 There are 0 ports with no output delay specified.

 There are 0 ports with no output delay but user has a false path constraint

 There are 0 ports with no output delay but with a timing clock defined on it or propagating through it


7. checking multiple_clock (0)
------------------------------
 There are 0 register/latch pins with multiple clocks.


8. checking generated_clocks (0)
--------------------------------
 There are 0 generated clocks that are not connected to a clock source.


9. checking loops (0)
---------------------
 There are 0 combinational loops in the design.


10. checking partial_input_delay (0)
------------------------------------
 There are 0 input ports with partial input delay specified.


11. checking partial_output_delay (0)
-------------------------------------
 There are 0 ports with partial output delay specified.


12. checking latch_loops (0)
----------------------------
 There are 0 combinational latch loops in the design through latch input



------------------------------------------------------------------------------------------------
| Design Timing Summary
| ---------------------
------------------------------------------------------------------------------------------------

    WNS(ns)      TNS(ns)  TNS Failing Endpoints  TNS Total Endpoints      WHS(ns)      THS(ns)  THS Failing Endpoints  THS Total Endpoints     WPWS(ns)     TPWS(ns)  TPWS Failing Endpoints  TPWS Total Endpoints  
    -------      -------  ---------------------  -------------------      -------      -------  ---------------------  -------------------     --------     --------  ----------------------  --------------------  
     -2.910     -177.303                    100                18310        0.033        0.000                      0                18310        8.750        0.000                       0                  6362  


Timing constraints are not met.


------------------------------------------------------------------------------------------------
| Clock Summary
| -------------
------------------------------------------------------------------------------------------------

Clock       Waveform(ns)       Period(ns)      Frequency(MHz)
-----       ------------       ----------      --------------
clk_fpga_0  {0.000 10.000}     20.000          50.000          


------------------------------------------------------------------------------------------------
| Intra Clock Table
| -----------------
------------------------------------------------------------------------------------------------

Clock             WNS(ns)      TNS(ns)  TNS Failing Endpoints  TNS Total Endpoints      WHS(ns)      THS(ns)  THS Failing Endpoints  THS Total Endpoints     WPWS(ns)     TPWS(ns)  TPWS Failing Endpoints  TPWS Total Endpoints  
-----             -------      -------  ---------------------  -------------------      -------      -------  ---------------------  -------------------     --------     --------  ----------------------  --------------------  
clk_fpga_0         -2.910     -177.303                    100                18310        0.033        0.000                      0                18310        8.750        0.000                       0                  6362  


------------------------------------------------------------------------------------------------
| Inter Clock Table
| -----------------
------------------------------------------------------------------------------------------------

From Clock    To Clock          WNS(ns)      TNS(ns)  TNS Failing Endpoints  TNS Total Endpoints      WHS(ns)      THS(ns)  THS Failing Endpoints  THS Total Endpoints  
----------    --------          -------      -------  ---------------------  -------------------      -------      -------  ---------------------  -------------------  


------------------------------------------------------------------------------------------------
| Other Path Groups Table
| -----------------------
------------------------------------------------------------------------------------------------

Path Group    From Clock    To Clock          WNS(ns)      TNS(ns)  TNS Failing Endpoints  TNS Total Endpoints      WHS(ns)      THS(ns)  THS Failing Endpoints  THS Total Endpoints  
----------    ----------    --------          -------      -------  ---------------------  -------------------      -------      -------  ---------------------  -------------------  


------------------------------------------------------------------------------------------------
| User Ignored Path Table
| -----------------------
------------------------------------------------------------------------------------------------

Path Group    From Clock    To Clock    
----------    ----------    --------    
(none)                      clk_fpga_0    
(none)        clk_fpga_0    clk_fpga_0    


------------------------------------------------------------------------------------------------
| Unconstrained Path Table
| ------------------------
------------------------------------------------------------------------------------------------

Path Group    From Clock    To Clock    
----------    ----------    --------    


------------------------------------------------------------------------------------------------
| Timing Details
| --------------
------------------------------------------------------------------------------------------------


---------------------------------------------------------------------------------------------------
From Clock:  clk_fpga_0
  To Clock:  clk_fpga_0

Setup :          100  Failing Endpoints,  Worst Slack       -2.910ns,  Total Violation     -177.303ns
Hold  :            0  Failing Endpoints,  Worst Slack        0.033ns,  Total Violation        0.000ns
PW    :            0  Failing Endpoints,  Worst Slack        8.750ns,  Total Violation        0.000ns
---------------------------------------------------------------------------------------------------


Max Delay Paths
--------------------------------------------------------------------------------------
Slack (VIOLATED) :        -2.910ns  (required time - arrival time)
  Source:                 ip_integrator_i/memgen_iram/U0/inst_blk_mem_gen/gnbram.gnative_mem_map_bmg.native_mem_map_blk_mem_gen/valid.cstr/ramloop[0].ram.r/prim_noinit.ram/DEVICE_7SERIES.WITH_BMM_INFO.TRUE_DP.SIMPLE_PRIM36.TDP_SP36_NO_ECC_ATTR.ram/CLKBWRCLK
                            (falling edge-triggered cell RAMB36E1 clocked by clk_fpga_0  {rise@0.000ns fall@10.000ns period=20.000ns})
  Destination:            ip_integrator_i/rv_sc_ip_0/inst/u_pc/pc_reg[22]/D
                            (rising edge-triggered cell FDRE clocked by clk_fpga_0  {rise@0.000ns fall@10.000ns period=20.000ns})
  Path Group:             clk_fpga_0
  Path Type:              Setup (Max at Slow Process Corner)
  Requirement:            10.000ns  (clk_fpga_0 rise@20.000ns - clk_fpga_0 fall@10.000ns)
  Data Path Delay:        12.369ns  (logic 3.818ns (30.866%)  route 8.551ns (69.133%))
  Logic Levels:           11  (LUT3=1 LUT5=2 LUT6=8)
  Clock Path Skew:        -0.268ns (DCD - SCD + CPR)
    Destination Clock Delay (DCD):    2.825ns = ( 22.825 - 20.000 ) 
    Source Clock Delay      (SCD):    3.239ns = ( 13.239 - 10.000 ) 
    Clock Pessimism Removal (CPR):    0.147ns
  Clock Uncertainty:      0.302ns  ((TSJ^2 + TIJ^2)^1/2 + DJ) / 2 + PE
    Total System Jitter     (TSJ):    0.071ns
    Total Input Jitter      (TIJ):    0.600ns
    Discrete Jitter          (DJ):    0.000ns
    Phase Error              (PE):    0.000ns

    Location             Delay type                Incr(ns)  Path(ns)    Netlist Resource(s)
  -------------------------------------------------------------------    -------------------
                         (clock clk_fpga_0 fall edge)
                                                     10.000    10.000 f  
    PS7_X0Y0             PS7                          0.000    10.000 f  ip_integrator_i/processing_system7_0/inst/PS7_i/FCLKCLK[0]
                         net (fo=1, routed)           1.193    11.193    ip_integrator_i/processing_system7_0/inst/FCLK_CLK_unbuffered[0]
    BUFGCTRL_X0Y16       BUFG (Prop_bufg_I_O)         0.101    11.294 f  ip_integrator_i/processing_system7_0/inst/buffer_fclk_clk_0.FCLK_CLK_0_BUFG/O
                         net (fo=6362, routed)        1.945    13.239    ip_integrator_i/memgen_iram/U0/inst_blk_mem_gen/gnbram.gnative_mem_map_bmg.native_mem_map_blk_mem_gen/valid.cstr/ramloop[0].ram.r/prim_noinit.ram/clkb
    RAMB36_X3Y21         RAMB36E1                                     r  ip_integrator_i/memgen_iram/U0/inst_blk_mem_gen/gnbram.gnative_mem_map_bmg.native_mem_map_blk_mem_gen/valid.cstr/ramloop[0].ram.r/prim_noinit.ram/DEVICE_7SERIES.WITH_BMM_INFO.TRUE_DP.SIMPLE_PRIM36.TDP_SP36_NO_ECC_ATTR.ram/CLKBWRCLK  (IS_INVERTED)
  -------------------------------------------------------------------    -------------------
    RAMB36_X3Y21         RAMB36E1 (Prop_ramb36e1_CLKBWRCLK_DOBDO[1])
                                                      2.454    15.693 r  ip_integrator_i/memgen_iram/U0/inst_blk_mem_gen/gnbram.gnative_mem_map_bmg.native_mem_map_blk_mem_gen/valid.cstr/ramloop[0].ram.r/prim_noinit.ram/DEVICE_7SERIES.WITH_BMM_INFO.TRUE_DP.SIMPLE_PRIM36.TDP_SP36_NO_ECC_ATTR.ram/DOBDO[1]
                         net (fo=15, routed)          1.035    16.729    ip_integrator_i/rv_sc_ip_0/inst/u_regfile/i_doutb[1]
    SLICE_X55Y105        LUT3 (Prop_lut3_I2_O)        0.124    16.853 f  ip_integrator_i/rv_sc_ip_0/inst/u_regfile/d_addrb[12]_INST_0_i_53/O
                         net (fo=5, routed)           0.166    17.019    ip_integrator_i/rv_sc_ip_0/inst/u_alu/d_addrb[3]_INST_0_i_10
    SLICE_X55Y105        LUT5 (Prop_lut5_I0_O)        0.124    17.143 r  ip_integrator_i/rv_sc_ip_0/inst/u_alu/d_addrb[12]_INST_0_i_19/O
                         net (fo=175, routed)         0.802    17.944    ip_integrator_i/rv_sc_ip_0/inst/u_regfile/DEVICE_7SERIES.WITH_BMM_INFO.TRUE_DP.SIMPLE_PRIM36.TDP_SP36_NO_ECC_ATTR.ram_35
    SLICE_X57Y104        LUT6 (Prop_lut6_I5_O)        0.124    18.068 r  ip_integrator_i/rv_sc_ip_0/inst/u_regfile/d_dinb[4]_INST_0_comp_1/O
                         net (fo=1, routed)           0.786    18.855    ip_integrator_i/rv_sc_ip_0/inst/u_regfile/DEVICE_7SERIES.WITH_BMM_INFO.TRUE_DP.SIMPLE_PRIM36.TDP_SP36_NO_ECC_ATTR.ram_12_repN_1
    SLICE_X57Y108        LUT6 (Prop_lut6_I5_O)        0.124    18.979 r  ip_integrator_i/rv_sc_ip_0/inst/u_regfile/d_addrb[4]_INST_0_i_9_comp/O
                         net (fo=46, routed)          0.892    19.870    ip_integrator_i/rv_sc_ip_0/inst/u_regfile/DEVICE_7SERIES.WITH_BMM_INFO.TRUE_DP.SIMPLE_PRIM36.TDP_SP36_NO_ECC_ATTR.ram_0[1]
    SLICE_X58Y108        LUT6 (Prop_lut6_I3_O)        0.124    19.994 f  ip_integrator_i/rv_sc_ip_0/inst/u_regfile/regs_reg_r1_0_31_12_17_i_64/O
                         net (fo=4, routed)           0.903    20.897    ip_integrator_i/rv_sc_ip_0/inst/u_regfile/regs_reg_r1_0_31_12_17_i_64_n_0
    SLICE_X52Y109        LUT5 (Prop_lut5_I2_O)        0.124    21.021 f  ip_integrator_i/rv_sc_ip_0/inst/u_regfile/regs_reg_r1_0_31_18_23_i_52/O
                         net (fo=2, routed)           0.934    21.955    ip_integrator_i/rv_sc_ip_0/inst/u_regfile/regs_reg_r1_0_31_18_23_i_52_n_0
    SLICE_X47Y113        LUT6 (Prop_lut6_I5_O)        0.124    22.079 r  ip_integrator_i/rv_sc_ip_0/inst/u_regfile/regs_reg_r1_0_31_18_23_i_28/O
                         net (fo=1, routed)           0.813    22.892    ip_integrator_i/rv_sc_ip_0/inst/u_regfile/regs_reg_r1_0_31_18_23_i_28_n_0
    SLICE_X47Y115        LUT6 (Prop_lut6_I2_O)        0.124    23.016 r  ip_integrator_i/rv_sc_ip_0/inst/u_regfile/regs_reg_r1_0_31_18_23_i_11_comp/O
                         net (fo=2, routed)           0.661    23.677    ip_integrator_i/rv_sc_ip_0/inst/u_regfile/regs_reg_r1_0_31_18_23_i_11_n_0
    SLICE_X48Y116        LUT6 (Prop_lut6_I3_O)        0.124    23.801 r  ip_integrator_i/rv_sc_ip_0/inst/u_regfile/pc[12]_i_12_rewire_comp/O
                         net (fo=2, routed)           0.605    24.406    ip_integrator_i/rv_sc_ip_0/inst/u_regfile/pc[12]_i_12_n_0
    SLICE_X44Y116        LUT6 (Prop_lut6_I5_O)        0.124    24.530 r  ip_integrator_i/rv_sc_ip_0/inst/u_regfile/pc[12]_i_6_rewire/O
                         net (fo=31, routed)          0.955    25.485    ip_integrator_i/rv_sc_ip_0/inst/u_regfile/pc[12]_i_6_n_0
    SLICE_X43Y116        LUT6 (Prop_lut6_I4_O)        0.124    25.609 r  ip_integrator_i/rv_sc_ip_0/inst/u_regfile/pc[22]_i_1/O
                         net (fo=1, routed)           0.000    25.609    ip_integrator_i/rv_sc_ip_0/inst/u_pc/D[22]
    SLICE_X43Y116        FDRE                                         r  ip_integrator_i/rv_sc_ip_0/inst/u_pc/pc_reg[22]/D
  -------------------------------------------------------------------    -------------------

                         (clock clk_fpga_0 rise edge)
                                                     20.000    20.000 r  
    PS7_X0Y0             PS7                          0.000    20.000 r  ip_integrator_i/processing_system7_0/inst/PS7_i/FCLKCLK[0]
                         net (fo=1, routed)           1.088    21.088    ip_integrator_i/processing_system7_0/inst/FCLK_CLK_unbuffered[0]
    BUFGCTRL_X0Y16       BUFG (Prop_bufg_I_O)         0.091    21.179 r  ip_integrator_i/processing_system7_0/inst/buffer_fclk_clk_0.FCLK_CLK_0_BUFG/O
                         net (fo=6362, routed)        1.646    22.825    ip_integrator_i/rv_sc_ip_0/inst/u_pc/clk
    SLICE_X43Y116        FDRE                                         r  ip_integrator_i/rv_sc_ip_0/inst/u_pc/pc_reg[22]/C
                         clock pessimism              0.147    22.972    
                         clock uncertainty           -0.302    22.670    
    SLICE_X43Y116        FDRE (Setup_fdre_C_D)        0.029    22.699    ip_integrator_i/rv_sc_ip_0/inst/u_pc/pc_reg[22]
  -------------------------------------------------------------------
                         required time                         22.699    
                         arrival time                         -25.609    
  -------------------------------------------------------------------
                         slack                                 -2.910    

Slack (VIOLATED) :        -2.885ns  (required time - arrival time)
  Source:                 ip_integrator_i/memgen_iram/U0/inst_blk_mem_gen/gnbram.gnative_mem_map_bmg.native_mem_map_blk_mem_gen/valid.cstr/ramloop[0].ram.r/prim_noinit.ram/DEVICE_7SERIES.WITH_BMM_INFO.TRUE_DP.SIMPLE_PRIM36.TDP_SP36_NO_ECC_ATTR.ram/CLKBWRCLK
                            (falling edge-triggered cell RAMB36E1 clocked by clk_fpga_0  {rise@0.000ns fall@10.000ns period=20.000ns})
  Destination:            ip_integrator_i/rv_sc_ip_0/inst/u_pc/pc_reg[28]/D
                            (rising edge-triggered cell FDRE clocked by clk_fpga_0  {rise@0.000ns fall@10.000ns period=20.000ns})
  Path Group:             clk_fpga_0
  Path Type:              Setup (Max at Slow Process Corner)
  Requirement:            10.000ns  (clk_fpga_0 rise@20.000ns - clk_fpga_0 fall@10.000ns)
  Data Path Delay:        12.345ns  (logic 3.818ns (30.928%)  route 8.527ns (69.072%))
  Logic Levels:           11  (LUT3=1 LUT5=2 LUT6=8)
  Clock Path Skew:        -0.270ns (DCD - SCD + CPR)
    Destination Clock Delay (DCD):    2.823ns = ( 22.823 - 20.000 ) 
    Source Clock Delay      (SCD):    3.239ns = ( 13.239 - 10.000 ) 
    Clock Pessimism Removal (CPR):    0.147ns
  Clock Uncertainty:      0.302ns  ((TSJ^2 + TIJ^2)^1/2 + DJ) / 2 + PE
    Total System Jitter     (TSJ):    0.071ns
    Total Input Jitter      (TIJ):    0.600ns
    Discrete Jitter          (DJ):    0.000ns
    Phase Error              (PE):    0.000ns

    Location             Delay type                Incr(ns)  Path(ns)    Netlist Resource(s)
  -------------------------------------------------------------------    -------------------
                         (clock clk_fpga_0 fall edge)
                                                     10.000    10.000 f  
    PS7_X0Y0             PS7                          0.000    10.000 f  ip_integrator_i/processing_system7_0/inst/PS7_i/FCLKCLK[0]
                         net (fo=1, routed)           1.193    11.193    ip_integrator_i/processing_system7_0/inst/FCLK_CLK_unbuffered[0]
    BUFGCTRL_X0Y16       BUFG (Prop_bufg_I_O)         0.101    11.294 f  ip_integrator_i/processing_system7_0/inst/buffer_fclk_clk_0.FCLK_CLK_0_BUFG/O
                         net (fo=6362, routed)        1.945    13.239    ip_integrator_i/memgen_iram/U0/inst_blk_mem_gen/gnbram.gnative_mem_map_bmg.native_mem_map_blk_mem_gen/valid.cstr/ramloop[0].ram.r/prim_noinit.ram/clkb
    RAMB36_X3Y21         RAMB36E1                                     r  ip_integrator_i/memgen_iram/U0/inst_blk_mem_gen/gnbram.gnative_mem_map_bmg.native_mem_map_blk_mem_gen/valid.cstr/ramloop[0].ram.r/prim_noinit.ram/DEVICE_7SERIES.WITH_BMM_INFO.TRUE_DP.SIMPLE_PRIM36.TDP_SP36_NO_ECC_ATTR.ram/CLKBWRCLK  (IS_INVERTED)
  -------------------------------------------------------------------    -------------------
    RAMB36_X3Y21         RAMB36E1 (Prop_ramb36e1_CLKBWRCLK_DOBDO[1])
                                                      2.454    15.693 r  ip_integrator_i/memgen_iram/U0/inst_blk_mem_gen/gnbram.gnative_mem_map_bmg.native_mem_map_blk_mem_gen/valid.cstr/ramloop[0].ram.r/prim_noinit.ram/DEVICE_7SERIES.WITH_BMM_INFO.TRUE_DP.SIMPLE_PRIM36.TDP_SP36_NO_ECC_ATTR.ram/DOBDO[1]
                         net (fo=15, routed)          1.035    16.729    ip_integrator_i/rv_sc_ip_0/inst/u_regfile/i_doutb[1]
    SLICE_X55Y105        LUT3 (Prop_lut3_I2_O)        0.124    16.853 f  ip_integrator_i/rv_sc_ip_0/inst/u_regfile/d_addrb[12]_INST_0_i_53/O
                         net (fo=5, routed)           0.166    17.019    ip_integrator_i/rv_sc_ip_0/inst/u_alu/d_addrb[3]_INST_0_i_10
    SLICE_X55Y105        LUT5 (Prop_lut5_I0_O)        0.124    17.143 r  ip_integrator_i/rv_sc_ip_0/inst/u_alu/d_addrb[12]_INST_0_i_19/O
                         net (fo=175, routed)         0.802    17.944    ip_integrator_i/rv_sc_ip_0/inst/u_regfile/DEVICE_7SERIES.WITH_BMM_INFO.TRUE_DP.SIMPLE_PRIM36.TDP_SP36_NO_ECC_ATTR.ram_35
    SLICE_X57Y104        LUT6 (Prop_lut6_I5_O)        0.124    18.068 f  ip_integrator_i/rv_sc_ip_0/inst/u_regfile/d_dinb[4]_INST_0_comp_1/O
                         net (fo=1, routed)           0.786    18.855    ip_integrator_i/rv_sc_ip_0/inst/u_regfile/DEVICE_7SERIES.WITH_BMM_INFO.TRUE_DP.SIMPLE_PRIM36.TDP_SP36_NO_ECC_ATTR.ram_12_repN_1
    SLICE_X57Y108        LUT6 (Prop_lut6_I5_O)        0.124    18.979 f  ip_integrator_i/rv_sc_ip_0/inst/u_regfile/d_addrb[4]_INST_0_i_9_comp/O
                         net (fo=46, routed)          1.085    20.064    ip_integrator_i/rv_sc_ip_0/inst/u_regfile/DEVICE_7SERIES.WITH_BMM_INFO.TRUE_DP.SIMPLE_PRIM36.TDP_SP36_NO_ECC_ATTR.ram_0[1]
    SLICE_X49Y108        LUT5 (Prop_lut5_I2_O)        0.124    20.188 f  ip_integrator_i/rv_sc_ip_0/inst/u_regfile/d_addrb[12]_INST_0_i_45/O
                         net (fo=4, routed)           0.686    20.875    ip_integrator_i/rv_sc_ip_0/inst/u_regfile/d_addrb[12]_INST_0_i_45_n_0
    SLICE_X49Y107        LUT6 (Prop_lut6_I3_O)        0.124    20.999 f  ip_integrator_i/rv_sc_ip_0/inst/u_regfile/d_addrb[10]_INST_0_i_9/O
                         net (fo=2, routed)           0.602    21.600    ip_integrator_i/rv_sc_ip_0/inst/u_regfile/d_addrb[10]_INST_0_i_9_n_0
    SLICE_X45Y109        LUT6 (Prop_lut6_I4_O)        0.124    21.724 r  ip_integrator_i/rv_sc_ip_0/inst/u_regfile/d_addrb[9]_INST_0_i_2_comp_1/O
                         net (fo=1, routed)           0.860    22.585    ip_integrator_i/rv_sc_ip_0/inst/u_regfile/d_addrb[9]_INST_0_i_2_n_0
    SLICE_X44Y110        LUT6 (Prop_lut6_I3_O)        0.124    22.709 r  ip_integrator_i/rv_sc_ip_0/inst/u_regfile/d_addrb[9]_INST_0_comp/O
                         net (fo=4, routed)           0.858    23.567    ip_integrator_i/rv_sc_ip_0/inst/u_regfile/d_addrb[7]
    SLICE_X48Y115        LUT6 (Prop_lut6_I3_O)        0.124    23.691 r  ip_integrator_i/rv_sc_ip_0/inst/u_regfile/pc[12]_i_10_comp/O
                         net (fo=1, routed)           0.807    24.498    ip_integrator_i/rv_sc_ip_0/inst/u_regfile/pc[12]_i_10_n_0
    SLICE_X46Y115        LUT6 (Prop_lut6_I3_O)        0.124    24.622 r  ip_integrator_i/rv_sc_ip_0/inst/u_regfile/pc[12]_i_4/O
                         net (fo=32, routed)          0.839    25.460    ip_integrator_i/rv_sc_ip_0/inst/u_regfile/pc[12]_i_4_n_0
    SLICE_X47Y117        LUT6 (Prop_lut6_I2_O)        0.124    25.584 r  ip_integrator_i/rv_sc_ip_0/inst/u_regfile/pc[28]_i_1/O
                         net (fo=1, routed)           0.000    25.584    ip_integrator_i/rv_sc_ip_0/inst/u_pc/D[28]
    SLICE_X47Y117        FDRE                                         r  ip_integrator_i/rv_sc_ip_0/inst/u_pc/pc_reg[28]/D
  -------------------------------------------------------------------    -------------------

                         (clock clk_fpga_0 rise edge)
                                                     20.000    20.000 r  
    PS7_X0Y0             PS7                          0.000    20.000 r  ip_integrator_i/processing_system7_0/inst/PS7_i/FCLKCLK[0]
                         net (fo=1, routed)           1.088    21.088    ip_integrator_i/processing_system7_0/inst/FCLK_CLK_unbuffered[0]
    BUFGCTRL_X0Y16       BUFG (Prop_bufg_I_O)         0.091    21.179 r  ip_integrator_i/processing_system7_0/inst/buffer_fclk_clk_0.FCLK_CLK_0_BUFG/O
                         net (fo=6362, routed)        1.644    22.823    ip_integrator_i/rv_sc_ip_0/inst/u_pc/clk
    SLICE_X47Y117        FDRE                                         r  ip_integrator_i/rv_sc_ip_0/inst/u_pc/pc_reg[28]/C
                         clock pessimism              0.147    22.970    
                         clock uncertainty           -0.302    22.668    
    SLICE_X47Y117        FDRE (Setup_fdre_C_D)        0.032    22.700    ip_integrator_i/rv_sc_ip_0/inst/u_pc/pc_reg[28]
  -------------------------------------------------------------------
                         required time                         22.700    
                         arrival time                         -25.584    
  -------------------------------------------------------------------
                         slack                                 -2.885    

Slack (VIOLATED) :        -2.830ns  (required time - arrival time)
  Source:                 ip_integrator_i/memgen_iram/U0/inst_blk_mem_gen/gnbram.gnative_mem_map_bmg.native_mem_map_blk_mem_gen/valid.cstr/ramloop[0].ram.r/prim_noinit.ram/DEVICE_7SERIES.WITH_BMM_INFO.TRUE_DP.SIMPLE_PRIM36.TDP_SP36_NO_ECC_ATTR.ram/CLKBWRCLK
                            (falling edge-triggered cell RAMB36E1 clocked by clk_fpga_0  {rise@0.000ns fall@10.000ns period=20.000ns})
  Destination:            ip_integrator_i/rv_sc_ip_0/inst/u_pc/pc_reg[3]/D
                            (rising edge-triggered cell FDRE clocked by clk_fpga_0  {rise@0.000ns fall@10.000ns period=20.000ns})
  Path Group:             clk_fpga_0
  Path Type:              Setup (Max at Slow Process Corner)
  Requirement:            10.000ns  (clk_fpga_0 rise@20.000ns - clk_fpga_0 fall@10.000ns)
  Data Path Delay:        12.293ns  (logic 3.818ns (31.058%)  route 8.475ns (68.942%))
  Logic Levels:           11  (LUT3=1 LUT5=2 LUT6=8)
  Clock Path Skew:        -0.267ns (DCD - SCD + CPR)
    Destination Clock Delay (DCD):    2.826ns = ( 22.826 - 20.000 ) 
    Source Clock Delay      (SCD):    3.239ns = ( 13.239 - 10.000 ) 
    Clock Pessimism Removal (CPR):    0.147ns
  Clock Uncertainty:      0.302ns  ((TSJ^2 + TIJ^2)^1/2 + DJ) / 2 + PE
    Total System Jitter     (TSJ):    0.071ns
    Total Input Jitter      (TIJ):    0.600ns
    Discrete Jitter          (DJ):    0.000ns
    Phase Error              (PE):    0.000ns

    Location             Delay type                Incr(ns)  Path(ns)    Netlist Resource(s)
  -------------------------------------------------------------------    -------------------
                         (clock clk_fpga_0 fall edge)
                                                     10.000    10.000 f  
    PS7_X0Y0             PS7                          0.000    10.000 f  ip_integrator_i/processing_system7_0/inst/PS7_i/FCLKCLK[0]
                         net (fo=1, routed)           1.193    11.193    ip_integrator_i/processing_system7_0/inst/FCLK_CLK_unbuffered[0]
    BUFGCTRL_X0Y16       BUFG (Prop_bufg_I_O)         0.101    11.294 f  ip_integrator_i/processing_system7_0/inst/buffer_fclk_clk_0.FCLK_CLK_0_BUFG/O
                         net (fo=6362, routed)        1.945    13.239    ip_integrator_i/memgen_iram/U0/inst_blk_mem_gen/gnbram.gnative_mem_map_bmg.native_mem_map_blk_mem_gen/valid.cstr/ramloop[0].ram.r/prim_noinit.ram/clkb
    RAMB36_X3Y21         RAMB36E1                                     r  ip_integrator_i/memgen_iram/U0/inst_blk_mem_gen/gnbram.gnative_mem_map_bmg.native_mem_map_blk_mem_gen/valid.cstr/ramloop[0].ram.r/prim_noinit.ram/DEVICE_7SERIES.WITH_BMM_INFO.TRUE_DP.SIMPLE_PRIM36.TDP_SP36_NO_ECC_ATTR.ram/CLKBWRCLK  (IS_INVERTED)
  -------------------------------------------------------------------    -------------------
    RAMB36_X3Y21         RAMB36E1 (Prop_ramb36e1_CLKBWRCLK_DOBDO[1])
                                                      2.454    15.693 r  ip_integrator_i/memgen_iram/U0/inst_blk_mem_gen/gnbram.gnative_mem_map_bmg.native_mem_map_blk_mem_gen/valid.cstr/ramloop[0].ram.r/prim_noinit.ram/DEVICE_7SERIES.WITH_BMM_INFO.TRUE_DP.SIMPLE_PRIM36.TDP_SP36_NO_ECC_ATTR.ram/DOBDO[1]
                         net (fo=15, routed)          1.035    16.729    ip_integrator_i/rv_sc_ip_0/inst/u_regfile/i_doutb[1]
    SLICE_X55Y105        LUT3 (Prop_lut3_I2_O)        0.124    16.853 f  ip_integrator_i/rv_sc_ip_0/inst/u_regfile/d_addrb[12]_INST_0_i_53/O
                         net (fo=5, routed)           0.166    17.019    ip_integrator_i/rv_sc_ip_0/inst/u_alu/d_addrb[3]_INST_0_i_10
    SLICE_X55Y105        LUT5 (Prop_lut5_I0_O)        0.124    17.143 r  ip_integrator_i/rv_sc_ip_0/inst/u_alu/d_addrb[12]_INST_0_i_19/O
                         net (fo=175, routed)         0.802    17.944    ip_integrator_i/rv_sc_ip_0/inst/u_regfile/DEVICE_7SERIES.WITH_BMM_INFO.TRUE_DP.SIMPLE_PRIM36.TDP_SP36_NO_ECC_ATTR.ram_35
    SLICE_X57Y104        LUT6 (Prop_lut6_I5_O)        0.124    18.068 r  ip_integrator_i/rv_sc_ip_0/inst/u_regfile/d_dinb[4]_INST_0_comp_1/O
                         net (fo=1, routed)           0.786    18.855    ip_integrator_i/rv_sc_ip_0/inst/u_regfile/DEVICE_7SERIES.WITH_BMM_INFO.TRUE_DP.SIMPLE_PRIM36.TDP_SP36_NO_ECC_ATTR.ram_12_repN_1
    SLICE_X57Y108        LUT6 (Prop_lut6_I5_O)        0.124    18.979 r  ip_integrator_i/rv_sc_ip_0/inst/u_regfile/d_addrb[4]_INST_0_i_9_comp/O
                         net (fo=46, routed)          0.892    19.870    ip_integrator_i/rv_sc_ip_0/inst/u_regfile/DEVICE_7SERIES.WITH_BMM_INFO.TRUE_DP.SIMPLE_PRIM36.TDP_SP36_NO_ECC_ATTR.ram_0[1]
    SLICE_X58Y108        LUT6 (Prop_lut6_I3_O)        0.124    19.994 f  ip_integrator_i/rv_sc_ip_0/inst/u_regfile/regs_reg_r1_0_31_12_17_i_64/O
                         net (fo=4, routed)           0.903    20.897    ip_integrator_i/rv_sc_ip_0/inst/u_regfile/regs_reg_r1_0_31_12_17_i_64_n_0
    SLICE_X52Y109        LUT5 (Prop_lut5_I2_O)        0.124    21.021 f  ip_integrator_i/rv_sc_ip_0/inst/u_regfile/regs_reg_r1_0_31_18_23_i_52/O
                         net (fo=2, routed)           0.934    21.955    ip_integrator_i/rv_sc_ip_0/inst/u_regfile/regs_reg_r1_0_31_18_23_i_52_n_0
    SLICE_X47Y113        LUT6 (Prop_lut6_I5_O)        0.124    22.079 r  ip_integrator_i/rv_sc_ip_0/inst/u_regfile/regs_reg_r1_0_31_18_23_i_28/O
                         net (fo=1, routed)           0.813    22.892    ip_integrator_i/rv_sc_ip_0/inst/u_regfile/regs_reg_r1_0_31_18_23_i_28_n_0
    SLICE_X47Y115        LUT6 (Prop_lut6_I2_O)        0.124    23.016 r  ip_integrator_i/rv_sc_ip_0/inst/u_regfile/regs_reg_r1_0_31_18_23_i_11_comp/O
                         net (fo=2, routed)           0.661    23.677    ip_integrator_i/rv_sc_ip_0/inst/u_regfile/regs_reg_r1_0_31_18_23_i_11_n_0
    SLICE_X48Y116        LUT6 (Prop_lut6_I3_O)        0.124    23.801 r  ip_integrator_i/rv_sc_ip_0/inst/u_regfile/pc[12]_i_12_rewire_comp/O
                         net (fo=2, routed)           0.605    24.406    ip_integrator_i/rv_sc_ip_0/inst/u_regfile/pc[12]_i_12_n_0
    SLICE_X44Y116        LUT6 (Prop_lut6_I5_O)        0.124    24.530 r  ip_integrator_i/rv_sc_ip_0/inst/u_regfile/pc[12]_i_6_rewire/O
                         net (fo=31, routed)          0.879    25.409    ip_integrator_i/rv_sc_ip_0/inst/u_regfile/pc[12]_i_6_n_0
    SLICE_X45Y113        LUT6 (Prop_lut6_I4_O)        0.124    25.533 r  ip_integrator_i/rv_sc_ip_0/inst/u_regfile/pc[3]_i_1/O
                         net (fo=1, routed)           0.000    25.533    ip_integrator_i/rv_sc_ip_0/inst/u_pc/D[3]
    SLICE_X45Y113        FDRE                                         r  ip_integrator_i/rv_sc_ip_0/inst/u_pc/pc_reg[3]/D
  -------------------------------------------------------------------    -------------------

                         (clock clk_fpga_0 rise edge)
                                                     20.000    20.000 r  
    PS7_X0Y0             PS7                          0.000    20.000 r  ip_integrator_i/processing_system7_0/inst/PS7_i/FCLKCLK[0]
                         net (fo=1, routed)           1.088    21.088    ip_integrator_i/processing_system7_0/inst/FCLK_CLK_unbuffered[0]
    BUFGCTRL_X0Y16       BUFG (Prop_bufg_I_O)         0.091    21.179 r  ip_integrator_i/processing_system7_0/inst/buffer_fclk_clk_0.FCLK_CLK_0_BUFG/O
                         net (fo=6362, routed)        1.647    22.826    ip_integrator_i/rv_sc_ip_0/inst/u_pc/clk
    SLICE_X45Y113        FDRE                                         r  ip_integrator_i/rv_sc_ip_0/inst/u_pc/pc_reg[3]/C
                         clock pessimism              0.147    22.973    
                         clock uncertainty           -0.302    22.671    
    SLICE_X45Y113        FDRE (Setup_fdre_C_D)        0.032    22.703    ip_integrator_i/rv_sc_ip_0/inst/u_pc/pc_reg[3]
  -------------------------------------------------------------------
                         required time                         22.703    
                         arrival time                         -25.533    
  -------------------------------------------------------------------
                         slack                                 -2.830    

Slack (VIOLATED) :        -2.829ns  (required time - arrival time)
  Source:                 ip_integrator_i/memgen_iram/U0/inst_blk_mem_gen/gnbram.gnative_mem_map_bmg.native_mem_map_blk_mem_gen/valid.cstr/ramloop[0].ram.r/prim_noinit.ram/DEVICE_7SERIES.WITH_BMM_INFO.TRUE_DP.SIMPLE_PRIM36.TDP_SP36_NO_ECC_ATTR.ram/CLKBWRCLK
                            (falling edge-triggered cell RAMB36E1 clocked by clk_fpga_0  {rise@0.000ns fall@10.000ns period=20.000ns})
  Destination:            ip_integrator_i/rv_sc_ip_0/inst/u_pc/pc_reg[5]/D
                            (rising edge-triggered cell FDRE clocked by clk_fpga_0  {rise@0.000ns fall@10.000ns period=20.000ns})
  Path Group:             clk_fpga_0
  Path Type:              Setup (Max at Slow Process Corner)
  Requirement:            10.000ns  (clk_fpga_0 rise@20.000ns - clk_fpga_0 fall@10.000ns)
  Data Path Delay:        12.291ns  (logic 3.818ns (31.063%)  route 8.473ns (68.937%))
  Logic Levels:           11  (LUT3=1 LUT5=2 LUT6=8)
  Clock Path Skew:        -0.267ns (DCD - SCD + CPR)
    Destination Clock Delay (DCD):    2.826ns = ( 22.826 - 20.000 ) 
    Source Clock Delay      (SCD):    3.239ns = ( 13.239 - 10.000 ) 
    Clock Pessimism Removal (CPR):    0.147ns
  Clock Uncertainty:      0.302ns  ((TSJ^2 + TIJ^2)^1/2 + DJ) / 2 + PE
    Total System Jitter     (TSJ):    0.071ns
    Total Input Jitter      (TIJ):    0.600ns
    Discrete Jitter          (DJ):    0.000ns
    Phase Error              (PE):    0.000ns

    Location             Delay type                Incr(ns)  Path(ns)    Netlist Resource(s)
  -------------------------------------------------------------------    -------------------
                         (clock clk_fpga_0 fall edge)
                                                     10.000    10.000 f  
    PS7_X0Y0             PS7                          0.000    10.000 f  ip_integrator_i/processing_system7_0/inst/PS7_i/FCLKCLK[0]
                         net (fo=1, routed)           1.193    11.193    ip_integrator_i/processing_system7_0/inst/FCLK_CLK_unbuffered[0]
    BUFGCTRL_X0Y16       BUFG (Prop_bufg_I_O)         0.101    11.294 f  ip_integrator_i/processing_system7_0/inst/buffer_fclk_clk_0.FCLK_CLK_0_BUFG/O
                         net (fo=6362, routed)        1.945    13.239    ip_integrator_i/memgen_iram/U0/inst_blk_mem_gen/gnbram.gnative_mem_map_bmg.native_mem_map_blk_mem_gen/valid.cstr/ramloop[0].ram.r/prim_noinit.ram/clkb
    RAMB36_X3Y21         RAMB36E1                                     r  ip_integrator_i/memgen_iram/U0/inst_blk_mem_gen/gnbram.gnative_mem_map_bmg.native_mem_map_blk_mem_gen/valid.cstr/ramloop[0].ram.r/prim_noinit.ram/DEVICE_7SERIES.WITH_BMM_INFO.TRUE_DP.SIMPLE_PRIM36.TDP_SP36_NO_ECC_ATTR.ram/CLKBWRCLK  (IS_INVERTED)
  -------------------------------------------------------------------    -------------------
    RAMB36_X3Y21         RAMB36E1 (Prop_ramb36e1_CLKBWRCLK_DOBDO[1])
                                                      2.454    15.693 r  ip_integrator_i/memgen_iram/U0/inst_blk_mem_gen/gnbram.gnative_mem_map_bmg.native_mem_map_blk_mem_gen/valid.cstr/ramloop[0].ram.r/prim_noinit.ram/DEVICE_7SERIES.WITH_BMM_INFO.TRUE_DP.SIMPLE_PRIM36.TDP_SP36_NO_ECC_ATTR.ram/DOBDO[1]
                         net (fo=15, routed)          1.035    16.729    ip_integrator_i/rv_sc_ip_0/inst/u_regfile/i_doutb[1]
    SLICE_X55Y105        LUT3 (Prop_lut3_I2_O)        0.124    16.853 f  ip_integrator_i/rv_sc_ip_0/inst/u_regfile/d_addrb[12]_INST_0_i_53/O
                         net (fo=5, routed)           0.166    17.019    ip_integrator_i/rv_sc_ip_0/inst/u_alu/d_addrb[3]_INST_0_i_10
    SLICE_X55Y105        LUT5 (Prop_lut5_I0_O)        0.124    17.143 r  ip_integrator_i/rv_sc_ip_0/inst/u_alu/d_addrb[12]_INST_0_i_19/O
                         net (fo=175, routed)         0.802    17.944    ip_integrator_i/rv_sc_ip_0/inst/u_regfile/DEVICE_7SERIES.WITH_BMM_INFO.TRUE_DP.SIMPLE_PRIM36.TDP_SP36_NO_ECC_ATTR.ram_35
    SLICE_X57Y104        LUT6 (Prop_lut6_I5_O)        0.124    18.068 r  ip_integrator_i/rv_sc_ip_0/inst/u_regfile/d_dinb[4]_INST_0_comp_1/O
                         net (fo=1, routed)           0.786    18.855    ip_integrator_i/rv_sc_ip_0/inst/u_regfile/DEVICE_7SERIES.WITH_BMM_INFO.TRUE_DP.SIMPLE_PRIM36.TDP_SP36_NO_ECC_ATTR.ram_12_repN_1
    SLICE_X57Y108        LUT6 (Prop_lut6_I5_O)        0.124    18.979 r  ip_integrator_i/rv_sc_ip_0/inst/u_regfile/d_addrb[4]_INST_0_i_9_comp/O
                         net (fo=46, routed)          0.892    19.870    ip_integrator_i/rv_sc_ip_0/inst/u_regfile/DEVICE_7SERIES.WITH_BMM_INFO.TRUE_DP.SIMPLE_PRIM36.TDP_SP36_NO_ECC_ATTR.ram_0[1]
    SLICE_X58Y108        LUT6 (Prop_lut6_I3_O)        0.124    19.994 f  ip_integrator_i/rv_sc_ip_0/inst/u_regfile/regs_reg_r1_0_31_12_17_i_64/O
                         net (fo=4, routed)           0.903    20.897    ip_integrator_i/rv_sc_ip_0/inst/u_regfile/regs_reg_r1_0_31_12_17_i_64_n_0
    SLICE_X52Y109        LUT5 (Prop_lut5_I2_O)        0.124    21.021 f  ip_integrator_i/rv_sc_ip_0/inst/u_regfile/regs_reg_r1_0_31_18_23_i_52/O
                         net (fo=2, routed)           0.934    21.955    ip_integrator_i/rv_sc_ip_0/inst/u_regfile/regs_reg_r1_0_31_18_23_i_52_n_0
    SLICE_X47Y113        LUT6 (Prop_lut6_I5_O)        0.124    22.079 r  ip_integrator_i/rv_sc_ip_0/inst/u_regfile/regs_reg_r1_0_31_18_23_i_28/O
                         net (fo=1, routed)           0.813    22.892    ip_integrator_i/rv_sc_ip_0/inst/u_regfile/regs_reg_r1_0_31_18_23_i_28_n_0
    SLICE_X47Y115        LUT6 (Prop_lut6_I2_O)        0.124    23.016 r  ip_integrator_i/rv_sc_ip_0/inst/u_regfile/regs_reg_r1_0_31_18_23_i_11_comp/O
                         net (fo=2, routed)           0.661    23.677    ip_integrator_i/rv_sc_ip_0/inst/u_regfile/regs_reg_r1_0_31_18_23_i_11_n_0
    SLICE_X48Y116        LUT6 (Prop_lut6_I3_O)        0.124    23.801 r  ip_integrator_i/rv_sc_ip_0/inst/u_regfile/pc[12]_i_12_rewire_comp/O
                         net (fo=2, routed)           0.605    24.406    ip_integrator_i/rv_sc_ip_0/inst/u_regfile/pc[12]_i_12_n_0
    SLICE_X44Y116        LUT6 (Prop_lut6_I5_O)        0.124    24.530 r  ip_integrator_i/rv_sc_ip_0/inst/u_regfile/pc[12]_i_6_rewire/O
                         net (fo=31, routed)          0.877    25.407    ip_integrator_i/rv_sc_ip_0/inst/u_regfile/pc[12]_i_6_n_0
    SLICE_X45Y113        LUT6 (Prop_lut6_I4_O)        0.124    25.531 r  ip_integrator_i/rv_sc_ip_0/inst/u_regfile/pc[5]_i_1/O
                         net (fo=1, routed)           0.000    25.531    ip_integrator_i/rv_sc_ip_0/inst/u_pc/D[5]
    SLICE_X45Y113        FDRE                                         r  ip_integrator_i/rv_sc_ip_0/inst/u_pc/pc_reg[5]/D
  -------------------------------------------------------------------    -------------------

                         (clock clk_fpga_0 rise edge)
                                                     20.000    20.000 r  
    PS7_X0Y0             PS7                          0.000    20.000 r  ip_integrator_i/processing_system7_0/inst/PS7_i/FCLKCLK[0]
                         net (fo=1, routed)           1.088    21.088    ip_integrator_i/processing_system7_0/inst/FCLK_CLK_unbuffered[0]
    BUFGCTRL_X0Y16       BUFG (Prop_bufg_I_O)         0.091    21.179 r  ip_integrator_i/processing_system7_0/inst/buffer_fclk_clk_0.FCLK_CLK_0_BUFG/O
                         net (fo=6362, routed)        1.647    22.826    ip_integrator_i/rv_sc_ip_0/inst/u_pc/clk
    SLICE_X45Y113        FDRE                                         r  ip_integrator_i/rv_sc_ip_0/inst/u_pc/pc_reg[5]/C
                         clock pessimism              0.147    22.973    
                         clock uncertainty           -0.302    22.671    
    SLICE_X45Y113        FDRE (Setup_fdre_C_D)        0.031    22.702    ip_integrator_i/rv_sc_ip_0/inst/u_pc/pc_reg[5]
  -------------------------------------------------------------------
                         required time                         22.702    
                         arrival time                         -25.531    
  -------------------------------------------------------------------
                         slack                                 -2.829    

Slack (VIOLATED) :        -2.801ns  (required time - arrival time)
  Source:                 ip_integrator_i/memgen_iram/U0/inst_blk_mem_gen/gnbram.gnative_mem_map_bmg.native_mem_map_blk_mem_gen/valid.cstr/ramloop[0].ram.r/prim_noinit.ram/DEVICE_7SERIES.WITH_BMM_INFO.TRUE_DP.SIMPLE_PRIM36.TDP_SP36_NO_ECC_ATTR.ram/CLKBWRCLK
                            (falling edge-triggered cell RAMB36E1 clocked by clk_fpga_0  {rise@0.000ns fall@10.000ns period=20.000ns})
  Destination:            ip_integrator_i/rv_sc_ip_0/inst/u_pc/pc_reg[15]/D
                            (rising edge-triggered cell FDRE clocked by clk_fpga_0  {rise@0.000ns fall@10.000ns period=20.000ns})
  Path Group:             clk_fpga_0
  Path Type:              Setup (Max at Slow Process Corner)
  Requirement:            10.000ns  (clk_fpga_0 rise@20.000ns - clk_fpga_0 fall@10.000ns)
  Data Path Delay:        12.306ns  (logic 3.818ns (31.026%)  route 8.488ns (68.974%))
  Logic Levels:           11  (LUT3=1 LUT5=2 LUT6=8)
  Clock Path Skew:        -0.270ns (DCD - SCD + CPR)
    Destination Clock Delay (DCD):    2.823ns = ( 22.823 - 20.000 ) 
    Source Clock Delay      (SCD):    3.239ns = ( 13.239 - 10.000 ) 
    Clock Pessimism Removal (CPR):    0.147ns
  Clock Uncertainty:      0.302ns  ((TSJ^2 + TIJ^2)^1/2 + DJ) / 2 + PE
    Total System Jitter     (TSJ):    0.071ns
    Total Input Jitter      (TIJ):    0.600ns
    Discrete Jitter          (DJ):    0.000ns
    Phase Error              (PE):    0.000ns

    Location             Delay type                Incr(ns)  Path(ns)    Netlist Resource(s)
  -------------------------------------------------------------------    -------------------
                         (clock clk_fpga_0 fall edge)
                                                     10.000    10.000 f  
    PS7_X0Y0             PS7                          0.000    10.000 f  ip_integrator_i/processing_system7_0/inst/PS7_i/FCLKCLK[0]
                         net (fo=1, routed)           1.193    11.193    ip_integrator_i/processing_system7_0/inst/FCLK_CLK_unbuffered[0]
    BUFGCTRL_X0Y16       BUFG (Prop_bufg_I_O)         0.101    11.294 f  ip_integrator_i/processing_system7_0/inst/buffer_fclk_clk_0.FCLK_CLK_0_BUFG/O
                         net (fo=6362, routed)        1.945    13.239    ip_integrator_i/memgen_iram/U0/inst_blk_mem_gen/gnbram.gnative_mem_map_bmg.native_mem_map_blk_mem_gen/valid.cstr/ramloop[0].ram.r/prim_noinit.ram/clkb
    RAMB36_X3Y21         RAMB36E1                                     r  ip_integrator_i/memgen_iram/U0/inst_blk_mem_gen/gnbram.gnative_mem_map_bmg.native_mem_map_blk_mem_gen/valid.cstr/ramloop[0].ram.r/prim_noinit.ram/DEVICE_7SERIES.WITH_BMM_INFO.TRUE_DP.SIMPLE_PRIM36.TDP_SP36_NO_ECC_ATTR.ram/CLKBWRCLK  (IS_INVERTED)
  -------------------------------------------------------------------    -------------------
    RAMB36_X3Y21         RAMB36E1 (Prop_ramb36e1_CLKBWRCLK_DOBDO[1])
                                                      2.454    15.693 r  ip_integrator_i/memgen_iram/U0/inst_blk_mem_gen/gnbram.gnative_mem_map_bmg.native_mem_map_blk_mem_gen/valid.cstr/ramloop[0].ram.r/prim_noinit.ram/DEVICE_7SERIES.WITH_BMM_INFO.TRUE_DP.SIMPLE_PRIM36.TDP_SP36_NO_ECC_ATTR.ram/DOBDO[1]
                         net (fo=15, routed)          1.035    16.729    ip_integrator_i/rv_sc_ip_0/inst/u_regfile/i_doutb[1]
    SLICE_X55Y105        LUT3 (Prop_lut3_I2_O)        0.124    16.853 f  ip_integrator_i/rv_sc_ip_0/inst/u_regfile/d_addrb[12]_INST_0_i_53/O
                         net (fo=5, routed)           0.166    17.019    ip_integrator_i/rv_sc_ip_0/inst/u_alu/d_addrb[3]_INST_0_i_10
    SLICE_X55Y105        LUT5 (Prop_lut5_I0_O)        0.124    17.143 r  ip_integrator_i/rv_sc_ip_0/inst/u_alu/d_addrb[12]_INST_0_i_19/O
                         net (fo=175, routed)         0.802    17.944    ip_integrator_i/rv_sc_ip_0/inst/u_regfile/DEVICE_7SERIES.WITH_BMM_INFO.TRUE_DP.SIMPLE_PRIM36.TDP_SP36_NO_ECC_ATTR.ram_35
    SLICE_X57Y104        LUT6 (Prop_lut6_I5_O)        0.124    18.068 r  ip_integrator_i/rv_sc_ip_0/inst/u_regfile/d_dinb[4]_INST_0_comp_1/O
                         net (fo=1, routed)           0.786    18.855    ip_integrator_i/rv_sc_ip_0/inst/u_regfile/DEVICE_7SERIES.WITH_BMM_INFO.TRUE_DP.SIMPLE_PRIM36.TDP_SP36_NO_ECC_ATTR.ram_12_repN_1
    SLICE_X57Y108        LUT6 (Prop_lut6_I5_O)        0.124    18.979 r  ip_integrator_i/rv_sc_ip_0/inst/u_regfile/d_addrb[4]_INST_0_i_9_comp/O
                         net (fo=46, routed)          0.892    19.870    ip_integrator_i/rv_sc_ip_0/inst/u_regfile/DEVICE_7SERIES.WITH_BMM_INFO.TRUE_DP.SIMPLE_PRIM36.TDP_SP36_NO_ECC_ATTR.ram_0[1]
    SLICE_X58Y108        LUT6 (Prop_lut6_I3_O)        0.124    19.994 f  ip_integrator_i/rv_sc_ip_0/inst/u_regfile/regs_reg_r1_0_31_12_17_i_64/O
                         net (fo=4, routed)           0.903    20.897    ip_integrator_i/rv_sc_ip_0/inst/u_regfile/regs_reg_r1_0_31_12_17_i_64_n_0
    SLICE_X52Y109        LUT5 (Prop_lut5_I2_O)        0.124    21.021 f  ip_integrator_i/rv_sc_ip_0/inst/u_regfile/regs_reg_r1_0_31_18_23_i_52/O
                         net (fo=2, routed)           0.934    21.955    ip_integrator_i/rv_sc_ip_0/inst/u_regfile/regs_reg_r1_0_31_18_23_i_52_n_0
    SLICE_X47Y113        LUT6 (Prop_lut6_I5_O)        0.124    22.079 r  ip_integrator_i/rv_sc_ip_0/inst/u_regfile/regs_reg_r1_0_31_18_23_i_28/O
                         net (fo=1, routed)           0.813    22.892    ip_integrator_i/rv_sc_ip_0/inst/u_regfile/regs_reg_r1_0_31_18_23_i_28_n_0
    SLICE_X47Y115        LUT6 (Prop_lut6_I2_O)        0.124    23.016 r  ip_integrator_i/rv_sc_ip_0/inst/u_regfile/regs_reg_r1_0_31_18_23_i_11_comp/O
                         net (fo=2, routed)           0.661    23.677    ip_integrator_i/rv_sc_ip_0/inst/u_regfile/regs_reg_r1_0_31_18_23_i_11_n_0
    SLICE_X48Y116        LUT6 (Prop_lut6_I3_O)        0.124    23.801 r  ip_integrator_i/rv_sc_ip_0/inst/u_regfile/pc[12]_i_12_rewire_comp/O
                         net (fo=2, routed)           0.605    24.406    ip_integrator_i/rv_sc_ip_0/inst/u_regfile/pc[12]_i_12_n_0
    SLICE_X44Y116        LUT6 (Prop_lut6_I5_O)        0.124    24.530 r  ip_integrator_i/rv_sc_ip_0/inst/u_regfile/pc[12]_i_6_rewire/O
                         net (fo=31, routed)          0.892    25.421    ip_integrator_i/rv_sc_ip_0/inst/u_regfile/pc[12]_i_6_n_0
    SLICE_X46Y117        LUT6 (Prop_lut6_I4_O)        0.124    25.545 r  ip_integrator_i/rv_sc_ip_0/inst/u_regfile/pc[15]_i_1/O
                         net (fo=1, routed)           0.000    25.545    ip_integrator_i/rv_sc_ip_0/inst/u_pc/D[15]
    SLICE_X46Y117        FDRE                                         r  ip_integrator_i/rv_sc_ip_0/inst/u_pc/pc_reg[15]/D
  -------------------------------------------------------------------    -------------------

                         (clock clk_fpga_0 rise edge)
                                                     20.000    20.000 r  
    PS7_X0Y0             PS7                          0.000    20.000 r  ip_integrator_i/processing_system7_0/inst/PS7_i/FCLKCLK[0]
                         net (fo=1, routed)           1.088    21.088    ip_integrator_i/processing_system7_0/inst/FCLK_CLK_unbuffered[0]
    BUFGCTRL_X0Y16       BUFG (Prop_bufg_I_O)         0.091    21.179 r  ip_integrator_i/processing_system7_0/inst/buffer_fclk_clk_0.FCLK_CLK_0_BUFG/O
                         net (fo=6362, routed)        1.644    22.823    ip_integrator_i/rv_sc_ip_0/inst/u_pc/clk
    SLICE_X46Y117        FDRE                                         r  ip_integrator_i/rv_sc_ip_0/inst/u_pc/pc_reg[15]/C
                         clock pessimism              0.147    22.970    
                         clock uncertainty           -0.302    22.668    
    SLICE_X46Y117        FDRE (Setup_fdre_C_D)        0.077    22.745    ip_integrator_i/rv_sc_ip_0/inst/u_pc/pc_reg[15]
  -------------------------------------------------------------------
                         required time                         22.745    
                         arrival time                         -25.545    
  -------------------------------------------------------------------
                         slack                                 -2.801    

Slack (VIOLATED) :        -2.771ns  (required time - arrival time)
  Source:                 ip_integrator_i/memgen_iram/U0/inst_blk_mem_gen/gnbram.gnative_mem_map_bmg.native_mem_map_blk_mem_gen/valid.cstr/ramloop[0].ram.r/prim_noinit.ram/DEVICE_7SERIES.WITH_BMM_INFO.TRUE_DP.SIMPLE_PRIM36.TDP_SP36_NO_ECC_ATTR.ram/CLKBWRCLK
                            (falling edge-triggered cell RAMB36E1 clocked by clk_fpga_0  {rise@0.000ns fall@10.000ns period=20.000ns})
  Destination:            ip_integrator_i/rv_sc_ip_0/inst/u_pc/pc_reg[7]/D
                            (rising edge-triggered cell FDRE clocked by clk_fpga_0  {rise@0.000ns fall@10.000ns period=20.000ns})
  Path Group:             clk_fpga_0
  Path Type:              Setup (Max at Slow Process Corner)
  Requirement:            10.000ns  (clk_fpga_0 rise@20.000ns - clk_fpga_0 fall@10.000ns)
  Data Path Delay:        12.233ns  (logic 3.818ns (31.212%)  route 8.415ns (68.788%))
  Logic Levels:           11  (LUT3=1 LUT5=2 LUT6=8)
  Clock Path Skew:        -0.268ns (DCD - SCD + CPR)
    Destination Clock Delay (DCD):    2.825ns = ( 22.825 - 20.000 ) 
    Source Clock Delay      (SCD):    3.239ns = ( 13.239 - 10.000 ) 
    Clock Pessimism Removal (CPR):    0.147ns
  Clock Uncertainty:      0.302ns  ((TSJ^2 + TIJ^2)^1/2 + DJ) / 2 + PE
    Total System Jitter     (TSJ):    0.071ns
    Total Input Jitter      (TIJ):    0.600ns
    Discrete Jitter          (DJ):    0.000ns
    Phase Error              (PE):    0.000ns

    Location             Delay type                Incr(ns)  Path(ns)    Netlist Resource(s)
  -------------------------------------------------------------------    -------------------
                         (clock clk_fpga_0 fall edge)
                                                     10.000    10.000 f  
    PS7_X0Y0             PS7                          0.000    10.000 f  ip_integrator_i/processing_system7_0/inst/PS7_i/FCLKCLK[0]
                         net (fo=1, routed)           1.193    11.193    ip_integrator_i/processing_system7_0/inst/FCLK_CLK_unbuffered[0]
    BUFGCTRL_X0Y16       BUFG (Prop_bufg_I_O)         0.101    11.294 f  ip_integrator_i/processing_system7_0/inst/buffer_fclk_clk_0.FCLK_CLK_0_BUFG/O
                         net (fo=6362, routed)        1.945    13.239    ip_integrator_i/memgen_iram/U0/inst_blk_mem_gen/gnbram.gnative_mem_map_bmg.native_mem_map_blk_mem_gen/valid.cstr/ramloop[0].ram.r/prim_noinit.ram/clkb
    RAMB36_X3Y21         RAMB36E1                                     r  ip_integrator_i/memgen_iram/U0/inst_blk_mem_gen/gnbram.gnative_mem_map_bmg.native_mem_map_blk_mem_gen/valid.cstr/ramloop[0].ram.r/prim_noinit.ram/DEVICE_7SERIES.WITH_BMM_INFO.TRUE_DP.SIMPLE_PRIM36.TDP_SP36_NO_ECC_ATTR.ram/CLKBWRCLK  (IS_INVERTED)
  -------------------------------------------------------------------    -------------------
    RAMB36_X3Y21         RAMB36E1 (Prop_ramb36e1_CLKBWRCLK_DOBDO[1])
                                                      2.454    15.693 r  ip_integrator_i/memgen_iram/U0/inst_blk_mem_gen/gnbram.gnative_mem_map_bmg.native_mem_map_blk_mem_gen/valid.cstr/ramloop[0].ram.r/prim_noinit.ram/DEVICE_7SERIES.WITH_BMM_INFO.TRUE_DP.SIMPLE_PRIM36.TDP_SP36_NO_ECC_ATTR.ram/DOBDO[1]
                         net (fo=15, routed)          1.035    16.729    ip_integrator_i/rv_sc_ip_0/inst/u_regfile/i_doutb[1]
    SLICE_X55Y105        LUT3 (Prop_lut3_I2_O)        0.124    16.853 f  ip_integrator_i/rv_sc_ip_0/inst/u_regfile/d_addrb[12]_INST_0_i_53/O
                         net (fo=5, routed)           0.166    17.019    ip_integrator_i/rv_sc_ip_0/inst/u_alu/d_addrb[3]_INST_0_i_10
    SLICE_X55Y105        LUT5 (Prop_lut5_I0_O)        0.124    17.143 r  ip_integrator_i/rv_sc_ip_0/inst/u_alu/d_addrb[12]_INST_0_i_19/O
                         net (fo=175, routed)         0.802    17.944    ip_integrator_i/rv_sc_ip_0/inst/u_regfile/DEVICE_7SERIES.WITH_BMM_INFO.TRUE_DP.SIMPLE_PRIM36.TDP_SP36_NO_ECC_ATTR.ram_35
    SLICE_X57Y104        LUT6 (Prop_lut6_I5_O)        0.124    18.068 f  ip_integrator_i/rv_sc_ip_0/inst/u_regfile/d_dinb[4]_INST_0_comp_1/O
                         net (fo=1, routed)           0.786    18.855    ip_integrator_i/rv_sc_ip_0/inst/u_regfile/DEVICE_7SERIES.WITH_BMM_INFO.TRUE_DP.SIMPLE_PRIM36.TDP_SP36_NO_ECC_ATTR.ram_12_repN_1
    SLICE_X57Y108        LUT6 (Prop_lut6_I5_O)        0.124    18.979 f  ip_integrator_i/rv_sc_ip_0/inst/u_regfile/d_addrb[4]_INST_0_i_9_comp/O
                         net (fo=46, routed)          1.085    20.064    ip_integrator_i/rv_sc_ip_0/inst/u_regfile/DEVICE_7SERIES.WITH_BMM_INFO.TRUE_DP.SIMPLE_PRIM36.TDP_SP36_NO_ECC_ATTR.ram_0[1]
    SLICE_X49Y108        LUT5 (Prop_lut5_I2_O)        0.124    20.188 f  ip_integrator_i/rv_sc_ip_0/inst/u_regfile/d_addrb[12]_INST_0_i_45/O
                         net (fo=4, routed)           0.686    20.875    ip_integrator_i/rv_sc_ip_0/inst/u_regfile/d_addrb[12]_INST_0_i_45_n_0
    SLICE_X49Y107        LUT6 (Prop_lut6_I3_O)        0.124    20.999 f  ip_integrator_i/rv_sc_ip_0/inst/u_regfile/d_addrb[10]_INST_0_i_9/O
                         net (fo=2, routed)           0.602    21.600    ip_integrator_i/rv_sc_ip_0/inst/u_regfile/d_addrb[10]_INST_0_i_9_n_0
    SLICE_X45Y109        LUT6 (Prop_lut6_I4_O)        0.124    21.724 r  ip_integrator_i/rv_sc_ip_0/inst/u_regfile/d_addrb[9]_INST_0_i_2_comp_1/O
                         net (fo=1, routed)           0.860    22.585    ip_integrator_i/rv_sc_ip_0/inst/u_regfile/d_addrb[9]_INST_0_i_2_n_0
    SLICE_X44Y110        LUT6 (Prop_lut6_I3_O)        0.124    22.709 r  ip_integrator_i/rv_sc_ip_0/inst/u_regfile/d_addrb[9]_INST_0_comp/O
                         net (fo=4, routed)           0.858    23.567    ip_integrator_i/rv_sc_ip_0/inst/u_regfile/d_addrb[7]
    SLICE_X48Y115        LUT6 (Prop_lut6_I3_O)        0.124    23.691 r  ip_integrator_i/rv_sc_ip_0/inst/u_regfile/pc[12]_i_10_comp/O
                         net (fo=1, routed)           0.807    24.498    ip_integrator_i/rv_sc_ip_0/inst/u_regfile/pc[12]_i_10_n_0
    SLICE_X46Y115        LUT6 (Prop_lut6_I3_O)        0.124    24.622 r  ip_integrator_i/rv_sc_ip_0/inst/u_regfile/pc[12]_i_4/O
                         net (fo=32, routed)          0.726    25.348    ip_integrator_i/rv_sc_ip_0/inst/u_regfile/pc[12]_i_4_n_0
    SLICE_X47Y115        LUT6 (Prop_lut6_I2_O)        0.124    25.472 r  ip_integrator_i/rv_sc_ip_0/inst/u_regfile/pc[7]_i_1/O
                         net (fo=1, routed)           0.000    25.472    ip_integrator_i/rv_sc_ip_0/inst/u_pc/D[7]
    SLICE_X47Y115        FDRE                                         r  ip_integrator_i/rv_sc_ip_0/inst/u_pc/pc_reg[7]/D
  -------------------------------------------------------------------    -------------------

                         (clock clk_fpga_0 rise edge)
                                                     20.000    20.000 r  
    PS7_X0Y0             PS7                          0.000    20.000 r  ip_integrator_i/processing_system7_0/inst/PS7_i/FCLKCLK[0]
                         net (fo=1, routed)           1.088    21.088    ip_integrator_i/processing_system7_0/inst/FCLK_CLK_unbuffered[0]
    BUFGCTRL_X0Y16       BUFG (Prop_bufg_I_O)         0.091    21.179 r  ip_integrator_i/processing_system7_0/inst/buffer_fclk_clk_0.FCLK_CLK_0_BUFG/O
                         net (fo=6362, routed)        1.646    22.825    ip_integrator_i/rv_sc_ip_0/inst/u_pc/clk
    SLICE_X47Y115        FDRE                                         r  ip_integrator_i/rv_sc_ip_0/inst/u_pc/pc_reg[7]/C
                         clock pessimism              0.147    22.972    
                         clock uncertainty           -0.302    22.670    
    SLICE_X47Y115        FDRE (Setup_fdre_C_D)        0.031    22.701    ip_integrator_i/rv_sc_ip_0/inst/u_pc/pc_reg[7]
  -------------------------------------------------------------------
                         required time                         22.701    
                         arrival time                         -25.472    
  -------------------------------------------------------------------
                         slack                                 -2.771    

Slack (VIOLATED) :        -2.766ns  (required time - arrival time)
  Source:                 ip_integrator_i/memgen_iram/U0/inst_blk_mem_gen/gnbram.gnative_mem_map_bmg.native_mem_map_blk_mem_gen/valid.cstr/ramloop[0].ram.r/prim_noinit.ram/DEVICE_7SERIES.WITH_BMM_INFO.TRUE_DP.SIMPLE_PRIM36.TDP_SP36_NO_ECC_ATTR.ram/CLKBWRCLK
                            (falling edge-triggered cell RAMB36E1 clocked by clk_fpga_0  {rise@0.000ns fall@10.000ns period=20.000ns})
  Destination:            ip_integrator_i/rv_sc_ip_0/inst/u_pc/pc_reg[9]/D
                            (rising edge-triggered cell FDRE clocked by clk_fpga_0  {rise@0.000ns fall@10.000ns period=20.000ns})
  Path Group:             clk_fpga_0
  Path Type:              Setup (Max at Slow Process Corner)
  Requirement:            10.000ns  (clk_fpga_0 rise@20.000ns - clk_fpga_0 fall@10.000ns)
  Data Path Delay:        12.225ns  (logic 3.818ns (31.231%)  route 8.407ns (68.769%))
  Logic Levels:           11  (LUT3=1 LUT5=2 LUT6=8)
  Clock Path Skew:        -0.268ns (DCD - SCD + CPR)
    Destination Clock Delay (DCD):    2.825ns = ( 22.825 - 20.000 ) 
    Source Clock Delay      (SCD):    3.239ns = ( 13.239 - 10.000 ) 
    Clock Pessimism Removal (CPR):    0.147ns
  Clock Uncertainty:      0.302ns  ((TSJ^2 + TIJ^2)^1/2 + DJ) / 2 + PE
    Total System Jitter     (TSJ):    0.071ns
    Total Input Jitter      (TIJ):    0.600ns
    Discrete Jitter          (DJ):    0.000ns
    Phase Error              (PE):    0.000ns

    Location             Delay type                Incr(ns)  Path(ns)    Netlist Resource(s)
  -------------------------------------------------------------------    -------------------
                         (clock clk_fpga_0 fall edge)
                                                     10.000    10.000 f  
    PS7_X0Y0             PS7                          0.000    10.000 f  ip_integrator_i/processing_system7_0/inst/PS7_i/FCLKCLK[0]
                         net (fo=1, routed)           1.193    11.193    ip_integrator_i/processing_system7_0/inst/FCLK_CLK_unbuffered[0]
    BUFGCTRL_X0Y16       BUFG (Prop_bufg_I_O)         0.101    11.294 f  ip_integrator_i/processing_system7_0/inst/buffer_fclk_clk_0.FCLK_CLK_0_BUFG/O
                         net (fo=6362, routed)        1.945    13.239    ip_integrator_i/memgen_iram/U0/inst_blk_mem_gen/gnbram.gnative_mem_map_bmg.native_mem_map_blk_mem_gen/valid.cstr/ramloop[0].ram.r/prim_noinit.ram/clkb
    RAMB36_X3Y21         RAMB36E1                                     r  ip_integrator_i/memgen_iram/U0/inst_blk_mem_gen/gnbram.gnative_mem_map_bmg.native_mem_map_blk_mem_gen/valid.cstr/ramloop[0].ram.r/prim_noinit.ram/DEVICE_7SERIES.WITH_BMM_INFO.TRUE_DP.SIMPLE_PRIM36.TDP_SP36_NO_ECC_ATTR.ram/CLKBWRCLK  (IS_INVERTED)
  -------------------------------------------------------------------    -------------------
    RAMB36_X3Y21         RAMB36E1 (Prop_ramb36e1_CLKBWRCLK_DOBDO[1])
                                                      2.454    15.693 r  ip_integrator_i/memgen_iram/U0/inst_blk_mem_gen/gnbram.gnative_mem_map_bmg.native_mem_map_blk_mem_gen/valid.cstr/ramloop[0].ram.r/prim_noinit.ram/DEVICE_7SERIES.WITH_BMM_INFO.TRUE_DP.SIMPLE_PRIM36.TDP_SP36_NO_ECC_ATTR.ram/DOBDO[1]
                         net (fo=15, routed)          1.035    16.729    ip_integrator_i/rv_sc_ip_0/inst/u_regfile/i_doutb[1]
    SLICE_X55Y105        LUT3 (Prop_lut3_I2_O)        0.124    16.853 f  ip_integrator_i/rv_sc_ip_0/inst/u_regfile/d_addrb[12]_INST_0_i_53/O
                         net (fo=5, routed)           0.166    17.019    ip_integrator_i/rv_sc_ip_0/inst/u_alu/d_addrb[3]_INST_0_i_10
    SLICE_X55Y105        LUT5 (Prop_lut5_I0_O)        0.124    17.143 r  ip_integrator_i/rv_sc_ip_0/inst/u_alu/d_addrb[12]_INST_0_i_19/O
                         net (fo=175, routed)         0.802    17.944    ip_integrator_i/rv_sc_ip_0/inst/u_regfile/DEVICE_7SERIES.WITH_BMM_INFO.TRUE_DP.SIMPLE_PRIM36.TDP_SP36_NO_ECC_ATTR.ram_35
    SLICE_X57Y104        LUT6 (Prop_lut6_I5_O)        0.124    18.068 f  ip_integrator_i/rv_sc_ip_0/inst/u_regfile/d_dinb[4]_INST_0_comp_1/O
                         net (fo=1, routed)           0.786    18.855    ip_integrator_i/rv_sc_ip_0/inst/u_regfile/DEVICE_7SERIES.WITH_BMM_INFO.TRUE_DP.SIMPLE_PRIM36.TDP_SP36_NO_ECC_ATTR.ram_12_repN_1
    SLICE_X57Y108        LUT6 (Prop_lut6_I5_O)        0.124    18.979 f  ip_integrator_i/rv_sc_ip_0/inst/u_regfile/d_addrb[4]_INST_0_i_9_comp/O
                         net (fo=46, routed)          1.085    20.064    ip_integrator_i/rv_sc_ip_0/inst/u_regfile/DEVICE_7SERIES.WITH_BMM_INFO.TRUE_DP.SIMPLE_PRIM36.TDP_SP36_NO_ECC_ATTR.ram_0[1]
    SLICE_X49Y108        LUT5 (Prop_lut5_I2_O)        0.124    20.188 f  ip_integrator_i/rv_sc_ip_0/inst/u_regfile/d_addrb[12]_INST_0_i_45/O
                         net (fo=4, routed)           0.686    20.875    ip_integrator_i/rv_sc_ip_0/inst/u_regfile/d_addrb[12]_INST_0_i_45_n_0
    SLICE_X49Y107        LUT6 (Prop_lut6_I3_O)        0.124    20.999 f  ip_integrator_i/rv_sc_ip_0/inst/u_regfile/d_addrb[10]_INST_0_i_9/O
                         net (fo=2, routed)           0.602    21.600    ip_integrator_i/rv_sc_ip_0/inst/u_regfile/d_addrb[10]_INST_0_i_9_n_0
    SLICE_X45Y109        LUT6 (Prop_lut6_I4_O)        0.124    21.724 r  ip_integrator_i/rv_sc_ip_0/inst/u_regfile/d_addrb[9]_INST_0_i_2_comp_1/O
                         net (fo=1, routed)           0.860    22.585    ip_integrator_i/rv_sc_ip_0/inst/u_regfile/d_addrb[9]_INST_0_i_2_n_0
    SLICE_X44Y110        LUT6 (Prop_lut6_I3_O)        0.124    22.709 r  ip_integrator_i/rv_sc_ip_0/inst/u_regfile/d_addrb[9]_INST_0_comp/O
                         net (fo=4, routed)           0.858    23.567    ip_integrator_i/rv_sc_ip_0/inst/u_regfile/d_addrb[7]
    SLICE_X48Y115        LUT6 (Prop_lut6_I3_O)        0.124    23.691 r  ip_integrator_i/rv_sc_ip_0/inst/u_regfile/pc[12]_i_10_comp/O
                         net (fo=1, routed)           0.807    24.498    ip_integrator_i/rv_sc_ip_0/inst/u_regfile/pc[12]_i_10_n_0
    SLICE_X46Y115        LUT6 (Prop_lut6_I3_O)        0.124    24.622 r  ip_integrator_i/rv_sc_ip_0/inst/u_regfile/pc[12]_i_4/O
                         net (fo=32, routed)          0.719    25.341    ip_integrator_i/rv_sc_ip_0/inst/u_regfile/pc[12]_i_4_n_0
    SLICE_X44Y115        LUT6 (Prop_lut6_I2_O)        0.124    25.465 r  ip_integrator_i/rv_sc_ip_0/inst/u_regfile/pc[9]_i_1/O
                         net (fo=1, routed)           0.000    25.465    ip_integrator_i/rv_sc_ip_0/inst/u_pc/D[9]
    SLICE_X44Y115        FDRE                                         r  ip_integrator_i/rv_sc_ip_0/inst/u_pc/pc_reg[9]/D
  -------------------------------------------------------------------    -------------------

                         (clock clk_fpga_0 rise edge)
                                                     20.000    20.000 r  
    PS7_X0Y0             PS7                          0.000    20.000 r  ip_integrator_i/processing_system7_0/inst/PS7_i/FCLKCLK[0]
                         net (fo=1, routed)           1.088    21.088    ip_integrator_i/processing_system7_0/inst/FCLK_CLK_unbuffered[0]
    BUFGCTRL_X0Y16       BUFG (Prop_bufg_I_O)         0.091    21.179 r  ip_integrator_i/processing_system7_0/inst/buffer_fclk_clk_0.FCLK_CLK_0_BUFG/O
                         net (fo=6362, routed)        1.646    22.825    ip_integrator_i/rv_sc_ip_0/inst/u_pc/clk
    SLICE_X44Y115        FDRE                                         r  ip_integrator_i/rv_sc_ip_0/inst/u_pc/pc_reg[9]/C
                         clock pessimism              0.147    22.972    
                         clock uncertainty           -0.302    22.670    
    SLICE_X44Y115        FDRE (Setup_fdre_C_D)        0.029    22.699    ip_integrator_i/rv_sc_ip_0/inst/u_pc/pc_reg[9]
  -------------------------------------------------------------------
                         required time                         22.699    
                         arrival time                         -25.465    
  -------------------------------------------------------------------
                         slack                                 -2.766    

Slack (VIOLATED) :        -2.761ns  (required time - arrival time)
  Source:                 ip_integrator_i/memgen_iram/U0/inst_blk_mem_gen/gnbram.gnative_mem_map_bmg.native_mem_map_blk_mem_gen/valid.cstr/ramloop[0].ram.r/prim_noinit.ram/DEVICE_7SERIES.WITH_BMM_INFO.TRUE_DP.SIMPLE_PRIM36.TDP_SP36_NO_ECC_ATTR.ram/CLKBWRCLK
                            (falling edge-triggered cell RAMB36E1 clocked by clk_fpga_0  {rise@0.000ns fall@10.000ns period=20.000ns})
  Destination:            ip_integrator_i/rv_sc_ip_0/inst/u_pc/pc_reg[25]/D
                            (rising edge-triggered cell FDRE clocked by clk_fpga_0  {rise@0.000ns fall@10.000ns period=20.000ns})
  Path Group:             clk_fpga_0
  Path Type:              Setup (Max at Slow Process Corner)
  Requirement:            10.000ns  (clk_fpga_0 rise@20.000ns - clk_fpga_0 fall@10.000ns)
  Data Path Delay:        12.223ns  (logic 3.818ns (31.235%)  route 8.405ns (68.765%))
  Logic Levels:           11  (LUT3=1 LUT5=2 LUT6=8)
  Clock Path Skew:        -0.267ns (DCD - SCD + CPR)
    Destination Clock Delay (DCD):    2.826ns = ( 22.826 - 20.000 ) 
    Source Clock Delay      (SCD):    3.239ns = ( 13.239 - 10.000 ) 
    Clock Pessimism Removal (CPR):    0.147ns
  Clock Uncertainty:      0.302ns  ((TSJ^2 + TIJ^2)^1/2 + DJ) / 2 + PE
    Total System Jitter     (TSJ):    0.071ns
    Total Input Jitter      (TIJ):    0.600ns
    Discrete Jitter          (DJ):    0.000ns
    Phase Error              (PE):    0.000ns

    Location             Delay type                Incr(ns)  Path(ns)    Netlist Resource(s)
  -------------------------------------------------------------------    -------------------
                         (clock clk_fpga_0 fall edge)
                                                     10.000    10.000 f  
    PS7_X0Y0             PS7                          0.000    10.000 f  ip_integrator_i/processing_system7_0/inst/PS7_i/FCLKCLK[0]
                         net (fo=1, routed)           1.193    11.193    ip_integrator_i/processing_system7_0/inst/FCLK_CLK_unbuffered[0]
    BUFGCTRL_X0Y16       BUFG (Prop_bufg_I_O)         0.101    11.294 f  ip_integrator_i/processing_system7_0/inst/buffer_fclk_clk_0.FCLK_CLK_0_BUFG/O
                         net (fo=6362, routed)        1.945    13.239    ip_integrator_i/memgen_iram/U0/inst_blk_mem_gen/gnbram.gnative_mem_map_bmg.native_mem_map_blk_mem_gen/valid.cstr/ramloop[0].ram.r/prim_noinit.ram/clkb
    RAMB36_X3Y21         RAMB36E1                                     r  ip_integrator_i/memgen_iram/U0/inst_blk_mem_gen/gnbram.gnative_mem_map_bmg.native_mem_map_blk_mem_gen/valid.cstr/ramloop[0].ram.r/prim_noinit.ram/DEVICE_7SERIES.WITH_BMM_INFO.TRUE_DP.SIMPLE_PRIM36.TDP_SP36_NO_ECC_ATTR.ram/CLKBWRCLK  (IS_INVERTED)
  -------------------------------------------------------------------    -------------------
    RAMB36_X3Y21         RAMB36E1 (Prop_ramb36e1_CLKBWRCLK_DOBDO[1])
                                                      2.454    15.693 r  ip_integrator_i/memgen_iram/U0/inst_blk_mem_gen/gnbram.gnative_mem_map_bmg.native_mem_map_blk_mem_gen/valid.cstr/ramloop[0].ram.r/prim_noinit.ram/DEVICE_7SERIES.WITH_BMM_INFO.TRUE_DP.SIMPLE_PRIM36.TDP_SP36_NO_ECC_ATTR.ram/DOBDO[1]
                         net (fo=15, routed)          1.035    16.729    ip_integrator_i/rv_sc_ip_0/inst/u_regfile/i_doutb[1]
    SLICE_X55Y105        LUT3 (Prop_lut3_I2_O)        0.124    16.853 f  ip_integrator_i/rv_sc_ip_0/inst/u_regfile/d_addrb[12]_INST_0_i_53/O
                         net (fo=5, routed)           0.166    17.019    ip_integrator_i/rv_sc_ip_0/inst/u_alu/d_addrb[3]_INST_0_i_10
    SLICE_X55Y105        LUT5 (Prop_lut5_I0_O)        0.124    17.143 r  ip_integrator_i/rv_sc_ip_0/inst/u_alu/d_addrb[12]_INST_0_i_19/O
                         net (fo=175, routed)         0.802    17.944    ip_integrator_i/rv_sc_ip_0/inst/u_regfile/DEVICE_7SERIES.WITH_BMM_INFO.TRUE_DP.SIMPLE_PRIM36.TDP_SP36_NO_ECC_ATTR.ram_35
    SLICE_X57Y104        LUT6 (Prop_lut6_I5_O)        0.124    18.068 f  ip_integrator_i/rv_sc_ip_0/inst/u_regfile/d_dinb[4]_INST_0_comp_1/O
                         net (fo=1, routed)           0.786    18.855    ip_integrator_i/rv_sc_ip_0/inst/u_regfile/DEVICE_7SERIES.WITH_BMM_INFO.TRUE_DP.SIMPLE_PRIM36.TDP_SP36_NO_ECC_ATTR.ram_12_repN_1
    SLICE_X57Y108        LUT6 (Prop_lut6_I5_O)        0.124    18.979 f  ip_integrator_i/rv_sc_ip_0/inst/u_regfile/d_addrb[4]_INST_0_i_9_comp/O
                         net (fo=46, routed)          1.085    20.064    ip_integrator_i/rv_sc_ip_0/inst/u_regfile/DEVICE_7SERIES.WITH_BMM_INFO.TRUE_DP.SIMPLE_PRIM36.TDP_SP36_NO_ECC_ATTR.ram_0[1]
    SLICE_X49Y108        LUT5 (Prop_lut5_I2_O)        0.124    20.188 f  ip_integrator_i/rv_sc_ip_0/inst/u_regfile/d_addrb[12]_INST_0_i_45/O
                         net (fo=4, routed)           0.686    20.875    ip_integrator_i/rv_sc_ip_0/inst/u_regfile/d_addrb[12]_INST_0_i_45_n_0
    SLICE_X49Y107        LUT6 (Prop_lut6_I3_O)        0.124    20.999 f  ip_integrator_i/rv_sc_ip_0/inst/u_regfile/d_addrb[10]_INST_0_i_9/O
                         net (fo=2, routed)           0.602    21.600    ip_integrator_i/rv_sc_ip_0/inst/u_regfile/d_addrb[10]_INST_0_i_9_n_0
    SLICE_X45Y109        LUT6 (Prop_lut6_I4_O)        0.124    21.724 r  ip_integrator_i/rv_sc_ip_0/inst/u_regfile/d_addrb[9]_INST_0_i_2_comp_1/O
                         net (fo=1, routed)           0.860    22.585    ip_integrator_i/rv_sc_ip_0/inst/u_regfile/d_addrb[9]_INST_0_i_2_n_0
    SLICE_X44Y110        LUT6 (Prop_lut6_I3_O)        0.124    22.709 r  ip_integrator_i/rv_sc_ip_0/inst/u_regfile/d_addrb[9]_INST_0_comp/O
                         net (fo=4, routed)           0.858    23.567    ip_integrator_i/rv_sc_ip_0/inst/u_regfile/d_addrb[7]
    SLICE_X48Y115        LUT6 (Prop_lut6_I3_O)        0.124    23.691 r  ip_integrator_i/rv_sc_ip_0/inst/u_regfile/pc[12]_i_10_comp/O
                         net (fo=1, routed)           0.807    24.498    ip_integrator_i/rv_sc_ip_0/inst/u_regfile/pc[12]_i_10_n_0
    SLICE_X46Y115        LUT6 (Prop_lut6_I3_O)        0.124    24.622 r  ip_integrator_i/rv_sc_ip_0/inst/u_regfile/pc[12]_i_4/O
                         net (fo=32, routed)          0.717    25.339    ip_integrator_i/rv_sc_ip_0/inst/u_regfile/pc[12]_i_4_n_0
    SLICE_X44Y114        LUT6 (Prop_lut6_I2_O)        0.124    25.463 r  ip_integrator_i/rv_sc_ip_0/inst/u_regfile/pc[25]_i_1/O
                         net (fo=1, routed)           0.000    25.463    ip_integrator_i/rv_sc_ip_0/inst/u_pc/D[25]
    SLICE_X44Y114        FDRE                                         r  ip_integrator_i/rv_sc_ip_0/inst/u_pc/pc_reg[25]/D
  -------------------------------------------------------------------    -------------------

                         (clock clk_fpga_0 rise edge)
                                                     20.000    20.000 r  
    PS7_X0Y0             PS7                          0.000    20.000 r  ip_integrator_i/processing_system7_0/inst/PS7_i/FCLKCLK[0]
                         net (fo=1, routed)           1.088    21.088    ip_integrator_i/processing_system7_0/inst/FCLK_CLK_unbuffered[0]
    BUFGCTRL_X0Y16       BUFG (Prop_bufg_I_O)         0.091    21.179 r  ip_integrator_i/processing_system7_0/inst/buffer_fclk_clk_0.FCLK_CLK_0_BUFG/O
                         net (fo=6362, routed)        1.647    22.826    ip_integrator_i/rv_sc_ip_0/inst/u_pc/clk
    SLICE_X44Y114        FDRE                                         r  ip_integrator_i/rv_sc_ip_0/inst/u_pc/pc_reg[25]/C
                         clock pessimism              0.147    22.973    
                         clock uncertainty           -0.302    22.671    
    SLICE_X44Y114        FDRE (Setup_fdre_C_D)        0.031    22.702    ip_integrator_i/rv_sc_ip_0/inst/u_pc/pc_reg[25]
  -------------------------------------------------------------------
                         required time                         22.702    
                         arrival time                         -25.463    
  -------------------------------------------------------------------
                         slack                                 -2.761    

Slack (VIOLATED) :        -2.756ns  (required time - arrival time)
  Source:                 ip_integrator_i/memgen_iram/U0/inst_blk_mem_gen/gnbram.gnative_mem_map_bmg.native_mem_map_blk_mem_gen/valid.cstr/ramloop[0].ram.r/prim_noinit.ram/DEVICE_7SERIES.WITH_BMM_INFO.TRUE_DP.SIMPLE_PRIM36.TDP_SP36_NO_ECC_ATTR.ram/CLKBWRCLK
                            (falling edge-triggered cell RAMB36E1 clocked by clk_fpga_0  {rise@0.000ns fall@10.000ns period=20.000ns})
  Destination:            ip_integrator_i/rv_sc_ip_0/inst/u_pc/pc_reg[0]/D
                            (rising edge-triggered cell FDRE clocked by clk_fpga_0  {rise@0.000ns fall@10.000ns period=20.000ns})
  Path Group:             clk_fpga_0
  Path Type:              Setup (Max at Slow Process Corner)
  Requirement:            10.000ns  (clk_fpga_0 rise@20.000ns - clk_fpga_0 fall@10.000ns)
  Data Path Delay:        12.219ns  (logic 3.818ns (31.247%)  route 8.401ns (68.753%))
  Logic Levels:           11  (LUT3=1 LUT5=2 LUT6=8)
  Clock Path Skew:        -0.267ns (DCD - SCD + CPR)
    Destination Clock Delay (DCD):    2.826ns = ( 22.826 - 20.000 ) 
    Source Clock Delay      (SCD):    3.239ns = ( 13.239 - 10.000 ) 
    Clock Pessimism Removal (CPR):    0.147ns
  Clock Uncertainty:      0.302ns  ((TSJ^2 + TIJ^2)^1/2 + DJ) / 2 + PE
    Total System Jitter     (TSJ):    0.071ns
    Total Input Jitter      (TIJ):    0.600ns
    Discrete Jitter          (DJ):    0.000ns
    Phase Error              (PE):    0.000ns

    Location             Delay type                Incr(ns)  Path(ns)    Netlist Resource(s)
  -------------------------------------------------------------------    -------------------
                         (clock clk_fpga_0 fall edge)
                                                     10.000    10.000 f  
    PS7_X0Y0             PS7                          0.000    10.000 f  ip_integrator_i/processing_system7_0/inst/PS7_i/FCLKCLK[0]
                         net (fo=1, routed)           1.193    11.193    ip_integrator_i/processing_system7_0/inst/FCLK_CLK_unbuffered[0]
    BUFGCTRL_X0Y16       BUFG (Prop_bufg_I_O)         0.101    11.294 f  ip_integrator_i/processing_system7_0/inst/buffer_fclk_clk_0.FCLK_CLK_0_BUFG/O
                         net (fo=6362, routed)        1.945    13.239    ip_integrator_i/memgen_iram/U0/inst_blk_mem_gen/gnbram.gnative_mem_map_bmg.native_mem_map_blk_mem_gen/valid.cstr/ramloop[0].ram.r/prim_noinit.ram/clkb
    RAMB36_X3Y21         RAMB36E1                                     r  ip_integrator_i/memgen_iram/U0/inst_blk_mem_gen/gnbram.gnative_mem_map_bmg.native_mem_map_blk_mem_gen/valid.cstr/ramloop[0].ram.r/prim_noinit.ram/DEVICE_7SERIES.WITH_BMM_INFO.TRUE_DP.SIMPLE_PRIM36.TDP_SP36_NO_ECC_ATTR.ram/CLKBWRCLK  (IS_INVERTED)
  -------------------------------------------------------------------    -------------------
    RAMB36_X3Y21         RAMB36E1 (Prop_ramb36e1_CLKBWRCLK_DOBDO[1])
                                                      2.454    15.693 r  ip_integrator_i/memgen_iram/U0/inst_blk_mem_gen/gnbram.gnative_mem_map_bmg.native_mem_map_blk_mem_gen/valid.cstr/ramloop[0].ram.r/prim_noinit.ram/DEVICE_7SERIES.WITH_BMM_INFO.TRUE_DP.SIMPLE_PRIM36.TDP_SP36_NO_ECC_ATTR.ram/DOBDO[1]
                         net (fo=15, routed)          1.035    16.729    ip_integrator_i/rv_sc_ip_0/inst/u_regfile/i_doutb[1]
    SLICE_X55Y105        LUT3 (Prop_lut3_I2_O)        0.124    16.853 f  ip_integrator_i/rv_sc_ip_0/inst/u_regfile/d_addrb[12]_INST_0_i_53/O
                         net (fo=5, routed)           0.166    17.019    ip_integrator_i/rv_sc_ip_0/inst/u_alu/d_addrb[3]_INST_0_i_10
    SLICE_X55Y105        LUT5 (Prop_lut5_I0_O)        0.124    17.143 r  ip_integrator_i/rv_sc_ip_0/inst/u_alu/d_addrb[12]_INST_0_i_19/O
                         net (fo=175, routed)         0.802    17.944    ip_integrator_i/rv_sc_ip_0/inst/u_regfile/DEVICE_7SERIES.WITH_BMM_INFO.TRUE_DP.SIMPLE_PRIM36.TDP_SP36_NO_ECC_ATTR.ram_35
    SLICE_X57Y104        LUT6 (Prop_lut6_I5_O)        0.124    18.068 f  ip_integrator_i/rv_sc_ip_0/inst/u_regfile/d_dinb[4]_INST_0_comp_1/O
                         net (fo=1, routed)           0.786    18.855    ip_integrator_i/rv_sc_ip_0/inst/u_regfile/DEVICE_7SERIES.WITH_BMM_INFO.TRUE_DP.SIMPLE_PRIM36.TDP_SP36_NO_ECC_ATTR.ram_12_repN_1
    SLICE_X57Y108        LUT6 (Prop_lut6_I5_O)        0.124    18.979 f  ip_integrator_i/rv_sc_ip_0/inst/u_regfile/d_addrb[4]_INST_0_i_9_comp/O
                         net (fo=46, routed)          1.085    20.064    ip_integrator_i/rv_sc_ip_0/inst/u_regfile/DEVICE_7SERIES.WITH_BMM_INFO.TRUE_DP.SIMPLE_PRIM36.TDP_SP36_NO_ECC_ATTR.ram_0[1]
    SLICE_X49Y108        LUT5 (Prop_lut5_I2_O)        0.124    20.188 f  ip_integrator_i/rv_sc_ip_0/inst/u_regfile/d_addrb[12]_INST_0_i_45/O
                         net (fo=4, routed)           0.686    20.875    ip_integrator_i/rv_sc_ip_0/inst/u_regfile/d_addrb[12]_INST_0_i_45_n_0
    SLICE_X49Y107        LUT6 (Prop_lut6_I3_O)        0.124    20.999 f  ip_integrator_i/rv_sc_ip_0/inst/u_regfile/d_addrb[10]_INST_0_i_9/O
                         net (fo=2, routed)           0.602    21.600    ip_integrator_i/rv_sc_ip_0/inst/u_regfile/d_addrb[10]_INST_0_i_9_n_0
    SLICE_X45Y109        LUT6 (Prop_lut6_I4_O)        0.124    21.724 r  ip_integrator_i/rv_sc_ip_0/inst/u_regfile/d_addrb[9]_INST_0_i_2_comp_1/O
                         net (fo=1, routed)           0.860    22.585    ip_integrator_i/rv_sc_ip_0/inst/u_regfile/d_addrb[9]_INST_0_i_2_n_0
    SLICE_X44Y110        LUT6 (Prop_lut6_I3_O)        0.124    22.709 r  ip_integrator_i/rv_sc_ip_0/inst/u_regfile/d_addrb[9]_INST_0_comp/O
                         net (fo=4, routed)           0.858    23.567    ip_integrator_i/rv_sc_ip_0/inst/u_regfile/d_addrb[7]
    SLICE_X48Y115        LUT6 (Prop_lut6_I3_O)        0.124    23.691 r  ip_integrator_i/rv_sc_ip_0/inst/u_regfile/pc[12]_i_10_comp/O
                         net (fo=1, routed)           0.807    24.498    ip_integrator_i/rv_sc_ip_0/inst/u_regfile/pc[12]_i_10_n_0
    SLICE_X46Y115        LUT6 (Prop_lut6_I3_O)        0.124    24.622 r  ip_integrator_i/rv_sc_ip_0/inst/u_regfile/pc[12]_i_4/O
                         net (fo=32, routed)          0.713    25.334    ip_integrator_i/rv_sc_ip_0/inst/u_regfile/pc[12]_i_4_n_0
    SLICE_X44Y114        LUT6 (Prop_lut6_I2_O)        0.124    25.458 r  ip_integrator_i/rv_sc_ip_0/inst/u_regfile/pc[0]_i_1/O
                         net (fo=1, routed)           0.000    25.458    ip_integrator_i/rv_sc_ip_0/inst/u_pc/D[0]
    SLICE_X44Y114        FDRE                                         r  ip_integrator_i/rv_sc_ip_0/inst/u_pc/pc_reg[0]/D
  -------------------------------------------------------------------    -------------------

                         (clock clk_fpga_0 rise edge)
                                                     20.000    20.000 r  
    PS7_X0Y0             PS7                          0.000    20.000 r  ip_integrator_i/processing_system7_0/inst/PS7_i/FCLKCLK[0]
                         net (fo=1, routed)           1.088    21.088    ip_integrator_i/processing_system7_0/inst/FCLK_CLK_unbuffered[0]
    BUFGCTRL_X0Y16       BUFG (Prop_bufg_I_O)         0.091    21.179 r  ip_integrator_i/processing_system7_0/inst/buffer_fclk_clk_0.FCLK_CLK_0_BUFG/O
                         net (fo=6362, routed)        1.647    22.826    ip_integrator_i/rv_sc_ip_0/inst/u_pc/clk
    SLICE_X44Y114        FDRE                                         r  ip_integrator_i/rv_sc_ip_0/inst/u_pc/pc_reg[0]/C
                         clock pessimism              0.147    22.973    
                         clock uncertainty           -0.302    22.671    
    SLICE_X44Y114        FDRE (Setup_fdre_C_D)        0.032    22.703    ip_integrator_i/rv_sc_ip_0/inst/u_pc/pc_reg[0]
  -------------------------------------------------------------------
                         required time                         22.703    
                         arrival time                         -25.458    
  -------------------------------------------------------------------
                         slack                                 -2.756    

Slack (VIOLATED) :        -2.756ns  (required time - arrival time)
  Source:                 ip_integrator_i/memgen_iram/U0/inst_blk_mem_gen/gnbram.gnative_mem_map_bmg.native_mem_map_blk_mem_gen/valid.cstr/ramloop[0].ram.r/prim_noinit.ram/DEVICE_7SERIES.WITH_BMM_INFO.TRUE_DP.SIMPLE_PRIM36.TDP_SP36_NO_ECC_ATTR.ram/CLKBWRCLK
                            (falling edge-triggered cell RAMB36E1 clocked by clk_fpga_0  {rise@0.000ns fall@10.000ns period=20.000ns})
  Destination:            ip_integrator_i/rv_sc_ip_0/inst/u_pc/pc_reg[20]/D
                            (rising edge-triggered cell FDRE clocked by clk_fpga_0  {rise@0.000ns fall@10.000ns period=20.000ns})
  Path Group:             clk_fpga_0
  Path Type:              Setup (Max at Slow Process Corner)
  Requirement:            10.000ns  (clk_fpga_0 rise@20.000ns - clk_fpga_0 fall@10.000ns)
  Data Path Delay:        12.219ns  (logic 3.818ns (31.247%)  route 8.401ns (68.753%))
  Logic Levels:           11  (LUT3=1 LUT5=2 LUT6=8)
  Clock Path Skew:        -0.267ns (DCD - SCD + CPR)
    Destination Clock Delay (DCD):    2.826ns = ( 22.826 - 20.000 ) 
    Source Clock Delay      (SCD):    3.239ns = ( 13.239 - 10.000 ) 
    Clock Pessimism Removal (CPR):    0.147ns
  Clock Uncertainty:      0.302ns  ((TSJ^2 + TIJ^2)^1/2 + DJ) / 2 + PE
    Total System Jitter     (TSJ):    0.071ns
    Total Input Jitter      (TIJ):    0.600ns
    Discrete Jitter          (DJ):    0.000ns
    Phase Error              (PE):    0.000ns

    Location             Delay type                Incr(ns)  Path(ns)    Netlist Resource(s)
  -------------------------------------------------------------------    -------------------
                         (clock clk_fpga_0 fall edge)
                                                     10.000    10.000 f  
    PS7_X0Y0             PS7                          0.000    10.000 f  ip_integrator_i/processing_system7_0/inst/PS7_i/FCLKCLK[0]
                         net (fo=1, routed)           1.193    11.193    ip_integrator_i/processing_system7_0/inst/FCLK_CLK_unbuffered[0]
    BUFGCTRL_X0Y16       BUFG (Prop_bufg_I_O)         0.101    11.294 f  ip_integrator_i/processing_system7_0/inst/buffer_fclk_clk_0.FCLK_CLK_0_BUFG/O
                         net (fo=6362, routed)        1.945    13.239    ip_integrator_i/memgen_iram/U0/inst_blk_mem_gen/gnbram.gnative_mem_map_bmg.native_mem_map_blk_mem_gen/valid.cstr/ramloop[0].ram.r/prim_noinit.ram/clkb
    RAMB36_X3Y21         RAMB36E1                                     r  ip_integrator_i/memgen_iram/U0/inst_blk_mem_gen/gnbram.gnative_mem_map_bmg.native_mem_map_blk_mem_gen/valid.cstr/ramloop[0].ram.r/prim_noinit.ram/DEVICE_7SERIES.WITH_BMM_INFO.TRUE_DP.SIMPLE_PRIM36.TDP_SP36_NO_ECC_ATTR.ram/CLKBWRCLK  (IS_INVERTED)
  -------------------------------------------------------------------    -------------------
    RAMB36_X3Y21         RAMB36E1 (Prop_ramb36e1_CLKBWRCLK_DOBDO[1])
                                                      2.454    15.693 r  ip_integrator_i/memgen_iram/U0/inst_blk_mem_gen/gnbram.gnative_mem_map_bmg.native_mem_map_blk_mem_gen/valid.cstr/ramloop[0].ram.r/prim_noinit.ram/DEVICE_7SERIES.WITH_BMM_INFO.TRUE_DP.SIMPLE_PRIM36.TDP_SP36_NO_ECC_ATTR.ram/DOBDO[1]
                         net (fo=15, routed)          1.035    16.729    ip_integrator_i/rv_sc_ip_0/inst/u_regfile/i_doutb[1]
    SLICE_X55Y105        LUT3 (Prop_lut3_I2_O)        0.124    16.853 f  ip_integrator_i/rv_sc_ip_0/inst/u_regfile/d_addrb[12]_INST_0_i_53/O
                         net (fo=5, routed)           0.166    17.019    ip_integrator_i/rv_sc_ip_0/inst/u_alu/d_addrb[3]_INST_0_i_10
    SLICE_X55Y105        LUT5 (Prop_lut5_I0_O)        0.124    17.143 r  ip_integrator_i/rv_sc_ip_0/inst/u_alu/d_addrb[12]_INST_0_i_19/O
                         net (fo=175, routed)         0.802    17.944    ip_integrator_i/rv_sc_ip_0/inst/u_regfile/DEVICE_7SERIES.WITH_BMM_INFO.TRUE_DP.SIMPLE_PRIM36.TDP_SP36_NO_ECC_ATTR.ram_35
    SLICE_X57Y104        LUT6 (Prop_lut6_I5_O)        0.124    18.068 f  ip_integrator_i/rv_sc_ip_0/inst/u_regfile/d_dinb[4]_INST_0_comp_1/O
                         net (fo=1, routed)           0.786    18.855    ip_integrator_i/rv_sc_ip_0/inst/u_regfile/DEVICE_7SERIES.WITH_BMM_INFO.TRUE_DP.SIMPLE_PRIM36.TDP_SP36_NO_ECC_ATTR.ram_12_repN_1
    SLICE_X57Y108        LUT6 (Prop_lut6_I5_O)        0.124    18.979 f  ip_integrator_i/rv_sc_ip_0/inst/u_regfile/d_addrb[4]_INST_0_i_9_comp/O
                         net (fo=46, routed)          1.085    20.064    ip_integrator_i/rv_sc_ip_0/inst/u_regfile/DEVICE_7SERIES.WITH_BMM_INFO.TRUE_DP.SIMPLE_PRIM36.TDP_SP36_NO_ECC_ATTR.ram_0[1]
    SLICE_X49Y108        LUT5 (Prop_lut5_I2_O)        0.124    20.188 f  ip_integrator_i/rv_sc_ip_0/inst/u_regfile/d_addrb[12]_INST_0_i_45/O
                         net (fo=4, routed)           0.686    20.875    ip_integrator_i/rv_sc_ip_0/inst/u_regfile/d_addrb[12]_INST_0_i_45_n_0
    SLICE_X49Y107        LUT6 (Prop_lut6_I3_O)        0.124    20.999 f  ip_integrator_i/rv_sc_ip_0/inst/u_regfile/d_addrb[10]_INST_0_i_9/O
                         net (fo=2, routed)           0.602    21.600    ip_integrator_i/rv_sc_ip_0/inst/u_regfile/d_addrb[10]_INST_0_i_9_n_0
    SLICE_X45Y109        LUT6 (Prop_lut6_I4_O)        0.124    21.724 r  ip_integrator_i/rv_sc_ip_0/inst/u_regfile/d_addrb[9]_INST_0_i_2_comp_1/O
                         net (fo=1, routed)           0.860    22.585    ip_integrator_i/rv_sc_ip_0/inst/u_regfile/d_addrb[9]_INST_0_i_2_n_0
    SLICE_X44Y110        LUT6 (Prop_lut6_I3_O)        0.124    22.709 r  ip_integrator_i/rv_sc_ip_0/inst/u_regfile/d_addrb[9]_INST_0_comp/O
                         net (fo=4, routed)           0.858    23.567    ip_integrator_i/rv_sc_ip_0/inst/u_regfile/d_addrb[7]
    SLICE_X48Y115        LUT6 (Prop_lut6_I3_O)        0.124    23.691 r  ip_integrator_i/rv_sc_ip_0/inst/u_regfile/pc[12]_i_10_comp/O
                         net (fo=1, routed)           0.807    24.498    ip_integrator_i/rv_sc_ip_0/inst/u_regfile/pc[12]_i_10_n_0
    SLICE_X46Y115        LUT6 (Prop_lut6_I3_O)        0.124    24.622 r  ip_integrator_i/rv_sc_ip_0/inst/u_regfile/pc[12]_i_4/O
                         net (fo=32, routed)          0.713    25.334    ip_integrator_i/rv_sc_ip_0/inst/u_regfile/pc[12]_i_4_n_0
    SLICE_X45Y114        LUT6 (Prop_lut6_I2_O)        0.124    25.458 r  ip_integrator_i/rv_sc_ip_0/inst/u_regfile/pc[20]_i_1/O
                         net (fo=1, routed)           0.000    25.458    ip_integrator_i/rv_sc_ip_0/inst/u_pc/D[20]
    SLICE_X45Y114        FDRE                                         r  ip_integrator_i/rv_sc_ip_0/inst/u_pc/pc_reg[20]/D
  -------------------------------------------------------------------    -------------------

                         (clock clk_fpga_0 rise edge)
                                                     20.000    20.000 r  
    PS7_X0Y0             PS7                          0.000    20.000 r  ip_integrator_i/processing_system7_0/inst/PS7_i/FCLKCLK[0]
                         net (fo=1, routed)           1.088    21.088    ip_integrator_i/processing_system7_0/inst/FCLK_CLK_unbuffered[0]
    BUFGCTRL_X0Y16       BUFG (Prop_bufg_I_O)         0.091    21.179 r  ip_integrator_i/processing_system7_0/inst/buffer_fclk_clk_0.FCLK_CLK_0_BUFG/O
                         net (fo=6362, routed)        1.647    22.826    ip_integrator_i/rv_sc_ip_0/inst/u_pc/clk
    SLICE_X45Y114        FDRE                                         r  ip_integrator_i/rv_sc_ip_0/inst/u_pc/pc_reg[20]/C
                         clock pessimism              0.147    22.973    
                         clock uncertainty           -0.302    22.671    
    SLICE_X45Y114        FDRE (Setup_fdre_C_D)        0.032    22.703    ip_integrator_i/rv_sc_ip_0/inst/u_pc/pc_reg[20]
  -------------------------------------------------------------------
                         required time                         22.703    
                         arrival time                         -25.458    
  -------------------------------------------------------------------
                         slack                                 -2.756    





Min Delay Paths
--------------------------------------------------------------------------------------
Slack (MET) :             0.033ns  (arrival time - required time)
  Source:                 ip_integrator_i/smartconnect_0/inst/m01_exit_pipeline/m01_exit/inst/r_reg/m_vector_i_reg[1079]/C
                            (rising edge-triggered cell FDRE clocked by clk_fpga_0  {rise@0.000ns fall@10.000ns period=20.000ns})
  Destination:            ip_integrator_i/smartconnect_0/inst/m01_nodes/m01_r_node/inst/inst_mi_handler/gen_normal_area.inst_fifo_node_payld/gen_xpm_memory_fifo.inst_fifo/gen_mem_rep[0].inst_xpm_memory/xpm_memory_base_inst/gen_wr_a.gen_word_narrow.mem_reg_0_31_36_41/RAMC_D1/I
                            (rising edge-triggered cell RAMD32 clocked by clk_fpga_0  {rise@0.000ns fall@10.000ns period=20.000ns})
  Path Group:             clk_fpga_0
  Path Type:              Hold (Min at Fast Process Corner)
  Requirement:            0.000ns  (clk_fpga_0 rise@0.000ns - clk_fpga_0 rise@0.000ns)
  Data Path Delay:        0.353ns  (logic 0.128ns (36.216%)  route 0.225ns (63.784%))
  Logic Levels:           0  
  Clock Path Skew:        0.259ns (DCD - SCD - CPR)
    Destination Clock Delay (DCD):    1.272ns
    Source Clock Delay      (SCD):    0.974ns
    Clock Pessimism Removal (CPR):    0.039ns

    Location             Delay type                Incr(ns)  Path(ns)    Netlist Resource(s)
  -------------------------------------------------------------------    -------------------
                         (clock clk_fpga_0 rise edge)
                                                      0.000     0.000 r  
    PS7_X0Y0             PS7                          0.000     0.000 r  ip_integrator_i/processing_system7_0/inst/PS7_i/FCLKCLK[0]
                         net (fo=1, routed)           0.310     0.310    ip_integrator_i/processing_system7_0/inst/FCLK_CLK_unbuffered[0]
    BUFGCTRL_X0Y16       BUFG (Prop_bufg_I_O)         0.026     0.336 r  ip_integrator_i/processing_system7_0/inst/buffer_fclk_clk_0.FCLK_CLK_0_BUFG/O
                         net (fo=6362, routed)        0.638     0.974    ip_integrator_i/smartconnect_0/inst/m01_exit_pipeline/m01_exit/inst/r_reg/aclk
    SLICE_X44Y105        FDRE                                         r  ip_integrator_i/smartconnect_0/inst/m01_exit_pipeline/m01_exit/inst/r_reg/m_vector_i_reg[1079]/C
  -------------------------------------------------------------------    -------------------
    SLICE_X44Y105        FDRE (Prop_fdre_C_Q)         0.128     1.102 r  ip_integrator_i/smartconnect_0/inst/m01_exit_pipeline/m01_exit/inst/r_reg/m_vector_i_reg[1079]/Q
                         net (fo=1, routed)           0.225     1.327    ip_integrator_i/smartconnect_0/inst/m01_nodes/m01_r_node/inst/inst_mi_handler/gen_normal_area.inst_fifo_node_payld/gen_xpm_memory_fifo.inst_fifo/gen_mem_rep[0].inst_xpm_memory/xpm_memory_base_inst/gen_wr_a.gen_word_narrow.mem_reg_0_31_36_41/DIC1
    SLICE_X50Y104        RAMD32                                       r  ip_integrator_i/smartconnect_0/inst/m01_nodes/m01_r_node/inst/inst_mi_handler/gen_normal_area.inst_fifo_node_payld/gen_xpm_memory_fifo.inst_fifo/gen_mem_rep[0].inst_xpm_memory/xpm_memory_base_inst/gen_wr_a.gen_word_narrow.mem_reg_0_31_36_41/RAMC_D1/I
  -------------------------------------------------------------------    -------------------

                         (clock clk_fpga_0 rise edge)
                                                      0.000     0.000 r  
    PS7_X0Y0             PS7                          0.000     0.000 r  ip_integrator_i/processing_system7_0/inst/PS7_i/FCLKCLK[0]
                         net (fo=1, routed)           0.337     0.337    ip_integrator_i/processing_system7_0/inst/FCLK_CLK_unbuffered[0]
    BUFGCTRL_X0Y16       BUFG (Prop_bufg_I_O)         0.029     0.366 r  ip_integrator_i/processing_system7_0/inst/buffer_fclk_clk_0.FCLK_CLK_0_BUFG/O
                         net (fo=6362, routed)        0.906     1.272    ip_integrator_i/smartconnect_0/inst/m01_nodes/m01_r_node/inst/inst_mi_handler/gen_normal_area.inst_fifo_node_payld/gen_xpm_memory_fifo.inst_fifo/gen_mem_rep[0].inst_xpm_memory/xpm_memory_base_inst/gen_wr_a.gen_word_narrow.mem_reg_0_31_36_41/WCLK
    SLICE_X50Y104        RAMD32                                       r  ip_integrator_i/smartconnect_0/inst/m01_nodes/m01_r_node/inst/inst_mi_handler/gen_normal_area.inst_fifo_node_payld/gen_xpm_memory_fifo.inst_fifo/gen_mem_rep[0].inst_xpm_memory/xpm_memory_base_inst/gen_wr_a.gen_word_narrow.mem_reg_0_31_36_41/RAMC_D1/CLK
                         clock pessimism             -0.039     1.233    
    SLICE_X50Y104        RAMD32 (Hold_ramd32_CLK_I)
                                                      0.061     1.294    ip_integrator_i/smartconnect_0/inst/m01_nodes/m01_r_node/inst/inst_mi_handler/gen_normal_area.inst_fifo_node_payld/gen_xpm_memory_fifo.inst_fifo/gen_mem_rep[0].inst_xpm_memory/xpm_memory_base_inst/gen_wr_a.gen_word_narrow.mem_reg_0_31_36_41/RAMC_D1
  -------------------------------------------------------------------
                         required time                         -1.294    
                         arrival time                           1.327    
  -------------------------------------------------------------------
                         slack                                  0.033    

Slack (MET) :             0.034ns  (arrival time - required time)
  Source:                 ip_integrator_i/smartconnect_0/inst/m01_exit_pipeline/m01_exit/inst/r_reg/m_vector_i_reg[1065]/C
                            (rising edge-triggered cell FDRE clocked by clk_fpga_0  {rise@0.000ns fall@10.000ns period=20.000ns})
  Destination:            ip_integrator_i/smartconnect_0/inst/m01_nodes/m01_r_node/inst/inst_mi_handler/gen_normal_area.inst_fifo_node_payld/gen_xpm_memory_fifo.inst_fifo/gen_mem_rep[0].inst_xpm_memory/xpm_memory_base_inst/gen_wr_a.gen_word_narrow.mem_reg_0_31_24_29/RAMB_D1/I
                            (rising edge-triggered cell RAMD32 clocked by clk_fpga_0  {rise@0.000ns fall@10.000ns period=20.000ns})
  Path Group:             clk_fpga_0
  Path Type:              Hold (Min at Fast Process Corner)
  Requirement:            0.000ns  (clk_fpga_0 rise@0.000ns - clk_fpga_0 rise@0.000ns)
  Data Path Delay:        0.365ns  (logic 0.148ns (40.603%)  route 0.217ns (59.397%))
  Logic Levels:           0  
  Clock Path Skew:        0.259ns (DCD - SCD - CPR)
    Destination Clock Delay (DCD):    1.272ns
    Source Clock Delay      (SCD):    0.974ns
    Clock Pessimism Removal (CPR):    0.039ns

    Location             Delay type                Incr(ns)  Path(ns)    Netlist Resource(s)
  -------------------------------------------------------------------    -------------------
                         (clock clk_fpga_0 rise edge)
                                                      0.000     0.000 r  
    PS7_X0Y0             PS7                          0.000     0.000 r  ip_integrator_i/processing_system7_0/inst/PS7_i/FCLKCLK[0]
                         net (fo=1, routed)           0.310     0.310    ip_integrator_i/processing_system7_0/inst/FCLK_CLK_unbuffered[0]
    BUFGCTRL_X0Y16       BUFG (Prop_bufg_I_O)         0.026     0.336 r  ip_integrator_i/processing_system7_0/inst/buffer_fclk_clk_0.FCLK_CLK_0_BUFG/O
                         net (fo=6362, routed)        0.638     0.974    ip_integrator_i/smartconnect_0/inst/m01_exit_pipeline/m01_exit/inst/r_reg/aclk
    SLICE_X46Y105        FDRE                                         r  ip_integrator_i/smartconnect_0/inst/m01_exit_pipeline/m01_exit/inst/r_reg/m_vector_i_reg[1065]/C
  -------------------------------------------------------------------    -------------------
    SLICE_X46Y105        FDRE (Prop_fdre_C_Q)         0.148     1.122 r  ip_integrator_i/smartconnect_0/inst/m01_exit_pipeline/m01_exit/inst/r_reg/m_vector_i_reg[1065]/Q
                         net (fo=1, routed)           0.217     1.339    ip_integrator_i/smartconnect_0/inst/m01_nodes/m01_r_node/inst/inst_mi_handler/gen_normal_area.inst_fifo_node_payld/gen_xpm_memory_fifo.inst_fifo/gen_mem_rep[0].inst_xpm_memory/xpm_memory_base_inst/gen_wr_a.gen_word_narrow.mem_reg_0_31_24_29/DIB1
    SLICE_X50Y103        RAMD32                                       r  ip_integrator_i/smartconnect_0/inst/m01_nodes/m01_r_node/inst/inst_mi_handler/gen_normal_area.inst_fifo_node_payld/gen_xpm_memory_fifo.inst_fifo/gen_mem_rep[0].inst_xpm_memory/xpm_memory_base_inst/gen_wr_a.gen_word_narrow.mem_reg_0_31_24_29/RAMB_D1/I
  -------------------------------------------------------------------    -------------------

                         (clock clk_fpga_0 rise edge)
                                                      0.000     0.000 r  
    PS7_X0Y0             PS7                          0.000     0.000 r  ip_integrator_i/processing_system7_0/inst/PS7_i/FCLKCLK[0]
                         net (fo=1, routed)           0.337     0.337    ip_integrator_i/processing_system7_0/inst/FCLK_CLK_unbuffered[0]
    BUFGCTRL_X0Y16       BUFG (Prop_bufg_I_O)         0.029     0.366 r  ip_integrator_i/processing_system7_0/inst/buffer_fclk_clk_0.FCLK_CLK_0_BUFG/O
                         net (fo=6362, routed)        0.906     1.272    ip_integrator_i/smartconnect_0/inst/m01_nodes/m01_r_node/inst/inst_mi_handler/gen_normal_area.inst_fifo_node_payld/gen_xpm_memory_fifo.inst_fifo/gen_mem_rep[0].inst_xpm_memory/xpm_memory_base_inst/gen_wr_a.gen_word_narrow.mem_reg_0_31_24_29/WCLK
    SLICE_X50Y103        RAMD32                                       r  ip_integrator_i/smartconnect_0/inst/m01_nodes/m01_r_node/inst/inst_mi_handler/gen_normal_area.inst_fifo_node_payld/gen_xpm_memory_fifo.inst_fifo/gen_mem_rep[0].inst_xpm_memory/xpm_memory_base_inst/gen_wr_a.gen_word_narrow.mem_reg_0_31_24_29/RAMB_D1/CLK
                         clock pessimism             -0.039     1.233    
    SLICE_X50Y103        RAMD32 (Hold_ramd32_CLK_I)
                                                      0.071     1.304    ip_integrator_i/smartconnect_0/inst/m01_nodes/m01_r_node/inst/inst_mi_handler/gen_normal_area.inst_fifo_node_payld/gen_xpm_memory_fifo.inst_fifo/gen_mem_rep[0].inst_xpm_memory/xpm_memory_base_inst/gen_wr_a.gen_word_narrow.mem_reg_0_31_24_29/RAMB_D1
  -------------------------------------------------------------------
                         required time                         -1.304    
                         arrival time                           1.339    
  -------------------------------------------------------------------
                         slack                                  0.034    

Slack (MET) :             0.037ns  (arrival time - required time)
  Source:                 ip_integrator_i/smartconnect_0/inst/switchboards/r_switchboard/inst/gen_mi[0].inst_opipe_payld/gen_pipe[1].pipe_reg[1][18]/C
                            (rising edge-triggered cell FDRE clocked by clk_fpga_0  {rise@0.000ns fall@10.000ns period=20.000ns})
  Destination:            ip_integrator_i/smartconnect_0/inst/s00_nodes/s00_r_node/inst/inst_mi_handler/gen_normal_area.inst_fifo_node_payld/gen_xpm_memory_fifo.inst_fifo/gen_mem_rep[0].inst_xpm_memory/xpm_memory_base_inst/gen_wr_a.gen_word_narrow.mem_reg_0_31_18_23/RAMA/I
                            (rising edge-triggered cell RAMD32 clocked by clk_fpga_0  {rise@0.000ns fall@10.000ns period=20.000ns})
  Path Group:             clk_fpga_0
  Path Type:              Hold (Min at Fast Process Corner)
  Requirement:            0.000ns  (clk_fpga_0 rise@0.000ns - clk_fpga_0 rise@0.000ns)
  Data Path Delay:        0.363ns  (logic 0.141ns (38.797%)  route 0.222ns (61.203%))
  Logic Levels:           0  
  Clock Path Skew:        0.180ns (DCD - SCD - CPR)
    Destination Clock Delay (DCD):    1.186ns
    Source Clock Delay      (SCD):    0.971ns
    Clock Pessimism Removal (CPR):    0.035ns

    Location             Delay type                Incr(ns)  Path(ns)    Netlist Resource(s)
  -------------------------------------------------------------------    -------------------
                         (clock clk_fpga_0 rise edge)
                                                      0.000     0.000 r  
    PS7_X0Y0             PS7                          0.000     0.000 r  ip_integrator_i/processing_system7_0/inst/PS7_i/FCLKCLK[0]
                         net (fo=1, routed)           0.310     0.310    ip_integrator_i/processing_system7_0/inst/FCLK_CLK_unbuffered[0]
    BUFGCTRL_X0Y16       BUFG (Prop_bufg_I_O)         0.026     0.336 r  ip_integrator_i/processing_system7_0/inst/buffer_fclk_clk_0.FCLK_CLK_0_BUFG/O
                         net (fo=6362, routed)        0.635     0.971    ip_integrator_i/smartconnect_0/inst/switchboards/r_switchboard/inst/gen_mi[0].inst_opipe_payld/aclk
    SLICE_X51Y100        FDRE                                         r  ip_integrator_i/smartconnect_0/inst/switchboards/r_switchboard/inst/gen_mi[0].inst_opipe_payld/gen_pipe[1].pipe_reg[1][18]/C
  -------------------------------------------------------------------    -------------------
    SLICE_X51Y100        FDRE (Prop_fdre_C_Q)         0.141     1.112 r  ip_integrator_i/smartconnect_0/inst/switchboards/r_switchboard/inst/gen_mi[0].inst_opipe_payld/gen_pipe[1].pipe_reg[1][18]/Q
                         net (fo=1, routed)           0.222     1.334    ip_integrator_i/smartconnect_0/inst/s00_nodes/s00_r_node/inst/inst_mi_handler/gen_normal_area.inst_fifo_node_payld/gen_xpm_memory_fifo.inst_fifo/gen_mem_rep[0].inst_xpm_memory/xpm_memory_base_inst/gen_wr_a.gen_word_narrow.mem_reg_0_31_18_23/DIA0
    SLICE_X50Y96         RAMD32                                       r  ip_integrator_i/smartconnect_0/inst/s00_nodes/s00_r_node/inst/inst_mi_handler/gen_normal_area.inst_fifo_node_payld/gen_xpm_memory_fifo.inst_fifo/gen_mem_rep[0].inst_xpm_memory/xpm_memory_base_inst/gen_wr_a.gen_word_narrow.mem_reg_0_31_18_23/RAMA/I
  -------------------------------------------------------------------    -------------------

                         (clock clk_fpga_0 rise edge)
                                                      0.000     0.000 r  
    PS7_X0Y0             PS7                          0.000     0.000 r  ip_integrator_i/processing_system7_0/inst/PS7_i/FCLKCLK[0]
                         net (fo=1, routed)           0.337     0.337    ip_integrator_i/processing_system7_0/inst/FCLK_CLK_unbuffered[0]
    BUFGCTRL_X0Y16       BUFG (Prop_bufg_I_O)         0.029     0.366 r  ip_integrator_i/processing_system7_0/inst/buffer_fclk_clk_0.FCLK_CLK_0_BUFG/O
                         net (fo=6362, routed)        0.820     1.186    ip_integrator_i/smartconnect_0/inst/s00_nodes/s00_r_node/inst/inst_mi_handler/gen_normal_area.inst_fifo_node_payld/gen_xpm_memory_fifo.inst_fifo/gen_mem_rep[0].inst_xpm_memory/xpm_memory_base_inst/gen_wr_a.gen_word_narrow.mem_reg_0_31_18_23/WCLK
    SLICE_X50Y96         RAMD32                                       r  ip_integrator_i/smartconnect_0/inst/s00_nodes/s00_r_node/inst/inst_mi_handler/gen_normal_area.inst_fifo_node_payld/gen_xpm_memory_fifo.inst_fifo/gen_mem_rep[0].inst_xpm_memory/xpm_memory_base_inst/gen_wr_a.gen_word_narrow.mem_reg_0_31_18_23/RAMA/CLK
                         clock pessimism             -0.035     1.151    
    SLICE_X50Y96         RAMD32 (Hold_ramd32_CLK_I)
                                                      0.147     1.298    ip_integrator_i/smartconnect_0/inst/s00_nodes/s00_r_node/inst/inst_mi_handler/gen_normal_area.inst_fifo_node_payld/gen_xpm_memory_fifo.inst_fifo/gen_mem_rep[0].inst_xpm_memory/xpm_memory_base_inst/gen_wr_a.gen_word_narrow.mem_reg_0_31_18_23/RAMA
  -------------------------------------------------------------------
                         required time                         -1.298    
                         arrival time                           1.334    
  -------------------------------------------------------------------
                         slack                                  0.037    

Slack (MET) :             0.041ns  (arrival time - required time)
  Source:                 ip_integrator_i/smartconnect_0/inst/m01_exit_pipeline/m01_exit/inst/r_reg/m_vector_i_reg[1075]/C
                            (rising edge-triggered cell FDRE clocked by clk_fpga_0  {rise@0.000ns fall@10.000ns period=20.000ns})
  Destination:            ip_integrator_i/smartconnect_0/inst/m01_nodes/m01_r_node/inst/inst_mi_handler/gen_normal_area.inst_fifo_node_payld/gen_xpm_memory_fifo.inst_fifo/gen_mem_rep[0].inst_xpm_memory/xpm_memory_base_inst/gen_wr_a.gen_word_narrow.mem_reg_0_31_36_41/RAMA_D1/I
                            (rising edge-triggered cell RAMD32 clocked by clk_fpga_0  {rise@0.000ns fall@10.000ns period=20.000ns})
  Path Group:             clk_fpga_0
  Path Type:              Hold (Min at Fast Process Corner)
  Requirement:            0.000ns  (clk_fpga_0 rise@0.000ns - clk_fpga_0 rise@0.000ns)
  Data Path Delay:        0.366ns  (logic 0.148ns (40.430%)  route 0.218ns (59.570%))
  Logic Levels:           0  
  Clock Path Skew:        0.259ns (DCD - SCD - CPR)
    Destination Clock Delay (DCD):    1.272ns
    Source Clock Delay      (SCD):    0.974ns
    Clock Pessimism Removal (CPR):    0.039ns

    Location             Delay type                Incr(ns)  Path(ns)    Netlist Resource(s)
  -------------------------------------------------------------------    -------------------
                         (clock clk_fpga_0 rise edge)
                                                      0.000     0.000 r  
    PS7_X0Y0             PS7                          0.000     0.000 r  ip_integrator_i/processing_system7_0/inst/PS7_i/FCLKCLK[0]
                         net (fo=1, routed)           0.310     0.310    ip_integrator_i/processing_system7_0/inst/FCLK_CLK_unbuffered[0]
    BUFGCTRL_X0Y16       BUFG (Prop_bufg_I_O)         0.026     0.336 r  ip_integrator_i/processing_system7_0/inst/buffer_fclk_clk_0.FCLK_CLK_0_BUFG/O
                         net (fo=6362, routed)        0.638     0.974    ip_integrator_i/smartconnect_0/inst/m01_exit_pipeline/m01_exit/inst/r_reg/aclk
    SLICE_X46Y105        FDRE                                         r  ip_integrator_i/smartconnect_0/inst/m01_exit_pipeline/m01_exit/inst/r_reg/m_vector_i_reg[1075]/C
  -------------------------------------------------------------------    -------------------
    SLICE_X46Y105        FDRE (Prop_fdre_C_Q)         0.148     1.122 r  ip_integrator_i/smartconnect_0/inst/m01_exit_pipeline/m01_exit/inst/r_reg/m_vector_i_reg[1075]/Q
                         net (fo=1, routed)           0.218     1.340    ip_integrator_i/smartconnect_0/inst/m01_nodes/m01_r_node/inst/inst_mi_handler/gen_normal_area.inst_fifo_node_payld/gen_xpm_memory_fifo.inst_fifo/gen_mem_rep[0].inst_xpm_memory/xpm_memory_base_inst/gen_wr_a.gen_word_narrow.mem_reg_0_31_36_41/DIA1
    SLICE_X50Y104        RAMD32                                       r  ip_integrator_i/smartconnect_0/inst/m01_nodes/m01_r_node/inst/inst_mi_handler/gen_normal_area.inst_fifo_node_payld/gen_xpm_memory_fifo.inst_fifo/gen_mem_rep[0].inst_xpm_memory/xpm_memory_base_inst/gen_wr_a.gen_word_narrow.mem_reg_0_31_36_41/RAMA_D1/I
  -------------------------------------------------------------------    -------------------

                         (clock clk_fpga_0 rise edge)
                                                      0.000     0.000 r  
    PS7_X0Y0             PS7                          0.000     0.000 r  ip_integrator_i/processing_system7_0/inst/PS7_i/FCLKCLK[0]
                         net (fo=1, routed)           0.337     0.337    ip_integrator_i/processing_system7_0/inst/FCLK_CLK_unbuffered[0]
    BUFGCTRL_X0Y16       BUFG (Prop_bufg_I_O)         0.029     0.366 r  ip_integrator_i/processing_system7_0/inst/buffer_fclk_clk_0.FCLK_CLK_0_BUFG/O
                         net (fo=6362, routed)        0.906     1.272    ip_integrator_i/smartconnect_0/inst/m01_nodes/m01_r_node/inst/inst_mi_handler/gen_normal_area.inst_fifo_node_payld/gen_xpm_memory_fifo.inst_fifo/gen_mem_rep[0].inst_xpm_memory/xpm_memory_base_inst/gen_wr_a.gen_word_narrow.mem_reg_0_31_36_41/WCLK
    SLICE_X50Y104        RAMD32                                       r  ip_integrator_i/smartconnect_0/inst/m01_nodes/m01_r_node/inst/inst_mi_handler/gen_normal_area.inst_fifo_node_payld/gen_xpm_memory_fifo.inst_fifo/gen_mem_rep[0].inst_xpm_memory/xpm_memory_base_inst/gen_wr_a.gen_word_narrow.mem_reg_0_31_36_41/RAMA_D1/CLK
                         clock pessimism             -0.039     1.233    
    SLICE_X50Y104        RAMD32 (Hold_ramd32_CLK_I)
                                                      0.066     1.299    ip_integrator_i/smartconnect_0/inst/m01_nodes/m01_r_node/inst/inst_mi_handler/gen_normal_area.inst_fifo_node_payld/gen_xpm_memory_fifo.inst_fifo/gen_mem_rep[0].inst_xpm_memory/xpm_memory_base_inst/gen_wr_a.gen_word_narrow.mem_reg_0_31_36_41/RAMA_D1
  -------------------------------------------------------------------
                         required time                         -1.299    
                         arrival time                           1.340    
  -------------------------------------------------------------------
                         slack                                  0.041    

Slack (MET) :             0.045ns  (arrival time - required time)
  Source:                 ip_integrator_i/smartconnect_0/inst/s00_nodes/s00_b_node/inst/inst_mi_handler/gen_normal_area.inst_fifo_node_payld/gen_xpm_memory_fifo.inst_fifo/gen_mem_rep[0].inst_wr_addra/count_r_reg[3]/C
                            (rising edge-triggered cell FDRE clocked by clk_fpga_0  {rise@0.000ns fall@10.000ns period=20.000ns})
  Destination:            ip_integrator_i/smartconnect_0/inst/s00_nodes/s00_b_node/inst/inst_mi_handler/gen_normal_area.inst_fifo_node_payld/gen_xpm_memory_fifo.inst_fifo/gen_mem_rep[0].inst_xpm_memory/xpm_memory_base_inst/gen_wr_a.gen_word_narrow.mem_reg_0_31_0_5/RAMA/WADR3
                            (rising edge-triggered cell RAMD32 clocked by clk_fpga_0  {rise@0.000ns fall@10.000ns period=20.000ns})
  Path Group:             clk_fpga_0
  Path Type:              Hold (Min at Fast Process Corner)
  Requirement:            0.000ns  (clk_fpga_0 rise@0.000ns - clk_fpga_0 rise@0.000ns)
  Data Path Delay:        0.298ns  (logic 0.141ns (47.393%)  route 0.157ns (52.607%))
  Logic Levels:           0  
  Clock Path Skew:        0.013ns (DCD - SCD - CPR)
    Destination Clock Delay (DCD):    1.286ns
    Source Clock Delay      (SCD):    0.985ns
    Clock Pessimism Removal (CPR):    0.288ns

    Location             Delay type                Incr(ns)  Path(ns)    Netlist Resource(s)
  -------------------------------------------------------------------    -------------------
                         (clock clk_fpga_0 rise edge)
                                                      0.000     0.000 r  
    PS7_X0Y0             PS7                          0.000     0.000 r  ip_integrator_i/processing_system7_0/inst/PS7_i/FCLKCLK[0]
                         net (fo=1, routed)           0.310     0.310    ip_integrator_i/processing_system7_0/inst/FCLK_CLK_unbuffered[0]
    BUFGCTRL_X0Y16       BUFG (Prop_bufg_I_O)         0.026     0.336 r  ip_integrator_i/processing_system7_0/inst/buffer_fclk_clk_0.FCLK_CLK_0_BUFG/O
                         net (fo=6362, routed)        0.649     0.985    ip_integrator_i/smartconnect_0/inst/s00_nodes/s00_b_node/inst/inst_mi_handler/gen_normal_area.inst_fifo_node_payld/gen_xpm_memory_fifo.inst_fifo/gen_mem_rep[0].inst_wr_addra/s_sc_aclk
    SLICE_X59Y122        FDRE                                         r  ip_integrator_i/smartconnect_0/inst/s00_nodes/s00_b_node/inst/inst_mi_handler/gen_normal_area.inst_fifo_node_payld/gen_xpm_memory_fifo.inst_fifo/gen_mem_rep[0].inst_wr_addra/count_r_reg[3]/C
  -------------------------------------------------------------------    -------------------
    SLICE_X59Y122        FDRE (Prop_fdre_C_Q)         0.141     1.126 r  ip_integrator_i/smartconnect_0/inst/s00_nodes/s00_b_node/inst/inst_mi_handler/gen_normal_area.inst_fifo_node_payld/gen_xpm_memory_fifo.inst_fifo/gen_mem_rep[0].inst_wr_addra/count_r_reg[3]/Q
                         net (fo=21, routed)          0.157     1.283    ip_integrator_i/smartconnect_0/inst/s00_nodes/s00_b_node/inst/inst_mi_handler/gen_normal_area.inst_fifo_node_payld/gen_xpm_memory_fifo.inst_fifo/gen_mem_rep[0].inst_xpm_memory/xpm_memory_base_inst/gen_wr_a.gen_word_narrow.mem_reg_0_31_0_5/ADDRD3
    SLICE_X58Y122        RAMD32                                       r  ip_integrator_i/smartconnect_0/inst/s00_nodes/s00_b_node/inst/inst_mi_handler/gen_normal_area.inst_fifo_node_payld/gen_xpm_memory_fifo.inst_fifo/gen_mem_rep[0].inst_xpm_memory/xpm_memory_base_inst/gen_wr_a.gen_word_narrow.mem_reg_0_31_0_5/RAMA/WADR3
  -------------------------------------------------------------------    -------------------

                         (clock clk_fpga_0 rise edge)
                                                      0.000     0.000 r  
    PS7_X0Y0             PS7                          0.000     0.000 r  ip_integrator_i/processing_system7_0/inst/PS7_i/FCLKCLK[0]
                         net (fo=1, routed)           0.337     0.337    ip_integrator_i/processing_system7_0/inst/FCLK_CLK_unbuffered[0]
    BUFGCTRL_X0Y16       BUFG (Prop_bufg_I_O)         0.029     0.366 r  ip_integrator_i/processing_system7_0/inst/buffer_fclk_clk_0.FCLK_CLK_0_BUFG/O
                         net (fo=6362, routed)        0.920     1.286    ip_integrator_i/smartconnect_0/inst/s00_nodes/s00_b_node/inst/inst_mi_handler/gen_normal_area.inst_fifo_node_payld/gen_xpm_memory_fifo.inst_fifo/gen_mem_rep[0].inst_xpm_memory/xpm_memory_base_inst/gen_wr_a.gen_word_narrow.mem_reg_0_31_0_5/WCLK
    SLICE_X58Y122        RAMD32                                       r  ip_integrator_i/smartconnect_0/inst/s00_nodes/s00_b_node/inst/inst_mi_handler/gen_normal_area.inst_fifo_node_payld/gen_xpm_memory_fifo.inst_fifo/gen_mem_rep[0].inst_xpm_memory/xpm_memory_base_inst/gen_wr_a.gen_word_narrow.mem_reg_0_31_0_5/RAMA/CLK
                         clock pessimism             -0.288     0.998    
    SLICE_X58Y122        RAMD32 (Hold_ramd32_CLK_WADR3)
                                                      0.240     1.238    ip_integrator_i/smartconnect_0/inst/s00_nodes/s00_b_node/inst/inst_mi_handler/gen_normal_area.inst_fifo_node_payld/gen_xpm_memory_fifo.inst_fifo/gen_mem_rep[0].inst_xpm_memory/xpm_memory_base_inst/gen_wr_a.gen_word_narrow.mem_reg_0_31_0_5/RAMA
  -------------------------------------------------------------------
                         required time                         -1.238    
                         arrival time                           1.283    
  -------------------------------------------------------------------
                         slack                                  0.045    

Slack (MET) :             0.045ns  (arrival time - required time)
  Source:                 ip_integrator_i/smartconnect_0/inst/s00_nodes/s00_b_node/inst/inst_mi_handler/gen_normal_area.inst_fifo_node_payld/gen_xpm_memory_fifo.inst_fifo/gen_mem_rep[0].inst_wr_addra/count_r_reg[3]/C
                            (rising edge-triggered cell FDRE clocked by clk_fpga_0  {rise@0.000ns fall@10.000ns period=20.000ns})
  Destination:            ip_integrator_i/smartconnect_0/inst/s00_nodes/s00_b_node/inst/inst_mi_handler/gen_normal_area.inst_fifo_node_payld/gen_xpm_memory_fifo.inst_fifo/gen_mem_rep[0].inst_xpm_memory/xpm_memory_base_inst/gen_wr_a.gen_word_narrow.mem_reg_0_31_0_5/RAMA_D1/WADR3
                            (rising edge-triggered cell RAMD32 clocked by clk_fpga_0  {rise@0.000ns fall@10.000ns period=20.000ns})
  Path Group:             clk_fpga_0
  Path Type:              Hold (Min at Fast Process Corner)
  Requirement:            0.000ns  (clk_fpga_0 rise@0.000ns - clk_fpga_0 rise@0.000ns)
  Data Path Delay:        0.298ns  (logic 0.141ns (47.393%)  route 0.157ns (52.607%))
  Logic Levels:           0  
  Clock Path Skew:        0.013ns (DCD - SCD - CPR)
    Destination Clock Delay (DCD):    1.286ns
    Source Clock Delay      (SCD):    0.985ns
    Clock Pessimism Removal (CPR):    0.288ns

    Location             Delay type                Incr(ns)  Path(ns)    Netlist Resource(s)
  -------------------------------------------------------------------    -------------------
                         (clock clk_fpga_0 rise edge)
                                                      0.000     0.000 r  
    PS7_X0Y0             PS7                          0.000     0.000 r  ip_integrator_i/processing_system7_0/inst/PS7_i/FCLKCLK[0]
                         net (fo=1, routed)           0.310     0.310    ip_integrator_i/processing_system7_0/inst/FCLK_CLK_unbuffered[0]
    BUFGCTRL_X0Y16       BUFG (Prop_bufg_I_O)         0.026     0.336 r  ip_integrator_i/processing_system7_0/inst/buffer_fclk_clk_0.FCLK_CLK_0_BUFG/O
                         net (fo=6362, routed)        0.649     0.985    ip_integrator_i/smartconnect_0/inst/s00_nodes/s00_b_node/inst/inst_mi_handler/gen_normal_area.inst_fifo_node_payld/gen_xpm_memory_fifo.inst_fifo/gen_mem_rep[0].inst_wr_addra/s_sc_aclk
    SLICE_X59Y122        FDRE                                         r  ip_integrator_i/smartconnect_0/inst/s00_nodes/s00_b_node/inst/inst_mi_handler/gen_normal_area.inst_fifo_node_payld/gen_xpm_memory_fifo.inst_fifo/gen_mem_rep[0].inst_wr_addra/count_r_reg[3]/C
  -------------------------------------------------------------------    -------------------
    SLICE_X59Y122        FDRE (Prop_fdre_C_Q)         0.141     1.126 r  ip_integrator_i/smartconnect_0/inst/s00_nodes/s00_b_node/inst/inst_mi_handler/gen_normal_area.inst_fifo_node_payld/gen_xpm_memory_fifo.inst_fifo/gen_mem_rep[0].inst_wr_addra/count_r_reg[3]/Q
                         net (fo=21, routed)          0.157     1.283    ip_integrator_i/smartconnect_0/inst/s00_nodes/s00_b_node/inst/inst_mi_handler/gen_normal_area.inst_fifo_node_payld/gen_xpm_memory_fifo.inst_fifo/gen_mem_rep[0].inst_xpm_memory/xpm_memory_base_inst/gen_wr_a.gen_word_narrow.mem_reg_0_31_0_5/ADDRD3
    SLICE_X58Y122        RAMD32                                       r  ip_integrator_i/smartconnect_0/inst/s00_nodes/s00_b_node/inst/inst_mi_handler/gen_normal_area.inst_fifo_node_payld/gen_xpm_memory_fifo.inst_fifo/gen_mem_rep[0].inst_xpm_memory/xpm_memory_base_inst/gen_wr_a.gen_word_narrow.mem_reg_0_31_0_5/RAMA_D1/WADR3
  -------------------------------------------------------------------    -------------------

                         (clock clk_fpga_0 rise edge)
                                                      0.000     0.000 r  
    PS7_X0Y0             PS7                          0.000     0.000 r  ip_integrator_i/processing_system7_0/inst/PS7_i/FCLKCLK[0]
                         net (fo=1, routed)           0.337     0.337    ip_integrator_i/processing_system7_0/inst/FCLK_CLK_unbuffered[0]
    BUFGCTRL_X0Y16       BUFG (Prop_bufg_I_O)         0.029     0.366 r  ip_integrator_i/processing_system7_0/inst/buffer_fclk_clk_0.FCLK_CLK_0_BUFG/O
                         net (fo=6362, routed)        0.920     1.286    ip_integrator_i/smartconnect_0/inst/s00_nodes/s00_b_node/inst/inst_mi_handler/gen_normal_area.inst_fifo_node_payld/gen_xpm_memory_fifo.inst_fifo/gen_mem_rep[0].inst_xpm_memory/xpm_memory_base_inst/gen_wr_a.gen_word_narrow.mem_reg_0_31_0_5/WCLK
    SLICE_X58Y122        RAMD32                                       r  ip_integrator_i/smartconnect_0/inst/s00_nodes/s00_b_node/inst/inst_mi_handler/gen_normal_area.inst_fifo_node_payld/gen_xpm_memory_fifo.inst_fifo/gen_mem_rep[0].inst_xpm_memory/xpm_memory_base_inst/gen_wr_a.gen_word_narrow.mem_reg_0_31_0_5/RAMA_D1/CLK
                         clock pessimism             -0.288     0.998    
    SLICE_X58Y122        RAMD32 (Hold_ramd32_CLK_WADR3)
                                                      0.240     1.238    ip_integrator_i/smartconnect_0/inst/s00_nodes/s00_b_node/inst/inst_mi_handler/gen_normal_area.inst_fifo_node_payld/gen_xpm_memory_fifo.inst_fifo/gen_mem_rep[0].inst_xpm_memory/xpm_memory_base_inst/gen_wr_a.gen_word_narrow.mem_reg_0_31_0_5/RAMA_D1
  -------------------------------------------------------------------
                         required time                         -1.238    
                         arrival time                           1.283    
  -------------------------------------------------------------------
                         slack                                  0.045    

Slack (MET) :             0.045ns  (arrival time - required time)
  Source:                 ip_integrator_i/smartconnect_0/inst/s00_nodes/s00_b_node/inst/inst_mi_handler/gen_normal_area.inst_fifo_node_payld/gen_xpm_memory_fifo.inst_fifo/gen_mem_rep[0].inst_wr_addra/count_r_reg[3]/C
                            (rising edge-triggered cell FDRE clocked by clk_fpga_0  {rise@0.000ns fall@10.000ns period=20.000ns})
  Destination:            ip_integrator_i/smartconnect_0/inst/s00_nodes/s00_b_node/inst/inst_mi_handler/gen_normal_area.inst_fifo_node_payld/gen_xpm_memory_fifo.inst_fifo/gen_mem_rep[0].inst_xpm_memory/xpm_memory_base_inst/gen_wr_a.gen_word_narrow.mem_reg_0_31_0_5/RAMB/WADR3
                            (rising edge-triggered cell RAMD32 clocked by clk_fpga_0  {rise@0.000ns fall@10.000ns period=20.000ns})
  Path Group:             clk_fpga_0
  Path Type:              Hold (Min at Fast Process Corner)
  Requirement:            0.000ns  (clk_fpga_0 rise@0.000ns - clk_fpga_0 rise@0.000ns)
  Data Path Delay:        0.298ns  (logic 0.141ns (47.393%)  route 0.157ns (52.607%))
  Logic Levels:           0  
  Clock Path Skew:        0.013ns (DCD - SCD - CPR)
    Destination Clock Delay (DCD):    1.286ns
    Source Clock Delay      (SCD):    0.985ns
    Clock Pessimism Removal (CPR):    0.288ns

    Location             Delay type                Incr(ns)  Path(ns)    Netlist Resource(s)
  -------------------------------------------------------------------    -------------------
                         (clock clk_fpga_0 rise edge)
                                                      0.000     0.000 r  
    PS7_X0Y0             PS7                          0.000     0.000 r  ip_integrator_i/processing_system7_0/inst/PS7_i/FCLKCLK[0]
                         net (fo=1, routed)           0.310     0.310    ip_integrator_i/processing_system7_0/inst/FCLK_CLK_unbuffered[0]
    BUFGCTRL_X0Y16       BUFG (Prop_bufg_I_O)         0.026     0.336 r  ip_integrator_i/processing_system7_0/inst/buffer_fclk_clk_0.FCLK_CLK_0_BUFG/O
                         net (fo=6362, routed)        0.649     0.985    ip_integrator_i/smartconnect_0/inst/s00_nodes/s00_b_node/inst/inst_mi_handler/gen_normal_area.inst_fifo_node_payld/gen_xpm_memory_fifo.inst_fifo/gen_mem_rep[0].inst_wr_addra/s_sc_aclk
    SLICE_X59Y122        FDRE                                         r  ip_integrator_i/smartconnect_0/inst/s00_nodes/s00_b_node/inst/inst_mi_handler/gen_normal_area.inst_fifo_node_payld/gen_xpm_memory_fifo.inst_fifo/gen_mem_rep[0].inst_wr_addra/count_r_reg[3]/C
  -------------------------------------------------------------------    -------------------
    SLICE_X59Y122        FDRE (Prop_fdre_C_Q)         0.141     1.126 r  ip_integrator_i/smartconnect_0/inst/s00_nodes/s00_b_node/inst/inst_mi_handler/gen_normal_area.inst_fifo_node_payld/gen_xpm_memory_fifo.inst_fifo/gen_mem_rep[0].inst_wr_addra/count_r_reg[3]/Q
                         net (fo=21, routed)          0.157     1.283    ip_integrator_i/smartconnect_0/inst/s00_nodes/s00_b_node/inst/inst_mi_handler/gen_normal_area.inst_fifo_node_payld/gen_xpm_memory_fifo.inst_fifo/gen_mem_rep[0].inst_xpm_memory/xpm_memory_base_inst/gen_wr_a.gen_word_narrow.mem_reg_0_31_0_5/ADDRD3
    SLICE_X58Y122        RAMD32                                       r  ip_integrator_i/smartconnect_0/inst/s00_nodes/s00_b_node/inst/inst_mi_handler/gen_normal_area.inst_fifo_node_payld/gen_xpm_memory_fifo.inst_fifo/gen_mem_rep[0].inst_xpm_memory/xpm_memory_base_inst/gen_wr_a.gen_word_narrow.mem_reg_0_31_0_5/RAMB/WADR3
  -------------------------------------------------------------------    -------------------

                         (clock clk_fpga_0 rise edge)
                                                      0.000     0.000 r  
    PS7_X0Y0             PS7                          0.000     0.000 r  ip_integrator_i/processing_system7_0/inst/PS7_i/FCLKCLK[0]
                         net (fo=1, routed)           0.337     0.337    ip_integrator_i/processing_system7_0/inst/FCLK_CLK_unbuffered[0]
    BUFGCTRL_X0Y16       BUFG (Prop_bufg_I_O)         0.029     0.366 r  ip_integrator_i/processing_system7_0/inst/buffer_fclk_clk_0.FCLK_CLK_0_BUFG/O
                         net (fo=6362, routed)        0.920     1.286    ip_integrator_i/smartconnect_0/inst/s00_nodes/s00_b_node/inst/inst_mi_handler/gen_normal_area.inst_fifo_node_payld/gen_xpm_memory_fifo.inst_fifo/gen_mem_rep[0].inst_xpm_memory/xpm_memory_base_inst/gen_wr_a.gen_word_narrow.mem_reg_0_31_0_5/WCLK
    SLICE_X58Y122        RAMD32                                       r  ip_integrator_i/smartconnect_0/inst/s00_nodes/s00_b_node/inst/inst_mi_handler/gen_normal_area.inst_fifo_node_payld/gen_xpm_memory_fifo.inst_fifo/gen_mem_rep[0].inst_xpm_memory/xpm_memory_base_inst/gen_wr_a.gen_word_narrow.mem_reg_0_31_0_5/RAMB/CLK
                         clock pessimism             -0.288     0.998    
    SLICE_X58Y122        RAMD32 (Hold_ramd32_CLK_WADR3)
                                                      0.240     1.238    ip_integrator_i/smartconnect_0/inst/s00_nodes/s00_b_node/inst/inst_mi_handler/gen_normal_area.inst_fifo_node_payld/gen_xpm_memory_fifo.inst_fifo/gen_mem_rep[0].inst_xpm_memory/xpm_memory_base_inst/gen_wr_a.gen_word_narrow.mem_reg_0_31_0_5/RAMB
  -------------------------------------------------------------------
                         required time                         -1.238    
                         arrival time                           1.283    
  -------------------------------------------------------------------
                         slack                                  0.045    

Slack (MET) :             0.045ns  (arrival time - required time)
  Source:                 ip_integrator_i/smartconnect_0/inst/s00_nodes/s00_b_node/inst/inst_mi_handler/gen_normal_area.inst_fifo_node_payld/gen_xpm_memory_fifo.inst_fifo/gen_mem_rep[0].inst_wr_addra/count_r_reg[3]/C
                            (rising edge-triggered cell FDRE clocked by clk_fpga_0  {rise@0.000ns fall@10.000ns period=20.000ns})
  Destination:            ip_integrator_i/smartconnect_0/inst/s00_nodes/s00_b_node/inst/inst_mi_handler/gen_normal_area.inst_fifo_node_payld/gen_xpm_memory_fifo.inst_fifo/gen_mem_rep[0].inst_xpm_memory/xpm_memory_base_inst/gen_wr_a.gen_word_narrow.mem_reg_0_31_0_5/RAMB_D1/WADR3
                            (rising edge-triggered cell RAMD32 clocked by clk_fpga_0  {rise@0.000ns fall@10.000ns period=20.000ns})
  Path Group:             clk_fpga_0
  Path Type:              Hold (Min at Fast Process Corner)
  Requirement:            0.000ns  (clk_fpga_0 rise@0.000ns - clk_fpga_0 rise@0.000ns)
  Data Path Delay:        0.298ns  (logic 0.141ns (47.393%)  route 0.157ns (52.607%))
  Logic Levels:           0  
  Clock Path Skew:        0.013ns (DCD - SCD - CPR)
    Destination Clock Delay (DCD):    1.286ns
    Source Clock Delay      (SCD):    0.985ns
    Clock Pessimism Removal (CPR):    0.288ns

    Location             Delay type                Incr(ns)  Path(ns)    Netlist Resource(s)
  -------------------------------------------------------------------    -------------------
                         (clock clk_fpga_0 rise edge)
                                                      0.000     0.000 r  
    PS7_X0Y0             PS7                          0.000     0.000 r  ip_integrator_i/processing_system7_0/inst/PS7_i/FCLKCLK[0]
                         net (fo=1, routed)           0.310     0.310    ip_integrator_i/processing_system7_0/inst/FCLK_CLK_unbuffered[0]
    BUFGCTRL_X0Y16       BUFG (Prop_bufg_I_O)         0.026     0.336 r  ip_integrator_i/processing_system7_0/inst/buffer_fclk_clk_0.FCLK_CLK_0_BUFG/O
                         net (fo=6362, routed)        0.649     0.985    ip_integrator_i/smartconnect_0/inst/s00_nodes/s00_b_node/inst/inst_mi_handler/gen_normal_area.inst_fifo_node_payld/gen_xpm_memory_fifo.inst_fifo/gen_mem_rep[0].inst_wr_addra/s_sc_aclk
    SLICE_X59Y122        FDRE                                         r  ip_integrator_i/smartconnect_0/inst/s00_nodes/s00_b_node/inst/inst_mi_handler/gen_normal_area.inst_fifo_node_payld/gen_xpm_memory_fifo.inst_fifo/gen_mem_rep[0].inst_wr_addra/count_r_reg[3]/C
  -------------------------------------------------------------------    -------------------
    SLICE_X59Y122        FDRE (Prop_fdre_C_Q)         0.141     1.126 r  ip_integrator_i/smartconnect_0/inst/s00_nodes/s00_b_node/inst/inst_mi_handler/gen_normal_area.inst_fifo_node_payld/gen_xpm_memory_fifo.inst_fifo/gen_mem_rep[0].inst_wr_addra/count_r_reg[3]/Q
                         net (fo=21, routed)          0.157     1.283    ip_integrator_i/smartconnect_0/inst/s00_nodes/s00_b_node/inst/inst_mi_handler/gen_normal_area.inst_fifo_node_payld/gen_xpm_memory_fifo.inst_fifo/gen_mem_rep[0].inst_xpm_memory/xpm_memory_base_inst/gen_wr_a.gen_word_narrow.mem_reg_0_31_0_5/ADDRD3
    SLICE_X58Y122        RAMD32                                       r  ip_integrator_i/smartconnect_0/inst/s00_nodes/s00_b_node/inst/inst_mi_handler/gen_normal_area.inst_fifo_node_payld/gen_xpm_memory_fifo.inst_fifo/gen_mem_rep[0].inst_xpm_memory/xpm_memory_base_inst/gen_wr_a.gen_word_narrow.mem_reg_0_31_0_5/RAMB_D1/WADR3
  -------------------------------------------------------------------    -------------------

                         (clock clk_fpga_0 rise edge)
                                                      0.000     0.000 r  
    PS7_X0Y0             PS7                          0.000     0.000 r  ip_integrator_i/processing_system7_0/inst/PS7_i/FCLKCLK[0]
                         net (fo=1, routed)           0.337     0.337    ip_integrator_i/processing_system7_0/inst/FCLK_CLK_unbuffered[0]
    BUFGCTRL_X0Y16       BUFG (Prop_bufg_I_O)         0.029     0.366 r  ip_integrator_i/processing_system7_0/inst/buffer_fclk_clk_0.FCLK_CLK_0_BUFG/O
                         net (fo=6362, routed)        0.920     1.286    ip_integrator_i/smartconnect_0/inst/s00_nodes/s00_b_node/inst/inst_mi_handler/gen_normal_area.inst_fifo_node_payld/gen_xpm_memory_fifo.inst_fifo/gen_mem_rep[0].inst_xpm_memory/xpm_memory_base_inst/gen_wr_a.gen_word_narrow.mem_reg_0_31_0_5/WCLK
    SLICE_X58Y122        RAMD32                                       r  ip_integrator_i/smartconnect_0/inst/s00_nodes/s00_b_node/inst/inst_mi_handler/gen_normal_area.inst_fifo_node_payld/gen_xpm_memory_fifo.inst_fifo/gen_mem_rep[0].inst_xpm_memory/xpm_memory_base_inst/gen_wr_a.gen_word_narrow.mem_reg_0_31_0_5/RAMB_D1/CLK
                         clock pessimism             -0.288     0.998    
    SLICE_X58Y122        RAMD32 (Hold_ramd32_CLK_WADR3)
                                                      0.240     1.238    ip_integrator_i/smartconnect_0/inst/s00_nodes/s00_b_node/inst/inst_mi_handler/gen_normal_area.inst_fifo_node_payld/gen_xpm_memory_fifo.inst_fifo/gen_mem_rep[0].inst_xpm_memory/xpm_memory_base_inst/gen_wr_a.gen_word_narrow.mem_reg_0_31_0_5/RAMB_D1
  -------------------------------------------------------------------
                         required time                         -1.238    
                         arrival time                           1.283    
  -------------------------------------------------------------------
                         slack                                  0.045    

Slack (MET) :             0.045ns  (arrival time - required time)
  Source:                 ip_integrator_i/smartconnect_0/inst/s00_nodes/s00_b_node/inst/inst_mi_handler/gen_normal_area.inst_fifo_node_payld/gen_xpm_memory_fifo.inst_fifo/gen_mem_rep[0].inst_wr_addra/count_r_reg[3]/C
                            (rising edge-triggered cell FDRE clocked by clk_fpga_0  {rise@0.000ns fall@10.000ns period=20.000ns})
  Destination:            ip_integrator_i/smartconnect_0/inst/s00_nodes/s00_b_node/inst/inst_mi_handler/gen_normal_area.inst_fifo_node_payld/gen_xpm_memory_fifo.inst_fifo/gen_mem_rep[0].inst_xpm_memory/xpm_memory_base_inst/gen_wr_a.gen_word_narrow.mem_reg_0_31_0_5/RAMC/WADR3
                            (rising edge-triggered cell RAMD32 clocked by clk_fpga_0  {rise@0.000ns fall@10.000ns period=20.000ns})
  Path Group:             clk_fpga_0
  Path Type:              Hold (Min at Fast Process Corner)
  Requirement:            0.000ns  (clk_fpga_0 rise@0.000ns - clk_fpga_0 rise@0.000ns)
  Data Path Delay:        0.298ns  (logic 0.141ns (47.393%)  route 0.157ns (52.607%))
  Logic Levels:           0  
  Clock Path Skew:        0.013ns (DCD - SCD - CPR)
    Destination Clock Delay (DCD):    1.286ns
    Source Clock Delay      (SCD):    0.985ns
    Clock Pessimism Removal (CPR):    0.288ns

    Location             Delay type                Incr(ns)  Path(ns)    Netlist Resource(s)
  -------------------------------------------------------------------    -------------------
                         (clock clk_fpga_0 rise edge)
                                                      0.000     0.000 r  
    PS7_X0Y0             PS7                          0.000     0.000 r  ip_integrator_i/processing_system7_0/inst/PS7_i/FCLKCLK[0]
                         net (fo=1, routed)           0.310     0.310    ip_integrator_i/processing_system7_0/inst/FCLK_CLK_unbuffered[0]
    BUFGCTRL_X0Y16       BUFG (Prop_bufg_I_O)         0.026     0.336 r  ip_integrator_i/processing_system7_0/inst/buffer_fclk_clk_0.FCLK_CLK_0_BUFG/O
                         net (fo=6362, routed)        0.649     0.985    ip_integrator_i/smartconnect_0/inst/s00_nodes/s00_b_node/inst/inst_mi_handler/gen_normal_area.inst_fifo_node_payld/gen_xpm_memory_fifo.inst_fifo/gen_mem_rep[0].inst_wr_addra/s_sc_aclk
    SLICE_X59Y122        FDRE                                         r  ip_integrator_i/smartconnect_0/inst/s00_nodes/s00_b_node/inst/inst_mi_handler/gen_normal_area.inst_fifo_node_payld/gen_xpm_memory_fifo.inst_fifo/gen_mem_rep[0].inst_wr_addra/count_r_reg[3]/C
  -------------------------------------------------------------------    -------------------
    SLICE_X59Y122        FDRE (Prop_fdre_C_Q)         0.141     1.126 r  ip_integrator_i/smartconnect_0/inst/s00_nodes/s00_b_node/inst/inst_mi_handler/gen_normal_area.inst_fifo_node_payld/gen_xpm_memory_fifo.inst_fifo/gen_mem_rep[0].inst_wr_addra/count_r_reg[3]/Q
                         net (fo=21, routed)          0.157     1.283    ip_integrator_i/smartconnect_0/inst/s00_nodes/s00_b_node/inst/inst_mi_handler/gen_normal_area.inst_fifo_node_payld/gen_xpm_memory_fifo.inst_fifo/gen_mem_rep[0].inst_xpm_memory/xpm_memory_base_inst/gen_wr_a.gen_word_narrow.mem_reg_0_31_0_5/ADDRD3
    SLICE_X58Y122        RAMD32                                       r  ip_integrator_i/smartconnect_0/inst/s00_nodes/s00_b_node/inst/inst_mi_handler/gen_normal_area.inst_fifo_node_payld/gen_xpm_memory_fifo.inst_fifo/gen_mem_rep[0].inst_xpm_memory/xpm_memory_base_inst/gen_wr_a.gen_word_narrow.mem_reg_0_31_0_5/RAMC/WADR3
  -------------------------------------------------------------------    -------------------

                         (clock clk_fpga_0 rise edge)
                                                      0.000     0.000 r  
    PS7_X0Y0             PS7                          0.000     0.000 r  ip_integrator_i/processing_system7_0/inst/PS7_i/FCLKCLK[0]
                         net (fo=1, routed)           0.337     0.337    ip_integrator_i/processing_system7_0/inst/FCLK_CLK_unbuffered[0]
    BUFGCTRL_X0Y16       BUFG (Prop_bufg_I_O)         0.029     0.366 r  ip_integrator_i/processing_system7_0/inst/buffer_fclk_clk_0.FCLK_CLK_0_BUFG/O
                         net (fo=6362, routed)        0.920     1.286    ip_integrator_i/smartconnect_0/inst/s00_nodes/s00_b_node/inst/inst_mi_handler/gen_normal_area.inst_fifo_node_payld/gen_xpm_memory_fifo.inst_fifo/gen_mem_rep[0].inst_xpm_memory/xpm_memory_base_inst/gen_wr_a.gen_word_narrow.mem_reg_0_31_0_5/WCLK
    SLICE_X58Y122        RAMD32                                       r  ip_integrator_i/smartconnect_0/inst/s00_nodes/s00_b_node/inst/inst_mi_handler/gen_normal_area.inst_fifo_node_payld/gen_xpm_memory_fifo.inst_fifo/gen_mem_rep[0].inst_xpm_memory/xpm_memory_base_inst/gen_wr_a.gen_word_narrow.mem_reg_0_31_0_5/RAMC/CLK
                         clock pessimism             -0.288     0.998    
    SLICE_X58Y122        RAMD32 (Hold_ramd32_CLK_WADR3)
                                                      0.240     1.238    ip_integrator_i/smartconnect_0/inst/s00_nodes/s00_b_node/inst/inst_mi_handler/gen_normal_area.inst_fifo_node_payld/gen_xpm_memory_fifo.inst_fifo/gen_mem_rep[0].inst_xpm_memory/xpm_memory_base_inst/gen_wr_a.gen_word_narrow.mem_reg_0_31_0_5/RAMC
  -------------------------------------------------------------------
                         required time                         -1.238    
                         arrival time                           1.283    
  -------------------------------------------------------------------
                         slack                                  0.045    

Slack (MET) :             0.045ns  (arrival time - required time)
  Source:                 ip_integrator_i/smartconnect_0/inst/s00_nodes/s00_b_node/inst/inst_mi_handler/gen_normal_area.inst_fifo_node_payld/gen_xpm_memory_fifo.inst_fifo/gen_mem_rep[0].inst_wr_addra/count_r_reg[3]/C
                            (rising edge-triggered cell FDRE clocked by clk_fpga_0  {rise@0.000ns fall@10.000ns period=20.000ns})
  Destination:            ip_integrator_i/smartconnect_0/inst/s00_nodes/s00_b_node/inst/inst_mi_handler/gen_normal_area.inst_fifo_node_payld/gen_xpm_memory_fifo.inst_fifo/gen_mem_rep[0].inst_xpm_memory/xpm_memory_base_inst/gen_wr_a.gen_word_narrow.mem_reg_0_31_0_5/RAMC_D1/WADR3
                            (rising edge-triggered cell RAMD32 clocked by clk_fpga_0  {rise@0.000ns fall@10.000ns period=20.000ns})
  Path Group:             clk_fpga_0
  Path Type:              Hold (Min at Fast Process Corner)
  Requirement:            0.000ns  (clk_fpga_0 rise@0.000ns - clk_fpga_0 rise@0.000ns)
  Data Path Delay:        0.298ns  (logic 0.141ns (47.393%)  route 0.157ns (52.607%))
  Logic Levels:           0  
  Clock Path Skew:        0.013ns (DCD - SCD - CPR)
    Destination Clock Delay (DCD):    1.286ns
    Source Clock Delay      (SCD):    0.985ns
    Clock Pessimism Removal (CPR):    0.288ns

    Location             Delay type                Incr(ns)  Path(ns)    Netlist Resource(s)
  -------------------------------------------------------------------    -------------------
                         (clock clk_fpga_0 rise edge)
                                                      0.000     0.000 r  
    PS7_X0Y0             PS7                          0.000     0.000 r  ip_integrator_i/processing_system7_0/inst/PS7_i/FCLKCLK[0]
                         net (fo=1, routed)           0.310     0.310    ip_integrator_i/processing_system7_0/inst/FCLK_CLK_unbuffered[0]
    BUFGCTRL_X0Y16       BUFG (Prop_bufg_I_O)         0.026     0.336 r  ip_integrator_i/processing_system7_0/inst/buffer_fclk_clk_0.FCLK_CLK_0_BUFG/O
                         net (fo=6362, routed)        0.649     0.985    ip_integrator_i/smartconnect_0/inst/s00_nodes/s00_b_node/inst/inst_mi_handler/gen_normal_area.inst_fifo_node_payld/gen_xpm_memory_fifo.inst_fifo/gen_mem_rep[0].inst_wr_addra/s_sc_aclk
    SLICE_X59Y122        FDRE                                         r  ip_integrator_i/smartconnect_0/inst/s00_nodes/s00_b_node/inst/inst_mi_handler/gen_normal_area.inst_fifo_node_payld/gen_xpm_memory_fifo.inst_fifo/gen_mem_rep[0].inst_wr_addra/count_r_reg[3]/C
  -------------------------------------------------------------------    -------------------
    SLICE_X59Y122        FDRE (Prop_fdre_C_Q)         0.141     1.126 r  ip_integrator_i/smartconnect_0/inst/s00_nodes/s00_b_node/inst/inst_mi_handler/gen_normal_area.inst_fifo_node_payld/gen_xpm_memory_fifo.inst_fifo/gen_mem_rep[0].inst_wr_addra/count_r_reg[3]/Q
                         net (fo=21, routed)          0.157     1.283    ip_integrator_i/smartconnect_0/inst/s00_nodes/s00_b_node/inst/inst_mi_handler/gen_normal_area.inst_fifo_node_payld/gen_xpm_memory_fifo.inst_fifo/gen_mem_rep[0].inst_xpm_memory/xpm_memory_base_inst/gen_wr_a.gen_word_narrow.mem_reg_0_31_0_5/ADDRD3
    SLICE_X58Y122        RAMD32                                       r  ip_integrator_i/smartconnect_0/inst/s00_nodes/s00_b_node/inst/inst_mi_handler/gen_normal_area.inst_fifo_node_payld/gen_xpm_memory_fifo.inst_fifo/gen_mem_rep[0].inst_xpm_memory/xpm_memory_base_inst/gen_wr_a.gen_word_narrow.mem_reg_0_31_0_5/RAMC_D1/WADR3
  -------------------------------------------------------------------    -------------------

                         (clock clk_fpga_0 rise edge)
                                                      0.000     0.000 r  
    PS7_X0Y0             PS7                          0.000     0.000 r  ip_integrator_i/processing_system7_0/inst/PS7_i/FCLKCLK[0]
                         net (fo=1, routed)           0.337     0.337    ip_integrator_i/processing_system7_0/inst/FCLK_CLK_unbuffered[0]
    BUFGCTRL_X0Y16       BUFG (Prop_bufg_I_O)         0.029     0.366 r  ip_integrator_i/processing_system7_0/inst/buffer_fclk_clk_0.FCLK_CLK_0_BUFG/O
                         net (fo=6362, routed)        0.920     1.286    ip_integrator_i/smartconnect_0/inst/s00_nodes/s00_b_node/inst/inst_mi_handler/gen_normal_area.inst_fifo_node_payld/gen_xpm_memory_fifo.inst_fifo/gen_mem_rep[0].inst_xpm_memory/xpm_memory_base_inst/gen_wr_a.gen_word_narrow.mem_reg_0_31_0_5/WCLK
    SLICE_X58Y122        RAMD32                                       r  ip_integrator_i/smartconnect_0/inst/s00_nodes/s00_b_node/inst/inst_mi_handler/gen_normal_area.inst_fifo_node_payld/gen_xpm_memory_fifo.inst_fifo/gen_mem_rep[0].inst_xpm_memory/xpm_memory_base_inst/gen_wr_a.gen_word_narrow.mem_reg_0_31_0_5/RAMC_D1/CLK
                         clock pessimism             -0.288     0.998    
    SLICE_X58Y122        RAMD32 (Hold_ramd32_CLK_WADR3)
                                                      0.240     1.238    ip_integrator_i/smartconnect_0/inst/s00_nodes/s00_b_node/inst/inst_mi_handler/gen_normal_area.inst_fifo_node_payld/gen_xpm_memory_fifo.inst_fifo/gen_mem_rep[0].inst_xpm_memory/xpm_memory_base_inst/gen_wr_a.gen_word_narrow.mem_reg_0_31_0_5/RAMC_D1
  -------------------------------------------------------------------
                         required time                         -1.238    
                         arrival time                           1.283    
  -------------------------------------------------------------------
                         slack                                  0.045    





Pulse Width Checks
--------------------------------------------------------------------------------------
Clock Name:         clk_fpga_0
Waveform(ns):       { 0.000 10.000 }
Period(ns):         20.000
Sources:            { ip_integrator_i/processing_system7_0/inst/PS7_i/FCLKCLK[0] }

Check Type        Corner  Lib Pin             Reference Pin  Required(ns)  Actual(ns)  Slack(ns)  Location        Pin
Min Period        n/a     RAMB36E1/CLKARDCLK  n/a            2.576         20.000      17.424     RAMB36_X3Y24    ip_integrator_i/memgen_dram/U0/inst_blk_mem_gen/gnbram.gnative_mem_map_bmg.native_mem_map_blk_mem_gen/valid.cstr/ramloop[0].ram.r/prim_noinit.ram/DEVICE_7SERIES.WITH_BMM_INFO.TRUE_DP.SIMPLE_PRIM36.TDP_SP36_NO_ECC_ATTR.ram/CLKARDCLK
Min Period        n/a     RAMB36E1/CLKBWRCLK  n/a            2.576         20.000      17.424     RAMB36_X3Y24    ip_integrator_i/memgen_dram/U0/inst_blk_mem_gen/gnbram.gnative_mem_map_bmg.native_mem_map_blk_mem_gen/valid.cstr/ramloop[0].ram.r/prim_noinit.ram/DEVICE_7SERIES.WITH_BMM_INFO.TRUE_DP.SIMPLE_PRIM36.TDP_SP36_NO_ECC_ATTR.ram/CLKBWRCLK
Min Period        n/a     RAMB36E1/CLKARDCLK  n/a            2.576         20.000      17.424     RAMB36_X3Y23    ip_integrator_i/memgen_dram/U0/inst_blk_mem_gen/gnbram.gnative_mem_map_bmg.native_mem_map_blk_mem_gen/valid.cstr/ramloop[1].ram.r/prim_noinit.ram/DEVICE_7SERIES.WITH_BMM_INFO.TRUE_DP.SIMPLE_PRIM36.TDP_SP36_NO_ECC_ATTR.ram/CLKARDCLK
Min Period        n/a     RAMB36E1/CLKBWRCLK  n/a            2.576         20.000      17.424     RAMB36_X3Y23    ip_integrator_i/memgen_dram/U0/inst_blk_mem_gen/gnbram.gnative_mem_map_bmg.native_mem_map_blk_mem_gen/valid.cstr/ramloop[1].ram.r/prim_noinit.ram/DEVICE_7SERIES.WITH_BMM_INFO.TRUE_DP.SIMPLE_PRIM36.TDP_SP36_NO_ECC_ATTR.ram/CLKBWRCLK
Min Period        n/a     RAMB36E1/CLKARDCLK  n/a            2.576         20.000      17.424     RAMB36_X3Y21    ip_integrator_i/memgen_iram/U0/inst_blk_mem_gen/gnbram.gnative_mem_map_bmg.native_mem_map_blk_mem_gen/valid.cstr/ramloop[0].ram.r/prim_noinit.ram/DEVICE_7SERIES.WITH_BMM_INFO.TRUE_DP.SIMPLE_PRIM36.TDP_SP36_NO_ECC_ATTR.ram/CLKARDCLK
Min Period        n/a     RAMB36E1/CLKBWRCLK  n/a            2.576         20.000      17.424     RAMB36_X3Y21    ip_integrator_i/memgen_iram/U0/inst_blk_mem_gen/gnbram.gnative_mem_map_bmg.native_mem_map_blk_mem_gen/valid.cstr/ramloop[0].ram.r/prim_noinit.ram/DEVICE_7SERIES.WITH_BMM_INFO.TRUE_DP.SIMPLE_PRIM36.TDP_SP36_NO_ECC_ATTR.ram/CLKBWRCLK
Min Period        n/a     RAMB36E1/CLKARDCLK  n/a            2.576         20.000      17.424     RAMB36_X3Y22    ip_integrator_i/memgen_iram/U0/inst_blk_mem_gen/gnbram.gnative_mem_map_bmg.native_mem_map_blk_mem_gen/valid.cstr/ramloop[1].ram.r/prim_noinit.ram/DEVICE_7SERIES.WITH_BMM_INFO.TRUE_DP.SIMPLE_PRIM36.TDP_SP36_NO_ECC_ATTR.ram/CLKARDCLK
Min Period        n/a     RAMB36E1/CLKBWRCLK  n/a            2.576         20.000      17.424     RAMB36_X3Y22    ip_integrator_i/memgen_iram/U0/inst_blk_mem_gen/gnbram.gnative_mem_map_bmg.native_mem_map_blk_mem_gen/valid.cstr/ramloop[1].ram.r/prim_noinit.ram/DEVICE_7SERIES.WITH_BMM_INFO.TRUE_DP.SIMPLE_PRIM36.TDP_SP36_NO_ECC_ATTR.ram/CLKBWRCLK
Min Period        n/a     BUFG/I              n/a            2.155         20.000      17.845     BUFGCTRL_X0Y16  ip_integrator_i/processing_system7_0/inst/buffer_fclk_clk_0.FCLK_CLK_0_BUFG/I
Min Period        n/a     FDRE/C              n/a            1.000         20.000      19.000     SLICE_X41Y115   ip_integrator_i/axi_gpio_0/U0/ip2bus_data_i_D1_reg[0]/C
Low Pulse Width   Slow    RAMD32/CLK          n/a            1.250         10.000      8.750      SLICE_X54Y108   ip_integrator_i/rv_sc_ip_0/inst/u_regfile/regs_reg_r1_0_31_0_5/RAMA/CLK
Low Pulse Width   Fast    RAMD32/CLK          n/a            1.250         10.000      8.750      SLICE_X54Y108   ip_integrator_i/rv_sc_ip_0/inst/u_regfile/regs_reg_r1_0_31_0_5/RAMA/CLK
Low Pulse Width   Slow    RAMD32/CLK          n/a            1.250         10.000      8.750      SLICE_X54Y108   ip_integrator_i/rv_sc_ip_0/inst/u_regfile/regs_reg_r1_0_31_0_5/RAMA_D1/CLK
Low Pulse Width   Fast    RAMD32/CLK          n/a            1.250         10.000      8.750      SLICE_X54Y108   ip_integrator_i/rv_sc_ip_0/inst/u_regfile/regs_reg_r1_0_31_0_5/RAMA_D1/CLK
Low Pulse Width   Slow    RAMD32/CLK          n/a            1.250         10.000      8.750      SLICE_X54Y108   ip_integrator_i/rv_sc_ip_0/inst/u_regfile/regs_reg_r1_0_31_0_5/RAMB/CLK
Low Pulse Width   Fast    RAMD32/CLK          n/a            1.250         10.000      8.750      SLICE_X54Y108   ip_integrator_i/rv_sc_ip_0/inst/u_regfile/regs_reg_r1_0_31_0_5/RAMB/CLK
Low Pulse Width   Slow    RAMD32/CLK          n/a            1.250         10.000      8.750      SLICE_X54Y108   ip_integrator_i/rv_sc_ip_0/inst/u_regfile/regs_reg_r1_0_31_0_5/RAMB_D1/CLK
Low Pulse Width   Fast    RAMD32/CLK          n/a            1.250         10.000      8.750      SLICE_X54Y108   ip_integrator_i/rv_sc_ip_0/inst/u_regfile/regs_reg_r1_0_31_0_5/RAMB_D1/CLK
Low Pulse Width   Slow    RAMD32/CLK          n/a            1.250         10.000      8.750      SLICE_X54Y108   ip_integrator_i/rv_sc_ip_0/inst/u_regfile/regs_reg_r1_0_31_0_5/RAMC/CLK
Low Pulse Width   Fast    RAMD32/CLK          n/a            1.250         10.000      8.750      SLICE_X54Y108   ip_integrator_i/rv_sc_ip_0/inst/u_regfile/regs_reg_r1_0_31_0_5/RAMC/CLK
High Pulse Width  Slow    RAMD32/CLK          n/a            1.250         10.000      8.750      SLICE_X54Y108   ip_integrator_i/rv_sc_ip_0/inst/u_regfile/regs_reg_r1_0_31_0_5/RAMA/CLK
High Pulse Width  Fast    RAMD32/CLK          n/a            1.250         10.000      8.750      SLICE_X54Y108   ip_integrator_i/rv_sc_ip_0/inst/u_regfile/regs_reg_r1_0_31_0_5/RAMA/CLK
High Pulse Width  Slow    RAMD32/CLK          n/a            1.250         10.000      8.750      SLICE_X54Y108   ip_integrator_i/rv_sc_ip_0/inst/u_regfile/regs_reg_r1_0_31_0_5/RAMA_D1/CLK
High Pulse Width  Fast    RAMD32/CLK          n/a            1.250         10.000      8.750      SLICE_X54Y108   ip_integrator_i/rv_sc_ip_0/inst/u_regfile/regs_reg_r1_0_31_0_5/RAMA_D1/CLK
High Pulse Width  Slow    RAMD32/CLK          n/a            1.250         10.000      8.750      SLICE_X54Y108   ip_integrator_i/rv_sc_ip_0/inst/u_regfile/regs_reg_r1_0_31_0_5/RAMB/CLK
High Pulse Width  Fast    RAMD32/CLK          n/a            1.250         10.000      8.750      SLICE_X54Y108   ip_integrator_i/rv_sc_ip_0/inst/u_regfile/regs_reg_r1_0_31_0_5/RAMB/CLK
High Pulse Width  Slow    RAMD32/CLK          n/a            1.250         10.000      8.750      SLICE_X54Y108   ip_integrator_i/rv_sc_ip_0/inst/u_regfile/regs_reg_r1_0_31_0_5/RAMB_D1/CLK
High Pulse Width  Fast    RAMD32/CLK          n/a            1.250         10.000      8.750      SLICE_X54Y108   ip_integrator_i/rv_sc_ip_0/inst/u_regfile/regs_reg_r1_0_31_0_5/RAMB_D1/CLK
High Pulse Width  Slow    RAMD32/CLK          n/a            1.250         10.000      8.750      SLICE_X54Y108   ip_integrator_i/rv_sc_ip_0/inst/u_regfile/regs_reg_r1_0_31_0_5/RAMC/CLK
High Pulse Width  Fast    RAMD32/CLK          n/a            1.250         10.000      8.750      SLICE_X54Y108   ip_integrator_i/rv_sc_ip_0/inst/u_regfile/regs_reg_r1_0_31_0_5/RAMC/CLK



--------------------------------------------------------------------------------------
Path Group:  (none)
From Clock:  
  To Clock:  clk_fpga_0

Max Delay             1 Endpoint
Min Delay             1 Endpoint
--------------------------------------------------------------------------------------


Max Delay Paths
--------------------------------------------------------------------------------------
Slack:                    inf
  Source:                 ip_integrator_i/processing_system7_0/inst/PS7_i/FCLKRESETN[0]
                            (internal pin)
  Destination:            ip_integrator_i/proc_sys_reset_0/U0/EXT_LPF/ACTIVE_LOW_EXT.ACT_LO_EXT/GENERATE_LEVEL_P_S_CDC.SINGLE_BIT.CROSS_PLEVEL_IN2SCNDRY_IN_cdc_to/D
                            (rising edge-triggered cell FDRE clocked by clk_fpga_0  {rise@0.000ns fall@10.000ns period=20.000ns})
  Path Group:             (none)
  Path Type:              Setup (Max at Slow Process Corner)
  Data Path Delay:        2.257ns  (logic 0.124ns (5.495%)  route 2.133ns (94.505%))
  Logic Levels:           1  (LUT1=1)
  Clock Uncertainty:      0.301ns  ((TSJ^2 + TIJ^2)^1/2 + DJ) / 2 + PE
    Total System Jitter     (TSJ):    0.050ns
    Total Input Jitter      (TIJ):    0.600ns
    Discrete Jitter          (DJ):    0.000ns
    Phase Error              (PE):    0.000ns
  Timing Exception:       False Path

    Location             Delay type                Incr(ns)  Path(ns)    Netlist Resource(s)
  -------------------------------------------------------------------    -------------------
    PS7_X0Y0             PS7                          0.000     0.000 f  ip_integrator_i/processing_system7_0/inst/PS7_i/FCLKRESETN[0]
                         net (fo=1, routed)           2.133     2.133    ip_integrator_i/proc_sys_reset_0/U0/EXT_LPF/ACTIVE_LOW_EXT.ACT_LO_EXT/ext_reset_in
    SLICE_X62Y80         LUT1 (Prop_lut1_I0_O)        0.124     2.257 r  ip_integrator_i/proc_sys_reset_0/U0/EXT_LPF/ACTIVE_LOW_EXT.ACT_LO_EXT/GENERATE_LEVEL_P_S_CDC.SINGLE_BIT.CROSS_PLEVEL_IN2SCNDRY_IN_cdc_to_i_1/O
                         net (fo=1, routed)           0.000     2.257    ip_integrator_i/proc_sys_reset_0/U0/EXT_LPF/ACTIVE_LOW_EXT.ACT_LO_EXT/exr_d1
    SLICE_X62Y80         FDRE                                         r  ip_integrator_i/proc_sys_reset_0/U0/EXT_LPF/ACTIVE_LOW_EXT.ACT_LO_EXT/GENERATE_LEVEL_P_S_CDC.SINGLE_BIT.CROSS_PLEVEL_IN2SCNDRY_IN_cdc_to/D
  -------------------------------------------------------------------    -------------------

                         (clock clk_fpga_0 rise edge)
                                                      0.000     0.000 r  
    PS7_X0Y0             PS7                          0.000     0.000 r  ip_integrator_i/processing_system7_0/inst/PS7_i/FCLKCLK[0]
                         net (fo=1, routed)           1.088     1.088    ip_integrator_i/processing_system7_0/inst/FCLK_CLK_unbuffered[0]
    BUFGCTRL_X0Y16       BUFG (Prop_bufg_I_O)         0.091     1.179 r  ip_integrator_i/processing_system7_0/inst/buffer_fclk_clk_0.FCLK_CLK_0_BUFG/O
                         net (fo=6362, routed)        1.529     2.708    ip_integrator_i/proc_sys_reset_0/U0/EXT_LPF/ACTIVE_LOW_EXT.ACT_LO_EXT/slowest_sync_clk
    SLICE_X62Y80         FDRE                                         r  ip_integrator_i/proc_sys_reset_0/U0/EXT_LPF/ACTIVE_LOW_EXT.ACT_LO_EXT/GENERATE_LEVEL_P_S_CDC.SINGLE_BIT.CROSS_PLEVEL_IN2SCNDRY_IN_cdc_to/C





Min Delay Paths
--------------------------------------------------------------------------------------
Slack:                    inf
  Source:                 ip_integrator_i/processing_system7_0/inst/PS7_i/FCLKRESETN[0]
                            (internal pin)
  Destination:            ip_integrator_i/proc_sys_reset_0/U0/EXT_LPF/ACTIVE_LOW_EXT.ACT_LO_EXT/GENERATE_LEVEL_P_S_CDC.SINGLE_BIT.CROSS_PLEVEL_IN2SCNDRY_IN_cdc_to/D
                            (rising edge-triggered cell FDRE clocked by clk_fpga_0  {rise@0.000ns fall@10.000ns period=20.000ns})
  Path Group:             (none)
  Path Type:              Hold (Min at Fast Process Corner)
  Data Path Delay:        0.879ns  (logic 0.045ns (5.121%)  route 0.834ns (94.879%))
  Logic Levels:           1  (LUT1=1)
  Clock Uncertainty:      0.301ns  ((TSJ^2 + TIJ^2)^1/2 + DJ) / 2 + PE
    Total System Jitter     (TSJ):    0.050ns
    Total Input Jitter      (TIJ):    0.600ns
    Discrete Jitter          (DJ):    0.000ns
    Phase Error              (PE):    0.000ns
  Timing Exception:       False Path

    Location             Delay type                Incr(ns)  Path(ns)    Netlist Resource(s)
  -------------------------------------------------------------------    -------------------
    PS7_X0Y0             PS7                          0.000     0.000 f  ip_integrator_i/processing_system7_0/inst/PS7_i/FCLKRESETN[0]
                         net (fo=1, routed)           0.834     0.834    ip_integrator_i/proc_sys_reset_0/U0/EXT_LPF/ACTIVE_LOW_EXT.ACT_LO_EXT/ext_reset_in
    SLICE_X62Y80         LUT1 (Prop_lut1_I0_O)        0.045     0.879 r  ip_integrator_i/proc_sys_reset_0/U0/EXT_LPF/ACTIVE_LOW_EXT.ACT_LO_EXT/GENERATE_LEVEL_P_S_CDC.SINGLE_BIT.CROSS_PLEVEL_IN2SCNDRY_IN_cdc_to_i_1/O
                         net (fo=1, routed)           0.000     0.879    ip_integrator_i/proc_sys_reset_0/U0/EXT_LPF/ACTIVE_LOW_EXT.ACT_LO_EXT/exr_d1
    SLICE_X62Y80         FDRE                                         r  ip_integrator_i/proc_sys_reset_0/U0/EXT_LPF/ACTIVE_LOW_EXT.ACT_LO_EXT/GENERATE_LEVEL_P_S_CDC.SINGLE_BIT.CROSS_PLEVEL_IN2SCNDRY_IN_cdc_to/D
  -------------------------------------------------------------------    -------------------

                         (clock clk_fpga_0 rise edge)
                                                      0.000     0.000 r  
    PS7_X0Y0             PS7                          0.000     0.000 r  ip_integrator_i/processing_system7_0/inst/PS7_i/FCLKCLK[0]
                         net (fo=1, routed)           0.337     0.337    ip_integrator_i/processing_system7_0/inst/FCLK_CLK_unbuffered[0]
    BUFGCTRL_X0Y16       BUFG (Prop_bufg_I_O)         0.029     0.366 r  ip_integrator_i/processing_system7_0/inst/buffer_fclk_clk_0.FCLK_CLK_0_BUFG/O
                         net (fo=6362, routed)        0.838     1.204    ip_integrator_i/proc_sys_reset_0/U0/EXT_LPF/ACTIVE_LOW_EXT.ACT_LO_EXT/slowest_sync_clk
    SLICE_X62Y80         FDRE                                         r  ip_integrator_i/proc_sys_reset_0/U0/EXT_LPF/ACTIVE_LOW_EXT.ACT_LO_EXT/GENERATE_LEVEL_P_S_CDC.SINGLE_BIT.CROSS_PLEVEL_IN2SCNDRY_IN_cdc_to/C





--------------------------------------------------------------------------------------
Path Group:  (none)
From Clock:  clk_fpga_0
  To Clock:  clk_fpga_0

Max Delay            79 Endpoints
Min Delay            79 Endpoints
--------------------------------------------------------------------------------------


Max Delay Paths
--------------------------------------------------------------------------------------
Slack:                    inf
  Source:                 ip_integrator_i/smartconnect_0/inst/clk_map/psr_aclk/U0/ACTIVE_LOW_BSR_OUT_DFF[0].FDRE_BSR_N/C
                            (rising edge-triggered cell FDRE clocked by clk_fpga_0  {rise@0.000ns fall@10.000ns period=20.000ns})
  Destination:            ip_integrator_i/smartconnect_0/inst/m00_nodes/m00_b_node/inst/s_sc_xpm_cdc_async_rst_inst/arststages_ff_reg[0]/CLR
                            (recovery check against rising-edge clock clk_fpga_0  {rise@0.000ns fall@10.000ns period=20.000ns})
  Path Group:             (none)
  Path Type:              Recovery (Max at Slow Process Corner)
  Data Path Delay:        7.780ns  (logic 0.580ns (7.455%)  route 7.200ns (92.545%))
  Logic Levels:           1  (LUT1=1)
  Clock Path Skew:        -0.125ns (DCD - SCD + CPR)
    Destination Clock Delay (DCD):    2.877ns
    Source Clock Delay      (SCD):    3.002ns
    Clock Pessimism Removal (CPR):    0.000ns
  Clock Uncertainty:      0.302ns  ((TSJ^2 + TIJ^2)^1/2 + DJ) / 2 + PE
    Total System Jitter     (TSJ):    0.071ns
    Total Input Jitter      (TIJ):    0.600ns
    Discrete Jitter          (DJ):    0.000ns
    Phase Error              (PE):    0.000ns
  Timing Exception:       False Path

    Location             Delay type                Incr(ns)  Path(ns)    Netlist Resource(s)
  -------------------------------------------------------------------    -------------------
                         (clock clk_fpga_0 rise edge)
                                                      0.000     0.000 r  
    PS7_X0Y0             PS7                          0.000     0.000 r  ip_integrator_i/processing_system7_0/inst/PS7_i/FCLKCLK[0]
                         net (fo=1, routed)           1.193     1.193    ip_integrator_i/processing_system7_0/inst/FCLK_CLK_unbuffered[0]
    BUFGCTRL_X0Y16       BUFG (Prop_bufg_I_O)         0.101     1.294 r  ip_integrator_i/processing_system7_0/inst/buffer_fclk_clk_0.FCLK_CLK_0_BUFG/O
                         net (fo=6362, routed)        1.708     3.002    ip_integrator_i/smartconnect_0/inst/clk_map/psr_aclk/U0/aclk
    SLICE_X67Y84         FDRE                                         r  ip_integrator_i/smartconnect_0/inst/clk_map/psr_aclk/U0/ACTIVE_LOW_BSR_OUT_DFF[0].FDRE_BSR_N/C
  -------------------------------------------------------------------    -------------------
    SLICE_X67Y84         FDRE (Prop_fdre_C_Q)         0.456     3.458 r  ip_integrator_i/smartconnect_0/inst/clk_map/psr_aclk/U0/ACTIVE_LOW_BSR_OUT_DFF[0].FDRE_BSR_N/Q
                         net (fo=26, routed)          6.516     9.974    ip_integrator_i/smartconnect_0/inst/m00_nodes/m00_b_node/inst/s_sc_xpm_cdc_async_rst_inst/src_arst
    SLICE_X64Y125        LUT1 (Prop_lut1_I0_O)        0.124    10.098 f  ip_integrator_i/smartconnect_0/inst/m00_nodes/m00_b_node/inst/s_sc_xpm_cdc_async_rst_inst/arststages_ff[2]_i_1/O
                         net (fo=3, routed)           0.683    10.782    ip_integrator_i/smartconnect_0/inst/m00_nodes/m00_b_node/inst/s_sc_xpm_cdc_async_rst_inst/reset_pol
    SLICE_X64Y125        FDCE                                         f  ip_integrator_i/smartconnect_0/inst/m00_nodes/m00_b_node/inst/s_sc_xpm_cdc_async_rst_inst/arststages_ff_reg[0]/CLR
  -------------------------------------------------------------------    -------------------

                         (clock clk_fpga_0 rise edge)
                                                      0.000     0.000 r  
    PS7_X0Y0             PS7                          0.000     0.000 r  ip_integrator_i/processing_system7_0/inst/PS7_i/FCLKCLK[0]
                         net (fo=1, routed)           1.088     1.088    ip_integrator_i/processing_system7_0/inst/FCLK_CLK_unbuffered[0]
    BUFGCTRL_X0Y16       BUFG (Prop_bufg_I_O)         0.091     1.179 r  ip_integrator_i/processing_system7_0/inst/buffer_fclk_clk_0.FCLK_CLK_0_BUFG/O
                         net (fo=6362, routed)        1.698     2.877    ip_integrator_i/smartconnect_0/inst/m00_nodes/m00_b_node/inst/s_sc_xpm_cdc_async_rst_inst/dest_clk
    SLICE_X64Y125        FDCE                                         r  ip_integrator_i/smartconnect_0/inst/m00_nodes/m00_b_node/inst/s_sc_xpm_cdc_async_rst_inst/arststages_ff_reg[0]/C

Slack:                    inf
  Source:                 ip_integrator_i/smartconnect_0/inst/clk_map/psr_aclk/U0/ACTIVE_LOW_BSR_OUT_DFF[0].FDRE_BSR_N/C
                            (rising edge-triggered cell FDRE clocked by clk_fpga_0  {rise@0.000ns fall@10.000ns period=20.000ns})
  Destination:            ip_integrator_i/smartconnect_0/inst/m00_nodes/m00_b_node/inst/s_sc_xpm_cdc_async_rst_inst/arststages_ff_reg[1]/CLR
                            (recovery check against rising-edge clock clk_fpga_0  {rise@0.000ns fall@10.000ns period=20.000ns})
  Path Group:             (none)
  Path Type:              Recovery (Max at Slow Process Corner)
  Data Path Delay:        7.780ns  (logic 0.580ns (7.455%)  route 7.200ns (92.545%))
  Logic Levels:           1  (LUT1=1)
  Clock Path Skew:        -0.125ns (DCD - SCD + CPR)
    Destination Clock Delay (DCD):    2.877ns
    Source Clock Delay      (SCD):    3.002ns
    Clock Pessimism Removal (CPR):    0.000ns
  Clock Uncertainty:      0.302ns  ((TSJ^2 + TIJ^2)^1/2 + DJ) / 2 + PE
    Total System Jitter     (TSJ):    0.071ns
    Total Input Jitter      (TIJ):    0.600ns
    Discrete Jitter          (DJ):    0.000ns
    Phase Error              (PE):    0.000ns
  Timing Exception:       False Path

    Location             Delay type                Incr(ns)  Path(ns)    Netlist Resource(s)
  -------------------------------------------------------------------    -------------------
                         (clock clk_fpga_0 rise edge)
                                                      0.000     0.000 r  
    PS7_X0Y0             PS7                          0.000     0.000 r  ip_integrator_i/processing_system7_0/inst/PS7_i/FCLKCLK[0]
                         net (fo=1, routed)           1.193     1.193    ip_integrator_i/processing_system7_0/inst/FCLK_CLK_unbuffered[0]
    BUFGCTRL_X0Y16       BUFG (Prop_bufg_I_O)         0.101     1.294 r  ip_integrator_i/processing_system7_0/inst/buffer_fclk_clk_0.FCLK_CLK_0_BUFG/O
                         net (fo=6362, routed)        1.708     3.002    ip_integrator_i/smartconnect_0/inst/clk_map/psr_aclk/U0/aclk
    SLICE_X67Y84         FDRE                                         r  ip_integrator_i/smartconnect_0/inst/clk_map/psr_aclk/U0/ACTIVE_LOW_BSR_OUT_DFF[0].FDRE_BSR_N/C
  -------------------------------------------------------------------    -------------------
    SLICE_X67Y84         FDRE (Prop_fdre_C_Q)         0.456     3.458 r  ip_integrator_i/smartconnect_0/inst/clk_map/psr_aclk/U0/ACTIVE_LOW_BSR_OUT_DFF[0].FDRE_BSR_N/Q
                         net (fo=26, routed)          6.516     9.974    ip_integrator_i/smartconnect_0/inst/m00_nodes/m00_b_node/inst/s_sc_xpm_cdc_async_rst_inst/src_arst
    SLICE_X64Y125        LUT1 (Prop_lut1_I0_O)        0.124    10.098 f  ip_integrator_i/smartconnect_0/inst/m00_nodes/m00_b_node/inst/s_sc_xpm_cdc_async_rst_inst/arststages_ff[2]_i_1/O
                         net (fo=3, routed)           0.683    10.782    ip_integrator_i/smartconnect_0/inst/m00_nodes/m00_b_node/inst/s_sc_xpm_cdc_async_rst_inst/reset_pol
    SLICE_X64Y125        FDCE                                         f  ip_integrator_i/smartconnect_0/inst/m00_nodes/m00_b_node/inst/s_sc_xpm_cdc_async_rst_inst/arststages_ff_reg[1]/CLR
  -------------------------------------------------------------------    -------------------

                         (clock clk_fpga_0 rise edge)
                                                      0.000     0.000 r  
    PS7_X0Y0             PS7                          0.000     0.000 r  ip_integrator_i/processing_system7_0/inst/PS7_i/FCLKCLK[0]
                         net (fo=1, routed)           1.088     1.088    ip_integrator_i/processing_system7_0/inst/FCLK_CLK_unbuffered[0]
    BUFGCTRL_X0Y16       BUFG (Prop_bufg_I_O)         0.091     1.179 r  ip_integrator_i/processing_system7_0/inst/buffer_fclk_clk_0.FCLK_CLK_0_BUFG/O
                         net (fo=6362, routed)        1.698     2.877    ip_integrator_i/smartconnect_0/inst/m00_nodes/m00_b_node/inst/s_sc_xpm_cdc_async_rst_inst/dest_clk
    SLICE_X64Y125        FDCE                                         r  ip_integrator_i/smartconnect_0/inst/m00_nodes/m00_b_node/inst/s_sc_xpm_cdc_async_rst_inst/arststages_ff_reg[1]/C

Slack:                    inf
  Source:                 ip_integrator_i/smartconnect_0/inst/clk_map/psr_aclk/U0/ACTIVE_LOW_BSR_OUT_DFF[0].FDRE_BSR_N/C
                            (rising edge-triggered cell FDRE clocked by clk_fpga_0  {rise@0.000ns fall@10.000ns period=20.000ns})
  Destination:            ip_integrator_i/smartconnect_0/inst/m00_nodes/m00_b_node/inst/s_sc_xpm_cdc_async_rst_inst/arststages_ff_reg[2]/CLR
                            (recovery check against rising-edge clock clk_fpga_0  {rise@0.000ns fall@10.000ns period=20.000ns})
  Path Group:             (none)
  Path Type:              Recovery (Max at Slow Process Corner)
  Data Path Delay:        7.780ns  (logic 0.580ns (7.455%)  route 7.200ns (92.545%))
  Logic Levels:           1  (LUT1=1)
  Clock Path Skew:        -0.125ns (DCD - SCD + CPR)
    Destination Clock Delay (DCD):    2.877ns
    Source Clock Delay      (SCD):    3.002ns
    Clock Pessimism Removal (CPR):    0.000ns
  Clock Uncertainty:      0.302ns  ((TSJ^2 + TIJ^2)^1/2 + DJ) / 2 + PE
    Total System Jitter     (TSJ):    0.071ns
    Total Input Jitter      (TIJ):    0.600ns
    Discrete Jitter          (DJ):    0.000ns
    Phase Error              (PE):    0.000ns
  Timing Exception:       False Path

    Location             Delay type                Incr(ns)  Path(ns)    Netlist Resource(s)
  -------------------------------------------------------------------    -------------------
                         (clock clk_fpga_0 rise edge)
                                                      0.000     0.000 r  
    PS7_X0Y0             PS7                          0.000     0.000 r  ip_integrator_i/processing_system7_0/inst/PS7_i/FCLKCLK[0]
                         net (fo=1, routed)           1.193     1.193    ip_integrator_i/processing_system7_0/inst/FCLK_CLK_unbuffered[0]
    BUFGCTRL_X0Y16       BUFG (Prop_bufg_I_O)         0.101     1.294 r  ip_integrator_i/processing_system7_0/inst/buffer_fclk_clk_0.FCLK_CLK_0_BUFG/O
                         net (fo=6362, routed)        1.708     3.002    ip_integrator_i/smartconnect_0/inst/clk_map/psr_aclk/U0/aclk
    SLICE_X67Y84         FDRE                                         r  ip_integrator_i/smartconnect_0/inst/clk_map/psr_aclk/U0/ACTIVE_LOW_BSR_OUT_DFF[0].FDRE_BSR_N/C
  -------------------------------------------------------------------    -------------------
    SLICE_X67Y84         FDRE (Prop_fdre_C_Q)         0.456     3.458 r  ip_integrator_i/smartconnect_0/inst/clk_map/psr_aclk/U0/ACTIVE_LOW_BSR_OUT_DFF[0].FDRE_BSR_N/Q
                         net (fo=26, routed)          6.516     9.974    ip_integrator_i/smartconnect_0/inst/m00_nodes/m00_b_node/inst/s_sc_xpm_cdc_async_rst_inst/src_arst
    SLICE_X64Y125        LUT1 (Prop_lut1_I0_O)        0.124    10.098 f  ip_integrator_i/smartconnect_0/inst/m00_nodes/m00_b_node/inst/s_sc_xpm_cdc_async_rst_inst/arststages_ff[2]_i_1/O
                         net (fo=3, routed)           0.683    10.782    ip_integrator_i/smartconnect_0/inst/m00_nodes/m00_b_node/inst/s_sc_xpm_cdc_async_rst_inst/reset_pol
    SLICE_X64Y125        FDCE                                         f  ip_integrator_i/smartconnect_0/inst/m00_nodes/m00_b_node/inst/s_sc_xpm_cdc_async_rst_inst/arststages_ff_reg[2]/CLR
  -------------------------------------------------------------------    -------------------

                         (clock clk_fpga_0 rise edge)
                                                      0.000     0.000 r  
    PS7_X0Y0             PS7                          0.000     0.000 r  ip_integrator_i/processing_system7_0/inst/PS7_i/FCLKCLK[0]
                         net (fo=1, routed)           1.088     1.088    ip_integrator_i/processing_system7_0/inst/FCLK_CLK_unbuffered[0]
    BUFGCTRL_X0Y16       BUFG (Prop_bufg_I_O)         0.091     1.179 r  ip_integrator_i/processing_system7_0/inst/buffer_fclk_clk_0.FCLK_CLK_0_BUFG/O
                         net (fo=6362, routed)        1.698     2.877    ip_integrator_i/smartconnect_0/inst/m00_nodes/m00_b_node/inst/s_sc_xpm_cdc_async_rst_inst/dest_clk
    SLICE_X64Y125        FDCE                                         r  ip_integrator_i/smartconnect_0/inst/m00_nodes/m00_b_node/inst/s_sc_xpm_cdc_async_rst_inst/arststages_ff_reg[2]/C

Slack:                    inf
  Source:                 ip_integrator_i/smartconnect_0/inst/clk_map/psr_aclk/U0/ACTIVE_LOW_BSR_OUT_DFF[0].FDRE_BSR_N/C
                            (rising edge-triggered cell FDRE clocked by clk_fpga_0  {rise@0.000ns fall@10.000ns period=20.000ns})
  Destination:            ip_integrator_i/smartconnect_0/inst/m00_exit_pipeline/m00_exit/inst/xpm_cdc_async_rst_inst/arststages_ff_reg[0]/CLR
                            (recovery check against rising-edge clock clk_fpga_0  {rise@0.000ns fall@10.000ns period=20.000ns})
  Path Group:             (none)
  Path Type:              Recovery (Max at Slow Process Corner)
  Data Path Delay:        7.657ns  (logic 0.609ns (7.953%)  route 7.048ns (92.047%))
  Logic Levels:           1  (LUT1=1)
  Clock Path Skew:        -0.125ns (DCD - SCD + CPR)
    Destination Clock Delay (DCD):    2.877ns
    Source Clock Delay      (SCD):    3.002ns
    Clock Pessimism Removal (CPR):    0.000ns
  Clock Uncertainty:      0.302ns  ((TSJ^2 + TIJ^2)^1/2 + DJ) / 2 + PE
    Total System Jitter     (TSJ):    0.071ns
    Total Input Jitter      (TIJ):    0.600ns
    Discrete Jitter          (DJ):    0.000ns
    Phase Error              (PE):    0.000ns
  Timing Exception:       False Path

    Location             Delay type                Incr(ns)  Path(ns)    Netlist Resource(s)
  -------------------------------------------------------------------    -------------------
                         (clock clk_fpga_0 rise edge)
                                                      0.000     0.000 r  
    PS7_X0Y0             PS7                          0.000     0.000 r  ip_integrator_i/processing_system7_0/inst/PS7_i/FCLKCLK[0]
                         net (fo=1, routed)           1.193     1.193    ip_integrator_i/processing_system7_0/inst/FCLK_CLK_unbuffered[0]
    BUFGCTRL_X0Y16       BUFG (Prop_bufg_I_O)         0.101     1.294 r  ip_integrator_i/processing_system7_0/inst/buffer_fclk_clk_0.FCLK_CLK_0_BUFG/O
                         net (fo=6362, routed)        1.708     3.002    ip_integrator_i/smartconnect_0/inst/clk_map/psr_aclk/U0/aclk
    SLICE_X67Y84         FDRE                                         r  ip_integrator_i/smartconnect_0/inst/clk_map/psr_aclk/U0/ACTIVE_LOW_BSR_OUT_DFF[0].FDRE_BSR_N/C
  -------------------------------------------------------------------    -------------------
    SLICE_X67Y84         FDRE (Prop_fdre_C_Q)         0.456     3.458 r  ip_integrator_i/smartconnect_0/inst/clk_map/psr_aclk/U0/ACTIVE_LOW_BSR_OUT_DFF[0].FDRE_BSR_N/Q
                         net (fo=26, routed)          6.516     9.974    ip_integrator_i/smartconnect_0/inst/m00_exit_pipeline/m00_exit/inst/xpm_cdc_async_rst_inst/src_arst
    SLICE_X64Y125        LUT1 (Prop_lut1_I0_O)        0.153    10.127 f  ip_integrator_i/smartconnect_0/inst/m00_exit_pipeline/m00_exit/inst/xpm_cdc_async_rst_inst/arststages_ff[2]_i_1/O
                         net (fo=3, routed)           0.532    10.659    ip_integrator_i/smartconnect_0/inst/m00_exit_pipeline/m00_exit/inst/xpm_cdc_async_rst_inst/reset_pol
    SLICE_X65Y125        FDCE                                         f  ip_integrator_i/smartconnect_0/inst/m00_exit_pipeline/m00_exit/inst/xpm_cdc_async_rst_inst/arststages_ff_reg[0]/CLR
  -------------------------------------------------------------------    -------------------

                         (clock clk_fpga_0 rise edge)
                                                      0.000     0.000 r  
    PS7_X0Y0             PS7                          0.000     0.000 r  ip_integrator_i/processing_system7_0/inst/PS7_i/FCLKCLK[0]
                         net (fo=1, routed)           1.088     1.088    ip_integrator_i/processing_system7_0/inst/FCLK_CLK_unbuffered[0]
    BUFGCTRL_X0Y16       BUFG (Prop_bufg_I_O)         0.091     1.179 r  ip_integrator_i/processing_system7_0/inst/buffer_fclk_clk_0.FCLK_CLK_0_BUFG/O
                         net (fo=6362, routed)        1.698     2.877    ip_integrator_i/smartconnect_0/inst/m00_exit_pipeline/m00_exit/inst/xpm_cdc_async_rst_inst/dest_clk
    SLICE_X65Y125        FDCE                                         r  ip_integrator_i/smartconnect_0/inst/m00_exit_pipeline/m00_exit/inst/xpm_cdc_async_rst_inst/arststages_ff_reg[0]/C

Slack:                    inf
  Source:                 ip_integrator_i/smartconnect_0/inst/clk_map/psr_aclk/U0/ACTIVE_LOW_BSR_OUT_DFF[0].FDRE_BSR_N/C
                            (rising edge-triggered cell FDRE clocked by clk_fpga_0  {rise@0.000ns fall@10.000ns period=20.000ns})
  Destination:            ip_integrator_i/smartconnect_0/inst/m00_exit_pipeline/m00_exit/inst/xpm_cdc_async_rst_inst/arststages_ff_reg[1]/CLR
                            (recovery check against rising-edge clock clk_fpga_0  {rise@0.000ns fall@10.000ns period=20.000ns})
  Path Group:             (none)
  Path Type:              Recovery (Max at Slow Process Corner)
  Data Path Delay:        7.657ns  (logic 0.609ns (7.953%)  route 7.048ns (92.047%))
  Logic Levels:           1  (LUT1=1)
  Clock Path Skew:        -0.125ns (DCD - SCD + CPR)
    Destination Clock Delay (DCD):    2.877ns
    Source Clock Delay      (SCD):    3.002ns
    Clock Pessimism Removal (CPR):    0.000ns
  Clock Uncertainty:      0.302ns  ((TSJ^2 + TIJ^2)^1/2 + DJ) / 2 + PE
    Total System Jitter     (TSJ):    0.071ns
    Total Input Jitter      (TIJ):    0.600ns
    Discrete Jitter          (DJ):    0.000ns
    Phase Error              (PE):    0.000ns
  Timing Exception:       False Path

    Location             Delay type                Incr(ns)  Path(ns)    Netlist Resource(s)
  -------------------------------------------------------------------    -------------------
                         (clock clk_fpga_0 rise edge)
                                                      0.000     0.000 r  
    PS7_X0Y0             PS7                          0.000     0.000 r  ip_integrator_i/processing_system7_0/inst/PS7_i/FCLKCLK[0]
                         net (fo=1, routed)           1.193     1.193    ip_integrator_i/processing_system7_0/inst/FCLK_CLK_unbuffered[0]
    BUFGCTRL_X0Y16       BUFG (Prop_bufg_I_O)         0.101     1.294 r  ip_integrator_i/processing_system7_0/inst/buffer_fclk_clk_0.FCLK_CLK_0_BUFG/O
                         net (fo=6362, routed)        1.708     3.002    ip_integrator_i/smartconnect_0/inst/clk_map/psr_aclk/U0/aclk
    SLICE_X67Y84         FDRE                                         r  ip_integrator_i/smartconnect_0/inst/clk_map/psr_aclk/U0/ACTIVE_LOW_BSR_OUT_DFF[0].FDRE_BSR_N/C
  -------------------------------------------------------------------    -------------------
    SLICE_X67Y84         FDRE (Prop_fdre_C_Q)         0.456     3.458 r  ip_integrator_i/smartconnect_0/inst/clk_map/psr_aclk/U0/ACTIVE_LOW_BSR_OUT_DFF[0].FDRE_BSR_N/Q
                         net (fo=26, routed)          6.516     9.974    ip_integrator_i/smartconnect_0/inst/m00_exit_pipeline/m00_exit/inst/xpm_cdc_async_rst_inst/src_arst
    SLICE_X64Y125        LUT1 (Prop_lut1_I0_O)        0.153    10.127 f  ip_integrator_i/smartconnect_0/inst/m00_exit_pipeline/m00_exit/inst/xpm_cdc_async_rst_inst/arststages_ff[2]_i_1/O
                         net (fo=3, routed)           0.532    10.659    ip_integrator_i/smartconnect_0/inst/m00_exit_pipeline/m00_exit/inst/xpm_cdc_async_rst_inst/reset_pol
    SLICE_X65Y125        FDCE                                         f  ip_integrator_i/smartconnect_0/inst/m00_exit_pipeline/m00_exit/inst/xpm_cdc_async_rst_inst/arststages_ff_reg[1]/CLR
  -------------------------------------------------------------------    -------------------

                         (clock clk_fpga_0 rise edge)
                                                      0.000     0.000 r  
    PS7_X0Y0             PS7                          0.000     0.000 r  ip_integrator_i/processing_system7_0/inst/PS7_i/FCLKCLK[0]
                         net (fo=1, routed)           1.088     1.088    ip_integrator_i/processing_system7_0/inst/FCLK_CLK_unbuffered[0]
    BUFGCTRL_X0Y16       BUFG (Prop_bufg_I_O)         0.091     1.179 r  ip_integrator_i/processing_system7_0/inst/buffer_fclk_clk_0.FCLK_CLK_0_BUFG/O
                         net (fo=6362, routed)        1.698     2.877    ip_integrator_i/smartconnect_0/inst/m00_exit_pipeline/m00_exit/inst/xpm_cdc_async_rst_inst/dest_clk
    SLICE_X65Y125        FDCE                                         r  ip_integrator_i/smartconnect_0/inst/m00_exit_pipeline/m00_exit/inst/xpm_cdc_async_rst_inst/arststages_ff_reg[1]/C

Slack:                    inf
  Source:                 ip_integrator_i/smartconnect_0/inst/clk_map/psr_aclk/U0/ACTIVE_LOW_BSR_OUT_DFF[0].FDRE_BSR_N/C
                            (rising edge-triggered cell FDRE clocked by clk_fpga_0  {rise@0.000ns fall@10.000ns period=20.000ns})
  Destination:            ip_integrator_i/smartconnect_0/inst/m00_exit_pipeline/m00_exit/inst/xpm_cdc_async_rst_inst/arststages_ff_reg[2]/CLR
                            (recovery check against rising-edge clock clk_fpga_0  {rise@0.000ns fall@10.000ns period=20.000ns})
  Path Group:             (none)
  Path Type:              Recovery (Max at Slow Process Corner)
  Data Path Delay:        7.657ns  (logic 0.609ns (7.953%)  route 7.048ns (92.047%))
  Logic Levels:           1  (LUT1=1)
  Clock Path Skew:        -0.125ns (DCD - SCD + CPR)
    Destination Clock Delay (DCD):    2.877ns
    Source Clock Delay      (SCD):    3.002ns
    Clock Pessimism Removal (CPR):    0.000ns
  Clock Uncertainty:      0.302ns  ((TSJ^2 + TIJ^2)^1/2 + DJ) / 2 + PE
    Total System Jitter     (TSJ):    0.071ns
    Total Input Jitter      (TIJ):    0.600ns
    Discrete Jitter          (DJ):    0.000ns
    Phase Error              (PE):    0.000ns
  Timing Exception:       False Path

    Location             Delay type                Incr(ns)  Path(ns)    Netlist Resource(s)
  -------------------------------------------------------------------    -------------------
                         (clock clk_fpga_0 rise edge)
                                                      0.000     0.000 r  
    PS7_X0Y0             PS7                          0.000     0.000 r  ip_integrator_i/processing_system7_0/inst/PS7_i/FCLKCLK[0]
                         net (fo=1, routed)           1.193     1.193    ip_integrator_i/processing_system7_0/inst/FCLK_CLK_unbuffered[0]
    BUFGCTRL_X0Y16       BUFG (Prop_bufg_I_O)         0.101     1.294 r  ip_integrator_i/processing_system7_0/inst/buffer_fclk_clk_0.FCLK_CLK_0_BUFG/O
                         net (fo=6362, routed)        1.708     3.002    ip_integrator_i/smartconnect_0/inst/clk_map/psr_aclk/U0/aclk
    SLICE_X67Y84         FDRE                                         r  ip_integrator_i/smartconnect_0/inst/clk_map/psr_aclk/U0/ACTIVE_LOW_BSR_OUT_DFF[0].FDRE_BSR_N/C
  -------------------------------------------------------------------    -------------------
    SLICE_X67Y84         FDRE (Prop_fdre_C_Q)         0.456     3.458 r  ip_integrator_i/smartconnect_0/inst/clk_map/psr_aclk/U0/ACTIVE_LOW_BSR_OUT_DFF[0].FDRE_BSR_N/Q
                         net (fo=26, routed)          6.516     9.974    ip_integrator_i/smartconnect_0/inst/m00_exit_pipeline/m00_exit/inst/xpm_cdc_async_rst_inst/src_arst
    SLICE_X64Y125        LUT1 (Prop_lut1_I0_O)        0.153    10.127 f  ip_integrator_i/smartconnect_0/inst/m00_exit_pipeline/m00_exit/inst/xpm_cdc_async_rst_inst/arststages_ff[2]_i_1/O
                         net (fo=3, routed)           0.532    10.659    ip_integrator_i/smartconnect_0/inst/m00_exit_pipeline/m00_exit/inst/xpm_cdc_async_rst_inst/reset_pol
    SLICE_X65Y125        FDCE                                         f  ip_integrator_i/smartconnect_0/inst/m00_exit_pipeline/m00_exit/inst/xpm_cdc_async_rst_inst/arststages_ff_reg[2]/CLR
  -------------------------------------------------------------------    -------------------

                         (clock clk_fpga_0 rise edge)
                                                      0.000     0.000 r  
    PS7_X0Y0             PS7                          0.000     0.000 r  ip_integrator_i/processing_system7_0/inst/PS7_i/FCLKCLK[0]
                         net (fo=1, routed)           1.088     1.088    ip_integrator_i/processing_system7_0/inst/FCLK_CLK_unbuffered[0]
    BUFGCTRL_X0Y16       BUFG (Prop_bufg_I_O)         0.091     1.179 r  ip_integrator_i/processing_system7_0/inst/buffer_fclk_clk_0.FCLK_CLK_0_BUFG/O
                         net (fo=6362, routed)        1.698     2.877    ip_integrator_i/smartconnect_0/inst/m00_exit_pipeline/m00_exit/inst/xpm_cdc_async_rst_inst/dest_clk
    SLICE_X65Y125        FDCE                                         r  ip_integrator_i/smartconnect_0/inst/m00_exit_pipeline/m00_exit/inst/xpm_cdc_async_rst_inst/arststages_ff_reg[2]/C

Slack:                    inf
  Source:                 ip_integrator_i/smartconnect_0/inst/clk_map/psr_aclk/U0/ACTIVE_LOW_BSR_OUT_DFF[0].FDRE_BSR_N/C
                            (rising edge-triggered cell FDRE clocked by clk_fpga_0  {rise@0.000ns fall@10.000ns period=20.000ns})
  Destination:            ip_integrator_i/smartconnect_0/inst/m02_nodes/m02_b_node/inst/s_sc_xpm_cdc_async_rst_inst/arststages_ff_reg[0]/CLR
                            (recovery check against rising-edge clock clk_fpga_0  {rise@0.000ns fall@10.000ns period=20.000ns})
  Path Group:             (none)
  Path Type:              Recovery (Max at Slow Process Corner)
  Data Path Delay:        7.048ns  (logic 0.610ns (8.656%)  route 6.438ns (91.344%))
  Logic Levels:           1  (LUT1=1)
  Clock Path Skew:        -0.194ns (DCD - SCD + CPR)
    Destination Clock Delay (DCD):    2.808ns
    Source Clock Delay      (SCD):    3.002ns
    Clock Pessimism Removal (CPR):    0.000ns
  Clock Uncertainty:      0.302ns  ((TSJ^2 + TIJ^2)^1/2 + DJ) / 2 + PE
    Total System Jitter     (TSJ):    0.071ns
    Total Input Jitter      (TIJ):    0.600ns
    Discrete Jitter          (DJ):    0.000ns
    Phase Error              (PE):    0.000ns
  Timing Exception:       False Path

    Location             Delay type                Incr(ns)  Path(ns)    Netlist Resource(s)
  -------------------------------------------------------------------    -------------------
                         (clock clk_fpga_0 rise edge)
                                                      0.000     0.000 r  
    PS7_X0Y0             PS7                          0.000     0.000 r  ip_integrator_i/processing_system7_0/inst/PS7_i/FCLKCLK[0]
                         net (fo=1, routed)           1.193     1.193    ip_integrator_i/processing_system7_0/inst/FCLK_CLK_unbuffered[0]
    BUFGCTRL_X0Y16       BUFG (Prop_bufg_I_O)         0.101     1.294 r  ip_integrator_i/processing_system7_0/inst/buffer_fclk_clk_0.FCLK_CLK_0_BUFG/O
                         net (fo=6362, routed)        1.708     3.002    ip_integrator_i/smartconnect_0/inst/clk_map/psr_aclk/U0/aclk
    SLICE_X67Y84         FDRE                                         r  ip_integrator_i/smartconnect_0/inst/clk_map/psr_aclk/U0/ACTIVE_LOW_BSR_OUT_DFF[0].FDRE_BSR_N/C
  -------------------------------------------------------------------    -------------------
    SLICE_X67Y84         FDRE (Prop_fdre_C_Q)         0.456     3.458 r  ip_integrator_i/smartconnect_0/inst/clk_map/psr_aclk/U0/ACTIVE_LOW_BSR_OUT_DFF[0].FDRE_BSR_N/Q
                         net (fo=26, routed)          5.805     9.263    ip_integrator_i/smartconnect_0/inst/m02_nodes/m02_b_node/inst/s_sc_xpm_cdc_async_rst_inst/src_arst
    SLICE_X51Y129        LUT1 (Prop_lut1_I0_O)        0.154     9.417 f  ip_integrator_i/smartconnect_0/inst/m02_nodes/m02_b_node/inst/s_sc_xpm_cdc_async_rst_inst/arststages_ff[2]_i_1/O
                         net (fo=3, routed)           0.632    10.050    ip_integrator_i/smartconnect_0/inst/m02_nodes/m02_b_node/inst/s_sc_xpm_cdc_async_rst_inst/reset_pol
    SLICE_X51Y129        FDCE                                         f  ip_integrator_i/smartconnect_0/inst/m02_nodes/m02_b_node/inst/s_sc_xpm_cdc_async_rst_inst/arststages_ff_reg[0]/CLR
  -------------------------------------------------------------------    -------------------

                         (clock clk_fpga_0 rise edge)
                                                      0.000     0.000 r  
    PS7_X0Y0             PS7                          0.000     0.000 r  ip_integrator_i/processing_system7_0/inst/PS7_i/FCLKCLK[0]
                         net (fo=1, routed)           1.088     1.088    ip_integrator_i/processing_system7_0/inst/FCLK_CLK_unbuffered[0]
    BUFGCTRL_X0Y16       BUFG (Prop_bufg_I_O)         0.091     1.179 r  ip_integrator_i/processing_system7_0/inst/buffer_fclk_clk_0.FCLK_CLK_0_BUFG/O
                         net (fo=6362, routed)        1.629     2.808    ip_integrator_i/smartconnect_0/inst/m02_nodes/m02_b_node/inst/s_sc_xpm_cdc_async_rst_inst/dest_clk
    SLICE_X51Y129        FDCE                                         r  ip_integrator_i/smartconnect_0/inst/m02_nodes/m02_b_node/inst/s_sc_xpm_cdc_async_rst_inst/arststages_ff_reg[0]/C

Slack:                    inf
  Source:                 ip_integrator_i/smartconnect_0/inst/clk_map/psr_aclk/U0/ACTIVE_LOW_BSR_OUT_DFF[0].FDRE_BSR_N/C
                            (rising edge-triggered cell FDRE clocked by clk_fpga_0  {rise@0.000ns fall@10.000ns period=20.000ns})
  Destination:            ip_integrator_i/smartconnect_0/inst/m02_nodes/m02_b_node/inst/s_sc_xpm_cdc_async_rst_inst/arststages_ff_reg[1]/CLR
                            (recovery check against rising-edge clock clk_fpga_0  {rise@0.000ns fall@10.000ns period=20.000ns})
  Path Group:             (none)
  Path Type:              Recovery (Max at Slow Process Corner)
  Data Path Delay:        7.048ns  (logic 0.610ns (8.656%)  route 6.438ns (91.344%))
  Logic Levels:           1  (LUT1=1)
  Clock Path Skew:        -0.194ns (DCD - SCD + CPR)
    Destination Clock Delay (DCD):    2.808ns
    Source Clock Delay      (SCD):    3.002ns
    Clock Pessimism Removal (CPR):    0.000ns
  Clock Uncertainty:      0.302ns  ((TSJ^2 + TIJ^2)^1/2 + DJ) / 2 + PE
    Total System Jitter     (TSJ):    0.071ns
    Total Input Jitter      (TIJ):    0.600ns
    Discrete Jitter          (DJ):    0.000ns
    Phase Error              (PE):    0.000ns
  Timing Exception:       False Path

    Location             Delay type                Incr(ns)  Path(ns)    Netlist Resource(s)
  -------------------------------------------------------------------    -------------------
                         (clock clk_fpga_0 rise edge)
                                                      0.000     0.000 r  
    PS7_X0Y0             PS7                          0.000     0.000 r  ip_integrator_i/processing_system7_0/inst/PS7_i/FCLKCLK[0]
                         net (fo=1, routed)           1.193     1.193    ip_integrator_i/processing_system7_0/inst/FCLK_CLK_unbuffered[0]
    BUFGCTRL_X0Y16       BUFG (Prop_bufg_I_O)         0.101     1.294 r  ip_integrator_i/processing_system7_0/inst/buffer_fclk_clk_0.FCLK_CLK_0_BUFG/O
                         net (fo=6362, routed)        1.708     3.002    ip_integrator_i/smartconnect_0/inst/clk_map/psr_aclk/U0/aclk
    SLICE_X67Y84         FDRE                                         r  ip_integrator_i/smartconnect_0/inst/clk_map/psr_aclk/U0/ACTIVE_LOW_BSR_OUT_DFF[0].FDRE_BSR_N/C
  -------------------------------------------------------------------    -------------------
    SLICE_X67Y84         FDRE (Prop_fdre_C_Q)         0.456     3.458 r  ip_integrator_i/smartconnect_0/inst/clk_map/psr_aclk/U0/ACTIVE_LOW_BSR_OUT_DFF[0].FDRE_BSR_N/Q
                         net (fo=26, routed)          5.805     9.263    ip_integrator_i/smartconnect_0/inst/m02_nodes/m02_b_node/inst/s_sc_xpm_cdc_async_rst_inst/src_arst
    SLICE_X51Y129        LUT1 (Prop_lut1_I0_O)        0.154     9.417 f  ip_integrator_i/smartconnect_0/inst/m02_nodes/m02_b_node/inst/s_sc_xpm_cdc_async_rst_inst/arststages_ff[2]_i_1/O
                         net (fo=3, routed)           0.632    10.050    ip_integrator_i/smartconnect_0/inst/m02_nodes/m02_b_node/inst/s_sc_xpm_cdc_async_rst_inst/reset_pol
    SLICE_X51Y129        FDCE                                         f  ip_integrator_i/smartconnect_0/inst/m02_nodes/m02_b_node/inst/s_sc_xpm_cdc_async_rst_inst/arststages_ff_reg[1]/CLR
  -------------------------------------------------------------------    -------------------

                         (clock clk_fpga_0 rise edge)
                                                      0.000     0.000 r  
    PS7_X0Y0             PS7                          0.000     0.000 r  ip_integrator_i/processing_system7_0/inst/PS7_i/FCLKCLK[0]
                         net (fo=1, routed)           1.088     1.088    ip_integrator_i/processing_system7_0/inst/FCLK_CLK_unbuffered[0]
    BUFGCTRL_X0Y16       BUFG (Prop_bufg_I_O)         0.091     1.179 r  ip_integrator_i/processing_system7_0/inst/buffer_fclk_clk_0.FCLK_CLK_0_BUFG/O
                         net (fo=6362, routed)        1.629     2.808    ip_integrator_i/smartconnect_0/inst/m02_nodes/m02_b_node/inst/s_sc_xpm_cdc_async_rst_inst/dest_clk
    SLICE_X51Y129        FDCE                                         r  ip_integrator_i/smartconnect_0/inst/m02_nodes/m02_b_node/inst/s_sc_xpm_cdc_async_rst_inst/arststages_ff_reg[1]/C

Slack:                    inf
  Source:                 ip_integrator_i/smartconnect_0/inst/clk_map/psr_aclk/U0/ACTIVE_LOW_BSR_OUT_DFF[0].FDRE_BSR_N/C
                            (rising edge-triggered cell FDRE clocked by clk_fpga_0  {rise@0.000ns fall@10.000ns period=20.000ns})
  Destination:            ip_integrator_i/smartconnect_0/inst/m02_nodes/m02_b_node/inst/s_sc_xpm_cdc_async_rst_inst/arststages_ff_reg[2]/CLR
                            (recovery check against rising-edge clock clk_fpga_0  {rise@0.000ns fall@10.000ns period=20.000ns})
  Path Group:             (none)
  Path Type:              Recovery (Max at Slow Process Corner)
  Data Path Delay:        7.048ns  (logic 0.610ns (8.656%)  route 6.438ns (91.344%))
  Logic Levels:           1  (LUT1=1)
  Clock Path Skew:        -0.194ns (DCD - SCD + CPR)
    Destination Clock Delay (DCD):    2.808ns
    Source Clock Delay      (SCD):    3.002ns
    Clock Pessimism Removal (CPR):    0.000ns
  Clock Uncertainty:      0.302ns  ((TSJ^2 + TIJ^2)^1/2 + DJ) / 2 + PE
    Total System Jitter     (TSJ):    0.071ns
    Total Input Jitter      (TIJ):    0.600ns
    Discrete Jitter          (DJ):    0.000ns
    Phase Error              (PE):    0.000ns
  Timing Exception:       False Path

    Location             Delay type                Incr(ns)  Path(ns)    Netlist Resource(s)
  -------------------------------------------------------------------    -------------------
                         (clock clk_fpga_0 rise edge)
                                                      0.000     0.000 r  
    PS7_X0Y0             PS7                          0.000     0.000 r  ip_integrator_i/processing_system7_0/inst/PS7_i/FCLKCLK[0]
                         net (fo=1, routed)           1.193     1.193    ip_integrator_i/processing_system7_0/inst/FCLK_CLK_unbuffered[0]
    BUFGCTRL_X0Y16       BUFG (Prop_bufg_I_O)         0.101     1.294 r  ip_integrator_i/processing_system7_0/inst/buffer_fclk_clk_0.FCLK_CLK_0_BUFG/O
                         net (fo=6362, routed)        1.708     3.002    ip_integrator_i/smartconnect_0/inst/clk_map/psr_aclk/U0/aclk
    SLICE_X67Y84         FDRE                                         r  ip_integrator_i/smartconnect_0/inst/clk_map/psr_aclk/U0/ACTIVE_LOW_BSR_OUT_DFF[0].FDRE_BSR_N/C
  -------------------------------------------------------------------    -------------------
    SLICE_X67Y84         FDRE (Prop_fdre_C_Q)         0.456     3.458 r  ip_integrator_i/smartconnect_0/inst/clk_map/psr_aclk/U0/ACTIVE_LOW_BSR_OUT_DFF[0].FDRE_BSR_N/Q
                         net (fo=26, routed)          5.805     9.263    ip_integrator_i/smartconnect_0/inst/m02_nodes/m02_b_node/inst/s_sc_xpm_cdc_async_rst_inst/src_arst
    SLICE_X51Y129        LUT1 (Prop_lut1_I0_O)        0.154     9.417 f  ip_integrator_i/smartconnect_0/inst/m02_nodes/m02_b_node/inst/s_sc_xpm_cdc_async_rst_inst/arststages_ff[2]_i_1/O
                         net (fo=3, routed)           0.632    10.050    ip_integrator_i/smartconnect_0/inst/m02_nodes/m02_b_node/inst/s_sc_xpm_cdc_async_rst_inst/reset_pol
    SLICE_X51Y129        FDCE                                         f  ip_integrator_i/smartconnect_0/inst/m02_nodes/m02_b_node/inst/s_sc_xpm_cdc_async_rst_inst/arststages_ff_reg[2]/CLR
  -------------------------------------------------------------------    -------------------

                         (clock clk_fpga_0 rise edge)
                                                      0.000     0.000 r  
    PS7_X0Y0             PS7                          0.000     0.000 r  ip_integrator_i/processing_system7_0/inst/PS7_i/FCLKCLK[0]
                         net (fo=1, routed)           1.088     1.088    ip_integrator_i/processing_system7_0/inst/FCLK_CLK_unbuffered[0]
    BUFGCTRL_X0Y16       BUFG (Prop_bufg_I_O)         0.091     1.179 r  ip_integrator_i/processing_system7_0/inst/buffer_fclk_clk_0.FCLK_CLK_0_BUFG/O
                         net (fo=6362, routed)        1.629     2.808    ip_integrator_i/smartconnect_0/inst/m02_nodes/m02_b_node/inst/s_sc_xpm_cdc_async_rst_inst/dest_clk
    SLICE_X51Y129        FDCE                                         r  ip_integrator_i/smartconnect_0/inst/m02_nodes/m02_b_node/inst/s_sc_xpm_cdc_async_rst_inst/arststages_ff_reg[2]/C

Slack:                    inf
  Source:                 ip_integrator_i/smartconnect_0/inst/clk_map/psr_aclk/U0/ACTIVE_LOW_BSR_OUT_DFF[0].FDRE_BSR_N/C
                            (rising edge-triggered cell FDRE clocked by clk_fpga_0  {rise@0.000ns fall@10.000ns period=20.000ns})
  Destination:            ip_integrator_i/smartconnect_0/inst/m01_nodes/m01_b_node/inst/s_sc_xpm_cdc_async_rst_inst/arststages_ff_reg[0]/CLR
                            (recovery check against rising-edge clock clk_fpga_0  {rise@0.000ns fall@10.000ns period=20.000ns})
  Path Group:             (none)
  Path Type:              Recovery (Max at Slow Process Corner)
  Data Path Delay:        6.878ns  (logic 0.580ns (8.433%)  route 6.298ns (91.567%))
  Logic Levels:           1  (LUT1=1)
  Clock Path Skew:        -0.194ns (DCD - SCD + CPR)
    Destination Clock Delay (DCD):    2.808ns
    Source Clock Delay      (SCD):    3.002ns
    Clock Pessimism Removal (CPR):    0.000ns
  Clock Uncertainty:      0.302ns  ((TSJ^2 + TIJ^2)^1/2 + DJ) / 2 + PE
    Total System Jitter     (TSJ):    0.071ns
    Total Input Jitter      (TIJ):    0.600ns
    Discrete Jitter          (DJ):    0.000ns
    Phase Error              (PE):    0.000ns
  Timing Exception:       False Path

    Location             Delay type                Incr(ns)  Path(ns)    Netlist Resource(s)
  -------------------------------------------------------------------    -------------------
                         (clock clk_fpga_0 rise edge)
                                                      0.000     0.000 r  
    PS7_X0Y0             PS7                          0.000     0.000 r  ip_integrator_i/processing_system7_0/inst/PS7_i/FCLKCLK[0]
                         net (fo=1, routed)           1.193     1.193    ip_integrator_i/processing_system7_0/inst/FCLK_CLK_unbuffered[0]
    BUFGCTRL_X0Y16       BUFG (Prop_bufg_I_O)         0.101     1.294 r  ip_integrator_i/processing_system7_0/inst/buffer_fclk_clk_0.FCLK_CLK_0_BUFG/O
                         net (fo=6362, routed)        1.708     3.002    ip_integrator_i/smartconnect_0/inst/clk_map/psr_aclk/U0/aclk
    SLICE_X67Y84         FDRE                                         r  ip_integrator_i/smartconnect_0/inst/clk_map/psr_aclk/U0/ACTIVE_LOW_BSR_OUT_DFF[0].FDRE_BSR_N/C
  -------------------------------------------------------------------    -------------------
    SLICE_X67Y84         FDRE (Prop_fdre_C_Q)         0.456     3.458 r  ip_integrator_i/smartconnect_0/inst/clk_map/psr_aclk/U0/ACTIVE_LOW_BSR_OUT_DFF[0].FDRE_BSR_N/Q
                         net (fo=26, routed)          5.805     9.263    ip_integrator_i/smartconnect_0/inst/m01_nodes/m01_b_node/inst/s_sc_xpm_cdc_async_rst_inst/src_arst
    SLICE_X51Y129        LUT1 (Prop_lut1_I0_O)        0.124     9.387 f  ip_integrator_i/smartconnect_0/inst/m01_nodes/m01_b_node/inst/s_sc_xpm_cdc_async_rst_inst/arststages_ff[2]_i_1/O
                         net (fo=3, routed)           0.492     9.880    ip_integrator_i/smartconnect_0/inst/m01_nodes/m01_b_node/inst/s_sc_xpm_cdc_async_rst_inst/reset_pol
    SLICE_X52Y129        FDCE                                         f  ip_integrator_i/smartconnect_0/inst/m01_nodes/m01_b_node/inst/s_sc_xpm_cdc_async_rst_inst/arststages_ff_reg[0]/CLR
  -------------------------------------------------------------------    -------------------

                         (clock clk_fpga_0 rise edge)
                                                      0.000     0.000 r  
    PS7_X0Y0             PS7                          0.000     0.000 r  ip_integrator_i/processing_system7_0/inst/PS7_i/FCLKCLK[0]
                         net (fo=1, routed)           1.088     1.088    ip_integrator_i/processing_system7_0/inst/FCLK_CLK_unbuffered[0]
    BUFGCTRL_X0Y16       BUFG (Prop_bufg_I_O)         0.091     1.179 r  ip_integrator_i/processing_system7_0/inst/buffer_fclk_clk_0.FCLK_CLK_0_BUFG/O
                         net (fo=6362, routed)        1.629     2.808    ip_integrator_i/smartconnect_0/inst/m01_nodes/m01_b_node/inst/s_sc_xpm_cdc_async_rst_inst/dest_clk
    SLICE_X52Y129        FDCE                                         r  ip_integrator_i/smartconnect_0/inst/m01_nodes/m01_b_node/inst/s_sc_xpm_cdc_async_rst_inst/arststages_ff_reg[0]/C





Min Delay Paths
--------------------------------------------------------------------------------------
Slack:                    inf
  Source:                 ip_integrator_i/proc_sys_reset_0/U0/ACTIVE_LOW_PR_OUT_DFF[0].FDRE_PER_N/C
                            (rising edge-triggered cell FDRE clocked by clk_fpga_0  {rise@0.000ns fall@10.000ns period=20.000ns})
  Destination:            ip_integrator_i/smartconnect_0/inst/clk_map/psr_aclk/U0/EXT_LPF/ACTIVE_LOW_AUX.ACT_LO_AUX/GENERATE_LEVEL_P_S_CDC.SINGLE_BIT.CROSS_PLEVEL_IN2SCNDRY_IN_cdc_to/D
                            (rising edge-triggered cell FDRE clocked by clk_fpga_0  {rise@0.000ns fall@10.000ns period=20.000ns})
  Path Group:             (none)
  Path Type:              Hold (Min at Fast Process Corner)
  Data Path Delay:        0.401ns  (logic 0.186ns (46.394%)  route 0.215ns (53.606%))
  Logic Levels:           1  (LUT1=1)
  Clock Path Skew:        0.298ns (DCD - SCD - CPR)
    Destination Clock Delay (DCD):    1.206ns
    Source Clock Delay      (SCD):    0.908ns
    Clock Pessimism Removal (CPR):    -0.000ns
  Clock Uncertainty:      0.302ns  ((TSJ^2 + TIJ^2)^1/2 + DJ) / 2 + PE
    Total System Jitter     (TSJ):    0.071ns
    Total Input Jitter      (TIJ):    0.600ns
    Discrete Jitter          (DJ):    0.000ns
    Phase Error              (PE):    0.000ns
  Timing Exception:       False Path

    Location             Delay type                Incr(ns)  Path(ns)    Netlist Resource(s)
  -------------------------------------------------------------------    -------------------
                         (clock clk_fpga_0 rise edge)
                                                      0.000     0.000 r  
    PS7_X0Y0             PS7                          0.000     0.000 r  ip_integrator_i/processing_system7_0/inst/PS7_i/FCLKCLK[0]
                         net (fo=1, routed)           0.310     0.310    ip_integrator_i/processing_system7_0/inst/FCLK_CLK_unbuffered[0]
    BUFGCTRL_X0Y16       BUFG (Prop_bufg_I_O)         0.026     0.336 r  ip_integrator_i/processing_system7_0/inst/buffer_fclk_clk_0.FCLK_CLK_0_BUFG/O
                         net (fo=6362, routed)        0.572     0.908    ip_integrator_i/proc_sys_reset_0/U0/slowest_sync_clk
    SLICE_X64Y81         FDRE                                         r  ip_integrator_i/proc_sys_reset_0/U0/ACTIVE_LOW_PR_OUT_DFF[0].FDRE_PER_N/C
  -------------------------------------------------------------------    -------------------
    SLICE_X64Y81         FDRE (Prop_fdre_C_Q)         0.141     1.049 f  ip_integrator_i/proc_sys_reset_0/U0/ACTIVE_LOW_PR_OUT_DFF[0].FDRE_PER_N/Q
                         net (fo=38, routed)          0.215     1.264    ip_integrator_i/smartconnect_0/inst/clk_map/psr_aclk/U0/EXT_LPF/ACTIVE_LOW_AUX.ACT_LO_AUX/aresetn
    SLICE_X67Y82         LUT1 (Prop_lut1_I0_O)        0.045     1.309 r  ip_integrator_i/smartconnect_0/inst/clk_map/psr_aclk/U0/EXT_LPF/ACTIVE_LOW_AUX.ACT_LO_AUX/GENERATE_LEVEL_P_S_CDC.SINGLE_BIT.CROSS_PLEVEL_IN2SCNDRY_IN_cdc_to_i_1/O
                         net (fo=1, routed)           0.000     1.309    ip_integrator_i/smartconnect_0/inst/clk_map/psr_aclk/U0/EXT_LPF/ACTIVE_LOW_AUX.ACT_LO_AUX/asr_d1
    SLICE_X67Y82         FDRE                                         r  ip_integrator_i/smartconnect_0/inst/clk_map/psr_aclk/U0/EXT_LPF/ACTIVE_LOW_AUX.ACT_LO_AUX/GENERATE_LEVEL_P_S_CDC.SINGLE_BIT.CROSS_PLEVEL_IN2SCNDRY_IN_cdc_to/D
  -------------------------------------------------------------------    -------------------

                         (clock clk_fpga_0 rise edge)
                                                      0.000     0.000 r  
    PS7_X0Y0             PS7                          0.000     0.000 r  ip_integrator_i/processing_system7_0/inst/PS7_i/FCLKCLK[0]
                         net (fo=1, routed)           0.337     0.337    ip_integrator_i/processing_system7_0/inst/FCLK_CLK_unbuffered[0]
    BUFGCTRL_X0Y16       BUFG (Prop_bufg_I_O)         0.029     0.366 r  ip_integrator_i/processing_system7_0/inst/buffer_fclk_clk_0.FCLK_CLK_0_BUFG/O
                         net (fo=6362, routed)        0.840     1.206    ip_integrator_i/smartconnect_0/inst/clk_map/psr_aclk/U0/EXT_LPF/ACTIVE_LOW_AUX.ACT_LO_AUX/aclk
    SLICE_X67Y82         FDRE                                         r  ip_integrator_i/smartconnect_0/inst/clk_map/psr_aclk/U0/EXT_LPF/ACTIVE_LOW_AUX.ACT_LO_AUX/GENERATE_LEVEL_P_S_CDC.SINGLE_BIT.CROSS_PLEVEL_IN2SCNDRY_IN_cdc_to/C

Slack:                    inf
  Source:                 ip_integrator_i/smartconnect_0/inst/clk_map/psr_aclk/U0/ACTIVE_LOW_BSR_OUT_DFF[0].FDRE_BSR_N/C
                            (rising edge-triggered cell FDRE clocked by clk_fpga_0  {rise@0.000ns fall@10.000ns period=20.000ns})
  Destination:            ip_integrator_i/smartconnect_0/inst/m02_nodes/m02_ar_node/inst/s_sc_xpm_cdc_async_rst_inst/arststages_ff_reg[0]/CLR
                            (removal check against rising-edge clock clk_fpga_0  {rise@0.000ns fall@10.000ns period=20.000ns})
  Path Group:             (none)
  Path Type:              Removal (Min at Fast Process Corner)
  Data Path Delay:        0.644ns  (logic 0.186ns (28.876%)  route 0.458ns (71.124%))
  Logic Levels:           1  (LUT1=1)
  Clock Path Skew:        0.302ns (DCD - SCD - CPR)
    Destination Clock Delay (DCD):    1.213ns
    Source Clock Delay      (SCD):    0.911ns
    Clock Pessimism Removal (CPR):    -0.000ns
  Clock Uncertainty:      0.302ns  ((TSJ^2 + TIJ^2)^1/2 + DJ) / 2 + PE
    Total System Jitter     (TSJ):    0.071ns
    Total Input Jitter      (TIJ):    0.600ns
    Discrete Jitter          (DJ):    0.000ns
    Phase Error              (PE):    0.000ns
  Timing Exception:       False Path

    Location             Delay type                Incr(ns)  Path(ns)    Netlist Resource(s)
  -------------------------------------------------------------------    -------------------
                         (clock clk_fpga_0 rise edge)
                                                      0.000     0.000 r  
    PS7_X0Y0             PS7                          0.000     0.000 r  ip_integrator_i/processing_system7_0/inst/PS7_i/FCLKCLK[0]
                         net (fo=1, routed)           0.310     0.310    ip_integrator_i/processing_system7_0/inst/FCLK_CLK_unbuffered[0]
    BUFGCTRL_X0Y16       BUFG (Prop_bufg_I_O)         0.026     0.336 r  ip_integrator_i/processing_system7_0/inst/buffer_fclk_clk_0.FCLK_CLK_0_BUFG/O
                         net (fo=6362, routed)        0.575     0.911    ip_integrator_i/smartconnect_0/inst/clk_map/psr_aclk/U0/aclk
    SLICE_X67Y84         FDRE                                         r  ip_integrator_i/smartconnect_0/inst/clk_map/psr_aclk/U0/ACTIVE_LOW_BSR_OUT_DFF[0].FDRE_BSR_N/C
  -------------------------------------------------------------------    -------------------
    SLICE_X67Y84         FDRE (Prop_fdre_C_Q)         0.141     1.052 r  ip_integrator_i/smartconnect_0/inst/clk_map/psr_aclk/U0/ACTIVE_LOW_BSR_OUT_DFF[0].FDRE_BSR_N/Q
                         net (fo=26, routed)          0.314     1.366    ip_integrator_i/smartconnect_0/inst/m02_nodes/m02_ar_node/inst/s_sc_xpm_cdc_async_rst_inst/src_arst
    SLICE_X63Y85         LUT1 (Prop_lut1_I0_O)        0.045     1.411 f  ip_integrator_i/smartconnect_0/inst/m02_nodes/m02_ar_node/inst/s_sc_xpm_cdc_async_rst_inst/arststages_ff[2]_i_1/O
                         net (fo=3, routed)           0.144     1.555    ip_integrator_i/smartconnect_0/inst/m02_nodes/m02_ar_node/inst/s_sc_xpm_cdc_async_rst_inst/reset_pol
    SLICE_X63Y91         FDCE                                         f  ip_integrator_i/smartconnect_0/inst/m02_nodes/m02_ar_node/inst/s_sc_xpm_cdc_async_rst_inst/arststages_ff_reg[0]/CLR
  -------------------------------------------------------------------    -------------------

                         (clock clk_fpga_0 rise edge)
                                                      0.000     0.000 r  
    PS7_X0Y0             PS7                          0.000     0.000 r  ip_integrator_i/processing_system7_0/inst/PS7_i/FCLKCLK[0]
                         net (fo=1, routed)           0.337     0.337    ip_integrator_i/processing_system7_0/inst/FCLK_CLK_unbuffered[0]
    BUFGCTRL_X0Y16       BUFG (Prop_bufg_I_O)         0.029     0.366 r  ip_integrator_i/processing_system7_0/inst/buffer_fclk_clk_0.FCLK_CLK_0_BUFG/O
                         net (fo=6362, routed)        0.847     1.213    ip_integrator_i/smartconnect_0/inst/m02_nodes/m02_ar_node/inst/s_sc_xpm_cdc_async_rst_inst/dest_clk
    SLICE_X63Y91         FDCE                                         r  ip_integrator_i/smartconnect_0/inst/m02_nodes/m02_ar_node/inst/s_sc_xpm_cdc_async_rst_inst/arststages_ff_reg[0]/C

Slack:                    inf
  Source:                 ip_integrator_i/smartconnect_0/inst/clk_map/psr_aclk/U0/ACTIVE_LOW_BSR_OUT_DFF[0].FDRE_BSR_N/C
                            (rising edge-triggered cell FDRE clocked by clk_fpga_0  {rise@0.000ns fall@10.000ns period=20.000ns})
  Destination:            ip_integrator_i/smartconnect_0/inst/m02_nodes/m02_ar_node/inst/s_sc_xpm_cdc_async_rst_inst/arststages_ff_reg[1]/CLR
                            (removal check against rising-edge clock clk_fpga_0  {rise@0.000ns fall@10.000ns period=20.000ns})
  Path Group:             (none)
  Path Type:              Removal (Min at Fast Process Corner)
  Data Path Delay:        0.644ns  (logic 0.186ns (28.876%)  route 0.458ns (71.124%))
  Logic Levels:           1  (LUT1=1)
  Clock Path Skew:        0.302ns (DCD - SCD - CPR)
    Destination Clock Delay (DCD):    1.213ns
    Source Clock Delay      (SCD):    0.911ns
    Clock Pessimism Removal (CPR):    -0.000ns
  Clock Uncertainty:      0.302ns  ((TSJ^2 + TIJ^2)^1/2 + DJ) / 2 + PE
    Total System Jitter     (TSJ):    0.071ns
    Total Input Jitter      (TIJ):    0.600ns
    Discrete Jitter          (DJ):    0.000ns
    Phase Error              (PE):    0.000ns
  Timing Exception:       False Path

    Location             Delay type                Incr(ns)  Path(ns)    Netlist Resource(s)
  -------------------------------------------------------------------    -------------------
                         (clock clk_fpga_0 rise edge)
                                                      0.000     0.000 r  
    PS7_X0Y0             PS7                          0.000     0.000 r  ip_integrator_i/processing_system7_0/inst/PS7_i/FCLKCLK[0]
                         net (fo=1, routed)           0.310     0.310    ip_integrator_i/processing_system7_0/inst/FCLK_CLK_unbuffered[0]
    BUFGCTRL_X0Y16       BUFG (Prop_bufg_I_O)         0.026     0.336 r  ip_integrator_i/processing_system7_0/inst/buffer_fclk_clk_0.FCLK_CLK_0_BUFG/O
                         net (fo=6362, routed)        0.575     0.911    ip_integrator_i/smartconnect_0/inst/clk_map/psr_aclk/U0/aclk
    SLICE_X67Y84         FDRE                                         r  ip_integrator_i/smartconnect_0/inst/clk_map/psr_aclk/U0/ACTIVE_LOW_BSR_OUT_DFF[0].FDRE_BSR_N/C
  -------------------------------------------------------------------    -------------------
    SLICE_X67Y84         FDRE (Prop_fdre_C_Q)         0.141     1.052 r  ip_integrator_i/smartconnect_0/inst/clk_map/psr_aclk/U0/ACTIVE_LOW_BSR_OUT_DFF[0].FDRE_BSR_N/Q
                         net (fo=26, routed)          0.314     1.366    ip_integrator_i/smartconnect_0/inst/m02_nodes/m02_ar_node/inst/s_sc_xpm_cdc_async_rst_inst/src_arst
    SLICE_X63Y85         LUT1 (Prop_lut1_I0_O)        0.045     1.411 f  ip_integrator_i/smartconnect_0/inst/m02_nodes/m02_ar_node/inst/s_sc_xpm_cdc_async_rst_inst/arststages_ff[2]_i_1/O
                         net (fo=3, routed)           0.144     1.555    ip_integrator_i/smartconnect_0/inst/m02_nodes/m02_ar_node/inst/s_sc_xpm_cdc_async_rst_inst/reset_pol
    SLICE_X63Y91         FDCE                                         f  ip_integrator_i/smartconnect_0/inst/m02_nodes/m02_ar_node/inst/s_sc_xpm_cdc_async_rst_inst/arststages_ff_reg[1]/CLR
  -------------------------------------------------------------------    -------------------

                         (clock clk_fpga_0 rise edge)
                                                      0.000     0.000 r  
    PS7_X0Y0             PS7                          0.000     0.000 r  ip_integrator_i/processing_system7_0/inst/PS7_i/FCLKCLK[0]
                         net (fo=1, routed)           0.337     0.337    ip_integrator_i/processing_system7_0/inst/FCLK_CLK_unbuffered[0]
    BUFGCTRL_X0Y16       BUFG (Prop_bufg_I_O)         0.029     0.366 r  ip_integrator_i/processing_system7_0/inst/buffer_fclk_clk_0.FCLK_CLK_0_BUFG/O
                         net (fo=6362, routed)        0.847     1.213    ip_integrator_i/smartconnect_0/inst/m02_nodes/m02_ar_node/inst/s_sc_xpm_cdc_async_rst_inst/dest_clk
    SLICE_X63Y91         FDCE                                         r  ip_integrator_i/smartconnect_0/inst/m02_nodes/m02_ar_node/inst/s_sc_xpm_cdc_async_rst_inst/arststages_ff_reg[1]/C

Slack:                    inf
  Source:                 ip_integrator_i/smartconnect_0/inst/clk_map/psr_aclk/U0/ACTIVE_LOW_BSR_OUT_DFF[0].FDRE_BSR_N/C
                            (rising edge-triggered cell FDRE clocked by clk_fpga_0  {rise@0.000ns fall@10.000ns period=20.000ns})
  Destination:            ip_integrator_i/smartconnect_0/inst/m02_nodes/m02_ar_node/inst/s_sc_xpm_cdc_async_rst_inst/arststages_ff_reg[2]/CLR
                            (removal check against rising-edge clock clk_fpga_0  {rise@0.000ns fall@10.000ns period=20.000ns})
  Path Group:             (none)
  Path Type:              Removal (Min at Fast Process Corner)
  Data Path Delay:        0.644ns  (logic 0.186ns (28.876%)  route 0.458ns (71.124%))
  Logic Levels:           1  (LUT1=1)
  Clock Path Skew:        0.302ns (DCD - SCD - CPR)
    Destination Clock Delay (DCD):    1.213ns
    Source Clock Delay      (SCD):    0.911ns
    Clock Pessimism Removal (CPR):    -0.000ns
  Clock Uncertainty:      0.302ns  ((TSJ^2 + TIJ^2)^1/2 + DJ) / 2 + PE
    Total System Jitter     (TSJ):    0.071ns
    Total Input Jitter      (TIJ):    0.600ns
    Discrete Jitter          (DJ):    0.000ns
    Phase Error              (PE):    0.000ns
  Timing Exception:       False Path

    Location             Delay type                Incr(ns)  Path(ns)    Netlist Resource(s)
  -------------------------------------------------------------------    -------------------
                         (clock clk_fpga_0 rise edge)
                                                      0.000     0.000 r  
    PS7_X0Y0             PS7                          0.000     0.000 r  ip_integrator_i/processing_system7_0/inst/PS7_i/FCLKCLK[0]
                         net (fo=1, routed)           0.310     0.310    ip_integrator_i/processing_system7_0/inst/FCLK_CLK_unbuffered[0]
    BUFGCTRL_X0Y16       BUFG (Prop_bufg_I_O)         0.026     0.336 r  ip_integrator_i/processing_system7_0/inst/buffer_fclk_clk_0.FCLK_CLK_0_BUFG/O
                         net (fo=6362, routed)        0.575     0.911    ip_integrator_i/smartconnect_0/inst/clk_map/psr_aclk/U0/aclk
    SLICE_X67Y84         FDRE                                         r  ip_integrator_i/smartconnect_0/inst/clk_map/psr_aclk/U0/ACTIVE_LOW_BSR_OUT_DFF[0].FDRE_BSR_N/C
  -------------------------------------------------------------------    -------------------
    SLICE_X67Y84         FDRE (Prop_fdre_C_Q)         0.141     1.052 r  ip_integrator_i/smartconnect_0/inst/clk_map/psr_aclk/U0/ACTIVE_LOW_BSR_OUT_DFF[0].FDRE_BSR_N/Q
                         net (fo=26, routed)          0.314     1.366    ip_integrator_i/smartconnect_0/inst/m02_nodes/m02_ar_node/inst/s_sc_xpm_cdc_async_rst_inst/src_arst
    SLICE_X63Y85         LUT1 (Prop_lut1_I0_O)        0.045     1.411 f  ip_integrator_i/smartconnect_0/inst/m02_nodes/m02_ar_node/inst/s_sc_xpm_cdc_async_rst_inst/arststages_ff[2]_i_1/O
                         net (fo=3, routed)           0.144     1.555    ip_integrator_i/smartconnect_0/inst/m02_nodes/m02_ar_node/inst/s_sc_xpm_cdc_async_rst_inst/reset_pol
    SLICE_X63Y91         FDCE                                         f  ip_integrator_i/smartconnect_0/inst/m02_nodes/m02_ar_node/inst/s_sc_xpm_cdc_async_rst_inst/arststages_ff_reg[2]/CLR
  -------------------------------------------------------------------    -------------------

                         (clock clk_fpga_0 rise edge)
                                                      0.000     0.000 r  
    PS7_X0Y0             PS7                          0.000     0.000 r  ip_integrator_i/processing_system7_0/inst/PS7_i/FCLKCLK[0]
                         net (fo=1, routed)           0.337     0.337    ip_integrator_i/processing_system7_0/inst/FCLK_CLK_unbuffered[0]
    BUFGCTRL_X0Y16       BUFG (Prop_bufg_I_O)         0.029     0.366 r  ip_integrator_i/processing_system7_0/inst/buffer_fclk_clk_0.FCLK_CLK_0_BUFG/O
                         net (fo=6362, routed)        0.847     1.213    ip_integrator_i/smartconnect_0/inst/m02_nodes/m02_ar_node/inst/s_sc_xpm_cdc_async_rst_inst/dest_clk
    SLICE_X63Y91         FDCE                                         r  ip_integrator_i/smartconnect_0/inst/m02_nodes/m02_ar_node/inst/s_sc_xpm_cdc_async_rst_inst/arststages_ff_reg[2]/C

Slack:                    inf
  Source:                 ip_integrator_i/smartconnect_0/inst/clk_map/psr_aclk/U0/ACTIVE_LOW_BSR_OUT_DFF[0].FDRE_BSR_N/C
                            (rising edge-triggered cell FDRE clocked by clk_fpga_0  {rise@0.000ns fall@10.000ns period=20.000ns})
  Destination:            ip_integrator_i/smartconnect_0/inst/s00_nodes/s00_ar_node/inst/s_sc_xpm_cdc_async_rst_inst/arststages_ff_reg[0]/CLR
                            (removal check against rising-edge clock clk_fpga_0  {rise@0.000ns fall@10.000ns period=20.000ns})
  Path Group:             (none)
  Path Type:              Removal (Min at Fast Process Corner)
  Data Path Delay:        0.677ns  (logic 0.186ns (27.465%)  route 0.491ns (72.535%))
  Logic Levels:           1  (LUT1=1)
  Clock Path Skew:        0.298ns (DCD - SCD - CPR)
    Destination Clock Delay (DCD):    1.209ns
    Source Clock Delay      (SCD):    0.911ns
    Clock Pessimism Removal (CPR):    -0.000ns
  Clock Uncertainty:      0.302ns  ((TSJ^2 + TIJ^2)^1/2 + DJ) / 2 + PE
    Total System Jitter     (TSJ):    0.071ns
    Total Input Jitter      (TIJ):    0.600ns
    Discrete Jitter          (DJ):    0.000ns
    Phase Error              (PE):    0.000ns
  Timing Exception:       False Path

    Location             Delay type                Incr(ns)  Path(ns)    Netlist Resource(s)
  -------------------------------------------------------------------    -------------------
                         (clock clk_fpga_0 rise edge)
                                                      0.000     0.000 r  
    PS7_X0Y0             PS7                          0.000     0.000 r  ip_integrator_i/processing_system7_0/inst/PS7_i/FCLKCLK[0]
                         net (fo=1, routed)           0.310     0.310    ip_integrator_i/processing_system7_0/inst/FCLK_CLK_unbuffered[0]
    BUFGCTRL_X0Y16       BUFG (Prop_bufg_I_O)         0.026     0.336 r  ip_integrator_i/processing_system7_0/inst/buffer_fclk_clk_0.FCLK_CLK_0_BUFG/O
                         net (fo=6362, routed)        0.575     0.911    ip_integrator_i/smartconnect_0/inst/clk_map/psr_aclk/U0/aclk
    SLICE_X67Y84         FDRE                                         r  ip_integrator_i/smartconnect_0/inst/clk_map/psr_aclk/U0/ACTIVE_LOW_BSR_OUT_DFF[0].FDRE_BSR_N/C
  -------------------------------------------------------------------    -------------------
    SLICE_X67Y84         FDRE (Prop_fdre_C_Q)         0.141     1.052 r  ip_integrator_i/smartconnect_0/inst/clk_map/psr_aclk/U0/ACTIVE_LOW_BSR_OUT_DFF[0].FDRE_BSR_N/Q
                         net (fo=26, routed)          0.314     1.366    ip_integrator_i/smartconnect_0/inst/s00_nodes/s00_ar_node/inst/s_sc_xpm_cdc_async_rst_inst/src_arst
    SLICE_X63Y85         LUT1 (Prop_lut1_I0_O)        0.045     1.411 f  ip_integrator_i/smartconnect_0/inst/s00_nodes/s00_ar_node/inst/s_sc_xpm_cdc_async_rst_inst/arststages_ff[2]_i_1/O
                         net (fo=3, routed)           0.177     1.588    ip_integrator_i/smartconnect_0/inst/s00_nodes/s00_ar_node/inst/s_sc_xpm_cdc_async_rst_inst/reset_pol
    SLICE_X63Y85         FDCE                                         f  ip_integrator_i/smartconnect_0/inst/s00_nodes/s00_ar_node/inst/s_sc_xpm_cdc_async_rst_inst/arststages_ff_reg[0]/CLR
  -------------------------------------------------------------------    -------------------

                         (clock clk_fpga_0 rise edge)
                                                      0.000     0.000 r  
    PS7_X0Y0             PS7                          0.000     0.000 r  ip_integrator_i/processing_system7_0/inst/PS7_i/FCLKCLK[0]
                         net (fo=1, routed)           0.337     0.337    ip_integrator_i/processing_system7_0/inst/FCLK_CLK_unbuffered[0]
    BUFGCTRL_X0Y16       BUFG (Prop_bufg_I_O)         0.029     0.366 r  ip_integrator_i/processing_system7_0/inst/buffer_fclk_clk_0.FCLK_CLK_0_BUFG/O
                         net (fo=6362, routed)        0.843     1.209    ip_integrator_i/smartconnect_0/inst/s00_nodes/s00_ar_node/inst/s_sc_xpm_cdc_async_rst_inst/dest_clk
    SLICE_X63Y85         FDCE                                         r  ip_integrator_i/smartconnect_0/inst/s00_nodes/s00_ar_node/inst/s_sc_xpm_cdc_async_rst_inst/arststages_ff_reg[0]/C

Slack:                    inf
  Source:                 ip_integrator_i/smartconnect_0/inst/clk_map/psr_aclk/U0/ACTIVE_LOW_BSR_OUT_DFF[0].FDRE_BSR_N/C
                            (rising edge-triggered cell FDRE clocked by clk_fpga_0  {rise@0.000ns fall@10.000ns period=20.000ns})
  Destination:            ip_integrator_i/smartconnect_0/inst/s00_nodes/s00_ar_node/inst/s_sc_xpm_cdc_async_rst_inst/arststages_ff_reg[1]/CLR
                            (removal check against rising-edge clock clk_fpga_0  {rise@0.000ns fall@10.000ns period=20.000ns})
  Path Group:             (none)
  Path Type:              Removal (Min at Fast Process Corner)
  Data Path Delay:        0.677ns  (logic 0.186ns (27.465%)  route 0.491ns (72.535%))
  Logic Levels:           1  (LUT1=1)
  Clock Path Skew:        0.298ns (DCD - SCD - CPR)
    Destination Clock Delay (DCD):    1.209ns
    Source Clock Delay      (SCD):    0.911ns
    Clock Pessimism Removal (CPR):    -0.000ns
  Clock Uncertainty:      0.302ns  ((TSJ^2 + TIJ^2)^1/2 + DJ) / 2 + PE
    Total System Jitter     (TSJ):    0.071ns
    Total Input Jitter      (TIJ):    0.600ns
    Discrete Jitter          (DJ):    0.000ns
    Phase Error              (PE):    0.000ns
  Timing Exception:       False Path

    Location             Delay type                Incr(ns)  Path(ns)    Netlist Resource(s)
  -------------------------------------------------------------------    -------------------
                         (clock clk_fpga_0 rise edge)
                                                      0.000     0.000 r  
    PS7_X0Y0             PS7                          0.000     0.000 r  ip_integrator_i/processing_system7_0/inst/PS7_i/FCLKCLK[0]
                         net (fo=1, routed)           0.310     0.310    ip_integrator_i/processing_system7_0/inst/FCLK_CLK_unbuffered[0]
    BUFGCTRL_X0Y16       BUFG (Prop_bufg_I_O)         0.026     0.336 r  ip_integrator_i/processing_system7_0/inst/buffer_fclk_clk_0.FCLK_CLK_0_BUFG/O
                         net (fo=6362, routed)        0.575     0.911    ip_integrator_i/smartconnect_0/inst/clk_map/psr_aclk/U0/aclk
    SLICE_X67Y84         FDRE                                         r  ip_integrator_i/smartconnect_0/inst/clk_map/psr_aclk/U0/ACTIVE_LOW_BSR_OUT_DFF[0].FDRE_BSR_N/C
  -------------------------------------------------------------------    -------------------
    SLICE_X67Y84         FDRE (Prop_fdre_C_Q)         0.141     1.052 r  ip_integrator_i/smartconnect_0/inst/clk_map/psr_aclk/U0/ACTIVE_LOW_BSR_OUT_DFF[0].FDRE_BSR_N/Q
                         net (fo=26, routed)          0.314     1.366    ip_integrator_i/smartconnect_0/inst/s00_nodes/s00_ar_node/inst/s_sc_xpm_cdc_async_rst_inst/src_arst
    SLICE_X63Y85         LUT1 (Prop_lut1_I0_O)        0.045     1.411 f  ip_integrator_i/smartconnect_0/inst/s00_nodes/s00_ar_node/inst/s_sc_xpm_cdc_async_rst_inst/arststages_ff[2]_i_1/O
                         net (fo=3, routed)           0.177     1.588    ip_integrator_i/smartconnect_0/inst/s00_nodes/s00_ar_node/inst/s_sc_xpm_cdc_async_rst_inst/reset_pol
    SLICE_X63Y85         FDCE                                         f  ip_integrator_i/smartconnect_0/inst/s00_nodes/s00_ar_node/inst/s_sc_xpm_cdc_async_rst_inst/arststages_ff_reg[1]/CLR
  -------------------------------------------------------------------    -------------------

                         (clock clk_fpga_0 rise edge)
                                                      0.000     0.000 r  
    PS7_X0Y0             PS7                          0.000     0.000 r  ip_integrator_i/processing_system7_0/inst/PS7_i/FCLKCLK[0]
                         net (fo=1, routed)           0.337     0.337    ip_integrator_i/processing_system7_0/inst/FCLK_CLK_unbuffered[0]
    BUFGCTRL_X0Y16       BUFG (Prop_bufg_I_O)         0.029     0.366 r  ip_integrator_i/processing_system7_0/inst/buffer_fclk_clk_0.FCLK_CLK_0_BUFG/O
                         net (fo=6362, routed)        0.843     1.209    ip_integrator_i/smartconnect_0/inst/s00_nodes/s00_ar_node/inst/s_sc_xpm_cdc_async_rst_inst/dest_clk
    SLICE_X63Y85         FDCE                                         r  ip_integrator_i/smartconnect_0/inst/s00_nodes/s00_ar_node/inst/s_sc_xpm_cdc_async_rst_inst/arststages_ff_reg[1]/C

Slack:                    inf
  Source:                 ip_integrator_i/smartconnect_0/inst/clk_map/psr_aclk/U0/ACTIVE_LOW_BSR_OUT_DFF[0].FDRE_BSR_N/C
                            (rising edge-triggered cell FDRE clocked by clk_fpga_0  {rise@0.000ns fall@10.000ns period=20.000ns})
  Destination:            ip_integrator_i/smartconnect_0/inst/s00_nodes/s00_ar_node/inst/s_sc_xpm_cdc_async_rst_inst/arststages_ff_reg[2]/CLR
                            (removal check against rising-edge clock clk_fpga_0  {rise@0.000ns fall@10.000ns period=20.000ns})
  Path Group:             (none)
  Path Type:              Removal (Min at Fast Process Corner)
  Data Path Delay:        0.677ns  (logic 0.186ns (27.465%)  route 0.491ns (72.535%))
  Logic Levels:           1  (LUT1=1)
  Clock Path Skew:        0.298ns (DCD - SCD - CPR)
    Destination Clock Delay (DCD):    1.209ns
    Source Clock Delay      (SCD):    0.911ns
    Clock Pessimism Removal (CPR):    -0.000ns
  Clock Uncertainty:      0.302ns  ((TSJ^2 + TIJ^2)^1/2 + DJ) / 2 + PE
    Total System Jitter     (TSJ):    0.071ns
    Total Input Jitter      (TIJ):    0.600ns
    Discrete Jitter          (DJ):    0.000ns
    Phase Error              (PE):    0.000ns
  Timing Exception:       False Path

    Location             Delay type                Incr(ns)  Path(ns)    Netlist Resource(s)
  -------------------------------------------------------------------    -------------------
                         (clock clk_fpga_0 rise edge)
                                                      0.000     0.000 r  
    PS7_X0Y0             PS7                          0.000     0.000 r  ip_integrator_i/processing_system7_0/inst/PS7_i/FCLKCLK[0]
                         net (fo=1, routed)           0.310     0.310    ip_integrator_i/processing_system7_0/inst/FCLK_CLK_unbuffered[0]
    BUFGCTRL_X0Y16       BUFG (Prop_bufg_I_O)         0.026     0.336 r  ip_integrator_i/processing_system7_0/inst/buffer_fclk_clk_0.FCLK_CLK_0_BUFG/O
                         net (fo=6362, routed)        0.575     0.911    ip_integrator_i/smartconnect_0/inst/clk_map/psr_aclk/U0/aclk
    SLICE_X67Y84         FDRE                                         r  ip_integrator_i/smartconnect_0/inst/clk_map/psr_aclk/U0/ACTIVE_LOW_BSR_OUT_DFF[0].FDRE_BSR_N/C
  -------------------------------------------------------------------    -------------------
    SLICE_X67Y84         FDRE (Prop_fdre_C_Q)         0.141     1.052 r  ip_integrator_i/smartconnect_0/inst/clk_map/psr_aclk/U0/ACTIVE_LOW_BSR_OUT_DFF[0].FDRE_BSR_N/Q
                         net (fo=26, routed)          0.314     1.366    ip_integrator_i/smartconnect_0/inst/s00_nodes/s00_ar_node/inst/s_sc_xpm_cdc_async_rst_inst/src_arst
    SLICE_X63Y85         LUT1 (Prop_lut1_I0_O)        0.045     1.411 f  ip_integrator_i/smartconnect_0/inst/s00_nodes/s00_ar_node/inst/s_sc_xpm_cdc_async_rst_inst/arststages_ff[2]_i_1/O
                         net (fo=3, routed)           0.177     1.588    ip_integrator_i/smartconnect_0/inst/s00_nodes/s00_ar_node/inst/s_sc_xpm_cdc_async_rst_inst/reset_pol
    SLICE_X63Y85         FDCE                                         f  ip_integrator_i/smartconnect_0/inst/s00_nodes/s00_ar_node/inst/s_sc_xpm_cdc_async_rst_inst/arststages_ff_reg[2]/CLR
  -------------------------------------------------------------------    -------------------

                         (clock clk_fpga_0 rise edge)
                                                      0.000     0.000 r  
    PS7_X0Y0             PS7                          0.000     0.000 r  ip_integrator_i/processing_system7_0/inst/PS7_i/FCLKCLK[0]
                         net (fo=1, routed)           0.337     0.337    ip_integrator_i/processing_system7_0/inst/FCLK_CLK_unbuffered[0]
    BUFGCTRL_X0Y16       BUFG (Prop_bufg_I_O)         0.029     0.366 r  ip_integrator_i/processing_system7_0/inst/buffer_fclk_clk_0.FCLK_CLK_0_BUFG/O
                         net (fo=6362, routed)        0.843     1.209    ip_integrator_i/smartconnect_0/inst/s00_nodes/s00_ar_node/inst/s_sc_xpm_cdc_async_rst_inst/dest_clk
    SLICE_X63Y85         FDCE                                         r  ip_integrator_i/smartconnect_0/inst/s00_nodes/s00_ar_node/inst/s_sc_xpm_cdc_async_rst_inst/arststages_ff_reg[2]/C

Slack:                    inf
  Source:                 ip_integrator_i/smartconnect_0/inst/clk_map/psr_aclk/U0/ACTIVE_LOW_BSR_OUT_DFF[0].FDRE_BSR_N/C
                            (rising edge-triggered cell FDRE clocked by clk_fpga_0  {rise@0.000ns fall@10.000ns period=20.000ns})
  Destination:            ip_integrator_i/smartconnect_0/inst/m00_nodes/m00_ar_node/inst/s_sc_xpm_cdc_async_rst_inst/arststages_ff_reg[0]/CLR
                            (removal check against rising-edge clock clk_fpga_0  {rise@0.000ns fall@10.000ns period=20.000ns})
  Path Group:             (none)
  Path Type:              Removal (Min at Fast Process Corner)
  Data Path Delay:        0.705ns  (logic 0.186ns (26.377%)  route 0.519ns (73.623%))
  Logic Levels:           1  (LUT1=1)
  Clock Path Skew:        0.298ns (DCD - SCD - CPR)
    Destination Clock Delay (DCD):    1.209ns
    Source Clock Delay      (SCD):    0.911ns
    Clock Pessimism Removal (CPR):    -0.000ns
  Clock Uncertainty:      0.302ns  ((TSJ^2 + TIJ^2)^1/2 + DJ) / 2 + PE
    Total System Jitter     (TSJ):    0.071ns
    Total Input Jitter      (TIJ):    0.600ns
    Discrete Jitter          (DJ):    0.000ns
    Phase Error              (PE):    0.000ns
  Timing Exception:       False Path

    Location             Delay type                Incr(ns)  Path(ns)    Netlist Resource(s)
  -------------------------------------------------------------------    -------------------
                         (clock clk_fpga_0 rise edge)
                                                      0.000     0.000 r  
    PS7_X0Y0             PS7                          0.000     0.000 r  ip_integrator_i/processing_system7_0/inst/PS7_i/FCLKCLK[0]
                         net (fo=1, routed)           0.310     0.310    ip_integrator_i/processing_system7_0/inst/FCLK_CLK_unbuffered[0]
    BUFGCTRL_X0Y16       BUFG (Prop_bufg_I_O)         0.026     0.336 r  ip_integrator_i/processing_system7_0/inst/buffer_fclk_clk_0.FCLK_CLK_0_BUFG/O
                         net (fo=6362, routed)        0.575     0.911    ip_integrator_i/smartconnect_0/inst/clk_map/psr_aclk/U0/aclk
    SLICE_X67Y84         FDRE                                         r  ip_integrator_i/smartconnect_0/inst/clk_map/psr_aclk/U0/ACTIVE_LOW_BSR_OUT_DFF[0].FDRE_BSR_N/C
  -------------------------------------------------------------------    -------------------
    SLICE_X67Y84         FDRE (Prop_fdre_C_Q)         0.141     1.052 r  ip_integrator_i/smartconnect_0/inst/clk_map/psr_aclk/U0/ACTIVE_LOW_BSR_OUT_DFF[0].FDRE_BSR_N/Q
                         net (fo=26, routed)          0.335     1.387    ip_integrator_i/smartconnect_0/inst/m00_nodes/m00_ar_node/inst/s_sc_xpm_cdc_async_rst_inst/src_arst
    SLICE_X64Y86         LUT1 (Prop_lut1_I0_O)        0.045     1.432 f  ip_integrator_i/smartconnect_0/inst/m00_nodes/m00_ar_node/inst/s_sc_xpm_cdc_async_rst_inst/arststages_ff[2]_i_1/O
                         net (fo=3, routed)           0.184     1.616    ip_integrator_i/smartconnect_0/inst/m00_nodes/m00_ar_node/inst/s_sc_xpm_cdc_async_rst_inst/reset_pol
    SLICE_X64Y86         FDCE                                         f  ip_integrator_i/smartconnect_0/inst/m00_nodes/m00_ar_node/inst/s_sc_xpm_cdc_async_rst_inst/arststages_ff_reg[0]/CLR
  -------------------------------------------------------------------    -------------------

                         (clock clk_fpga_0 rise edge)
                                                      0.000     0.000 r  
    PS7_X0Y0             PS7                          0.000     0.000 r  ip_integrator_i/processing_system7_0/inst/PS7_i/FCLKCLK[0]
                         net (fo=1, routed)           0.337     0.337    ip_integrator_i/processing_system7_0/inst/FCLK_CLK_unbuffered[0]
    BUFGCTRL_X0Y16       BUFG (Prop_bufg_I_O)         0.029     0.366 r  ip_integrator_i/processing_system7_0/inst/buffer_fclk_clk_0.FCLK_CLK_0_BUFG/O
                         net (fo=6362, routed)        0.843     1.209    ip_integrator_i/smartconnect_0/inst/m00_nodes/m00_ar_node/inst/s_sc_xpm_cdc_async_rst_inst/dest_clk
    SLICE_X64Y86         FDCE                                         r  ip_integrator_i/smartconnect_0/inst/m00_nodes/m00_ar_node/inst/s_sc_xpm_cdc_async_rst_inst/arststages_ff_reg[0]/C

Slack:                    inf
  Source:                 ip_integrator_i/smartconnect_0/inst/clk_map/psr_aclk/U0/ACTIVE_LOW_BSR_OUT_DFF[0].FDRE_BSR_N/C
                            (rising edge-triggered cell FDRE clocked by clk_fpga_0  {rise@0.000ns fall@10.000ns period=20.000ns})
  Destination:            ip_integrator_i/smartconnect_0/inst/m00_nodes/m00_ar_node/inst/s_sc_xpm_cdc_async_rst_inst/arststages_ff_reg[1]/CLR
                            (removal check against rising-edge clock clk_fpga_0  {rise@0.000ns fall@10.000ns period=20.000ns})
  Path Group:             (none)
  Path Type:              Removal (Min at Fast Process Corner)
  Data Path Delay:        0.705ns  (logic 0.186ns (26.377%)  route 0.519ns (73.623%))
  Logic Levels:           1  (LUT1=1)
  Clock Path Skew:        0.298ns (DCD - SCD - CPR)
    Destination Clock Delay (DCD):    1.209ns
    Source Clock Delay      (SCD):    0.911ns
    Clock Pessimism Removal (CPR):    -0.000ns
  Clock Uncertainty:      0.302ns  ((TSJ^2 + TIJ^2)^1/2 + DJ) / 2 + PE
    Total System Jitter     (TSJ):    0.071ns
    Total Input Jitter      (TIJ):    0.600ns
    Discrete Jitter          (DJ):    0.000ns
    Phase Error              (PE):    0.000ns
  Timing Exception:       False Path

    Location             Delay type                Incr(ns)  Path(ns)    Netlist Resource(s)
  -------------------------------------------------------------------    -------------------
                         (clock clk_fpga_0 rise edge)
                                                      0.000     0.000 r  
    PS7_X0Y0             PS7                          0.000     0.000 r  ip_integrator_i/processing_system7_0/inst/PS7_i/FCLKCLK[0]
                         net (fo=1, routed)           0.310     0.310    ip_integrator_i/processing_system7_0/inst/FCLK_CLK_unbuffered[0]
    BUFGCTRL_X0Y16       BUFG (Prop_bufg_I_O)         0.026     0.336 r  ip_integrator_i/processing_system7_0/inst/buffer_fclk_clk_0.FCLK_CLK_0_BUFG/O
                         net (fo=6362, routed)        0.575     0.911    ip_integrator_i/smartconnect_0/inst/clk_map/psr_aclk/U0/aclk
    SLICE_X67Y84         FDRE                                         r  ip_integrator_i/smartconnect_0/inst/clk_map/psr_aclk/U0/ACTIVE_LOW_BSR_OUT_DFF[0].FDRE_BSR_N/C
  -------------------------------------------------------------------    -------------------
    SLICE_X67Y84         FDRE (Prop_fdre_C_Q)         0.141     1.052 r  ip_integrator_i/smartconnect_0/inst/clk_map/psr_aclk/U0/ACTIVE_LOW_BSR_OUT_DFF[0].FDRE_BSR_N/Q
                         net (fo=26, routed)          0.335     1.387    ip_integrator_i/smartconnect_0/inst/m00_nodes/m00_ar_node/inst/s_sc_xpm_cdc_async_rst_inst/src_arst
    SLICE_X64Y86         LUT1 (Prop_lut1_I0_O)        0.045     1.432 f  ip_integrator_i/smartconnect_0/inst/m00_nodes/m00_ar_node/inst/s_sc_xpm_cdc_async_rst_inst/arststages_ff[2]_i_1/O
                         net (fo=3, routed)           0.184     1.616    ip_integrator_i/smartconnect_0/inst/m00_nodes/m00_ar_node/inst/s_sc_xpm_cdc_async_rst_inst/reset_pol
    SLICE_X64Y86         FDCE                                         f  ip_integrator_i/smartconnect_0/inst/m00_nodes/m00_ar_node/inst/s_sc_xpm_cdc_async_rst_inst/arststages_ff_reg[1]/CLR
  -------------------------------------------------------------------    -------------------

                         (clock clk_fpga_0 rise edge)
                                                      0.000     0.000 r  
    PS7_X0Y0             PS7                          0.000     0.000 r  ip_integrator_i/processing_system7_0/inst/PS7_i/FCLKCLK[0]
                         net (fo=1, routed)           0.337     0.337    ip_integrator_i/processing_system7_0/inst/FCLK_CLK_unbuffered[0]
    BUFGCTRL_X0Y16       BUFG (Prop_bufg_I_O)         0.029     0.366 r  ip_integrator_i/processing_system7_0/inst/buffer_fclk_clk_0.FCLK_CLK_0_BUFG/O
                         net (fo=6362, routed)        0.843     1.209    ip_integrator_i/smartconnect_0/inst/m00_nodes/m00_ar_node/inst/s_sc_xpm_cdc_async_rst_inst/dest_clk
    SLICE_X64Y86         FDCE                                         r  ip_integrator_i/smartconnect_0/inst/m00_nodes/m00_ar_node/inst/s_sc_xpm_cdc_async_rst_inst/arststages_ff_reg[1]/C

Slack:                    inf
  Source:                 ip_integrator_i/smartconnect_0/inst/clk_map/psr_aclk/U0/ACTIVE_LOW_BSR_OUT_DFF[0].FDRE_BSR_N/C
                            (rising edge-triggered cell FDRE clocked by clk_fpga_0  {rise@0.000ns fall@10.000ns period=20.000ns})
  Destination:            ip_integrator_i/smartconnect_0/inst/m00_nodes/m00_ar_node/inst/s_sc_xpm_cdc_async_rst_inst/arststages_ff_reg[2]/CLR
                            (removal check against rising-edge clock clk_fpga_0  {rise@0.000ns fall@10.000ns period=20.000ns})
  Path Group:             (none)
  Path Type:              Removal (Min at Fast Process Corner)
  Data Path Delay:        0.705ns  (logic 0.186ns (26.377%)  route 0.519ns (73.623%))
  Logic Levels:           1  (LUT1=1)
  Clock Path Skew:        0.298ns (DCD - SCD - CPR)
    Destination Clock Delay (DCD):    1.209ns
    Source Clock Delay      (SCD):    0.911ns
    Clock Pessimism Removal (CPR):    -0.000ns
  Clock Uncertainty:      0.302ns  ((TSJ^2 + TIJ^2)^1/2 + DJ) / 2 + PE
    Total System Jitter     (TSJ):    0.071ns
    Total Input Jitter      (TIJ):    0.600ns
    Discrete Jitter          (DJ):    0.000ns
    Phase Error              (PE):    0.000ns
  Timing Exception:       False Path

    Location             Delay type                Incr(ns)  Path(ns)    Netlist Resource(s)
  -------------------------------------------------------------------    -------------------
                         (clock clk_fpga_0 rise edge)
                                                      0.000     0.000 r  
    PS7_X0Y0             PS7                          0.000     0.000 r  ip_integrator_i/processing_system7_0/inst/PS7_i/FCLKCLK[0]
                         net (fo=1, routed)           0.310     0.310    ip_integrator_i/processing_system7_0/inst/FCLK_CLK_unbuffered[0]
    BUFGCTRL_X0Y16       BUFG (Prop_bufg_I_O)         0.026     0.336 r  ip_integrator_i/processing_system7_0/inst/buffer_fclk_clk_0.FCLK_CLK_0_BUFG/O
                         net (fo=6362, routed)        0.575     0.911    ip_integrator_i/smartconnect_0/inst/clk_map/psr_aclk/U0/aclk
    SLICE_X67Y84         FDRE                                         r  ip_integrator_i/smartconnect_0/inst/clk_map/psr_aclk/U0/ACTIVE_LOW_BSR_OUT_DFF[0].FDRE_BSR_N/C
  -------------------------------------------------------------------    -------------------
    SLICE_X67Y84         FDRE (Prop_fdre_C_Q)         0.141     1.052 r  ip_integrator_i/smartconnect_0/inst/clk_map/psr_aclk/U0/ACTIVE_LOW_BSR_OUT_DFF[0].FDRE_BSR_N/Q
                         net (fo=26, routed)          0.335     1.387    ip_integrator_i/smartconnect_0/inst/m00_nodes/m00_ar_node/inst/s_sc_xpm_cdc_async_rst_inst/src_arst
    SLICE_X64Y86         LUT1 (Prop_lut1_I0_O)        0.045     1.432 f  ip_integrator_i/smartconnect_0/inst/m00_nodes/m00_ar_node/inst/s_sc_xpm_cdc_async_rst_inst/arststages_ff[2]_i_1/O
                         net (fo=3, routed)           0.184     1.616    ip_integrator_i/smartconnect_0/inst/m00_nodes/m00_ar_node/inst/s_sc_xpm_cdc_async_rst_inst/reset_pol
    SLICE_X64Y86         FDCE                                         f  ip_integrator_i/smartconnect_0/inst/m00_nodes/m00_ar_node/inst/s_sc_xpm_cdc_async_rst_inst/arststages_ff_reg[2]/CLR
  -------------------------------------------------------------------    -------------------

                         (clock clk_fpga_0 rise edge)
                                                      0.000     0.000 r  
    PS7_X0Y0             PS7                          0.000     0.000 r  ip_integrator_i/processing_system7_0/inst/PS7_i/FCLKCLK[0]
                         net (fo=1, routed)           0.337     0.337    ip_integrator_i/processing_system7_0/inst/FCLK_CLK_unbuffered[0]
    BUFGCTRL_X0Y16       BUFG (Prop_bufg_I_O)         0.029     0.366 r  ip_integrator_i/processing_system7_0/inst/buffer_fclk_clk_0.FCLK_CLK_0_BUFG/O
                         net (fo=6362, routed)        0.843     1.209    ip_integrator_i/smartconnect_0/inst/m00_nodes/m00_ar_node/inst/s_sc_xpm_cdc_async_rst_inst/dest_clk
    SLICE_X64Y86         FDCE                                         r  ip_integrator_i/smartconnect_0/inst/m00_nodes/m00_ar_node/inst/s_sc_xpm_cdc_async_rst_inst/arststages_ff_reg[2]/C





