
*** Running vivado
    with args -log ip_integrator_wrapper.vdi -applog -m64 -product Vivado -messageDb vivado.pb -mode batch -source ip_integrator_wrapper.tcl -notrace



****** Vivado v2021.2 (64-bit)
  **** SW Build 3367213 on Tue Oct 19 02:48:09 MDT 2021
  **** IP Build 3369179 on Thu Oct 21 08:25:16 MDT 2021
    ** Copyright 1986-2021 Xilinx, Inc. All Rights Reserved.

source ip_integrator_wrapper.tcl -notrace
INFO: [IP_Flow 19-234] Refreshing IP repositories
INFO: [IP_Flow 19-1700] Loaded user IP repository 'c:/Users/tbnrs/Documents/Development/hdl_group_project_sc/custom_ip'.
INFO: [IP_Flow 19-2313] Loaded Vivado IP repository 'C:/Xilinx/Vivado/2021.2/data/ip'.
WARNING: [IP_Flow 19-4995] The host OS only allows 260 characters in a normal path. The IP cache path is more than 80 characters. If you experience issues with IP caching, please consider changing the IP cache to a location with a shorter path. Alternately consider using the OS subst command to map part of the path to a drive letter. 
Current IP cache path is C:/Users/tbnrs/Documents/Development/hdl_group_project_sc/hdl_group_project.cache/ip 
Command: link_design -top ip_integrator_wrapper -part xc7z020clg400-1
Design is defaulting to srcset: sources_1
Design is defaulting to constrset: constrs_1
INFO: [Device 21-403] Loading part xc7z020clg400-1
Netlist sorting complete. Time (s): cpu = 00:00:00 ; elapsed = 00:00:00.197 . Memory (MB): peak = 1253.355 ; gain = 0.000
INFO: [Netlist 29-17] Analyzing 186 Unisim elements for replacement
INFO: [Netlist 29-28] Unisim Transformation completed in 0 CPU seconds
INFO: [Project 1-479] Netlist was created with Vivado 2021.2
INFO: [Project 1-570] Preparing netlist for logic optimization
Parsing XDC File [c:/Users/tbnrs/Documents/Development/hdl_group_project_sc/hdl_group_project.gen/sources_1/bd/ip_integrator/ip/ip_integrator_processing_system7_0_0/ip_integrator_processing_system7_0_0.xdc] for cell 'ip_integrator_i/processing_system7_0/inst'
Finished Parsing XDC File [c:/Users/tbnrs/Documents/Development/hdl_group_project_sc/hdl_group_project.gen/sources_1/bd/ip_integrator/ip/ip_integrator_processing_system7_0_0/ip_integrator_processing_system7_0_0.xdc] for cell 'ip_integrator_i/processing_system7_0/inst'
Parsing XDC File [c:/Users/tbnrs/Documents/Development/hdl_group_project_sc/hdl_group_project.gen/sources_1/bd/ip_integrator/ip/ip_integrator_smartconnect_0_0/bd_0/ip/ip_1/bd_d914_psr_aclk_0_board.xdc] for cell 'ip_integrator_i/smartconnect_0/inst/clk_map/psr_aclk/U0'
Finished Parsing XDC File [c:/Users/tbnrs/Documents/Development/hdl_group_project_sc/hdl_group_project.gen/sources_1/bd/ip_integrator/ip/ip_integrator_smartconnect_0_0/bd_0/ip/ip_1/bd_d914_psr_aclk_0_board.xdc] for cell 'ip_integrator_i/smartconnect_0/inst/clk_map/psr_aclk/U0'
Parsing XDC File [c:/Users/tbnrs/Documents/Development/hdl_group_project_sc/hdl_group_project.gen/sources_1/bd/ip_integrator/ip/ip_integrator_smartconnect_0_0/bd_0/ip/ip_1/bd_d914_psr_aclk_0.xdc] for cell 'ip_integrator_i/smartconnect_0/inst/clk_map/psr_aclk/U0'
Finished Parsing XDC File [c:/Users/tbnrs/Documents/Development/hdl_group_project_sc/hdl_group_project.gen/sources_1/bd/ip_integrator/ip/ip_integrator_smartconnect_0_0/bd_0/ip/ip_1/bd_d914_psr_aclk_0.xdc] for cell 'ip_integrator_i/smartconnect_0/inst/clk_map/psr_aclk/U0'
Parsing XDC File [c:/Users/tbnrs/Documents/Development/hdl_group_project_sc/hdl_group_project.gen/sources_1/bd/ip_integrator/ip/ip_integrator_axi_gpio_0_0/ip_integrator_axi_gpio_0_0_board.xdc] for cell 'ip_integrator_i/axi_gpio_0/U0'
Finished Parsing XDC File [c:/Users/tbnrs/Documents/Development/hdl_group_project_sc/hdl_group_project.gen/sources_1/bd/ip_integrator/ip/ip_integrator_axi_gpio_0_0/ip_integrator_axi_gpio_0_0_board.xdc] for cell 'ip_integrator_i/axi_gpio_0/U0'
Parsing XDC File [c:/Users/tbnrs/Documents/Development/hdl_group_project_sc/hdl_group_project.gen/sources_1/bd/ip_integrator/ip/ip_integrator_axi_gpio_0_0/ip_integrator_axi_gpio_0_0.xdc] for cell 'ip_integrator_i/axi_gpio_0/U0'
Finished Parsing XDC File [c:/Users/tbnrs/Documents/Development/hdl_group_project_sc/hdl_group_project.gen/sources_1/bd/ip_integrator/ip/ip_integrator_axi_gpio_0_0/ip_integrator_axi_gpio_0_0.xdc] for cell 'ip_integrator_i/axi_gpio_0/U0'
Parsing XDC File [c:/Users/tbnrs/Documents/Development/hdl_group_project_sc/hdl_group_project.gen/sources_1/bd/ip_integrator/ip/ip_integrator_proc_sys_reset_0_0/ip_integrator_proc_sys_reset_0_0_board.xdc] for cell 'ip_integrator_i/proc_sys_reset_0/U0'
Finished Parsing XDC File [c:/Users/tbnrs/Documents/Development/hdl_group_project_sc/hdl_group_project.gen/sources_1/bd/ip_integrator/ip/ip_integrator_proc_sys_reset_0_0/ip_integrator_proc_sys_reset_0_0_board.xdc] for cell 'ip_integrator_i/proc_sys_reset_0/U0'
Parsing XDC File [c:/Users/tbnrs/Documents/Development/hdl_group_project_sc/hdl_group_project.gen/sources_1/bd/ip_integrator/ip/ip_integrator_proc_sys_reset_0_0/ip_integrator_proc_sys_reset_0_0.xdc] for cell 'ip_integrator_i/proc_sys_reset_0/U0'
Finished Parsing XDC File [c:/Users/tbnrs/Documents/Development/hdl_group_project_sc/hdl_group_project.gen/sources_1/bd/ip_integrator/ip/ip_integrator_proc_sys_reset_0_0/ip_integrator_proc_sys_reset_0_0.xdc] for cell 'ip_integrator_i/proc_sys_reset_0/U0'
INFO: [Project 1-1714] 69 XPM XDC files have been applied to the design.
INFO: [Opt 31-138] Pushed 0 inverter(s) to 0 load pin(s).
Generating merged BMM file for the design top 'ip_integrator_wrapper'...
Netlist sorting complete. Time (s): cpu = 00:00:00 ; elapsed = 00:00:00.004 . Memory (MB): peak = 1253.355 ; gain = 0.000
INFO: [Project 1-111] Unisim Transformation Summary:
  A total of 116 instances were transformed.
  RAM32M => RAM32M (RAMD32(x6), RAMS32(x2)): 109 instances
  RAM32X1D => RAM32X1D (RAMD32(x2)): 7 instances

11 Infos, 1 Warnings, 0 Critical Warnings and 0 Errors encountered.
link_design completed successfully
link_design: Time (s): cpu = 00:00:05 ; elapsed = 00:00:08 . Memory (MB): peak = 1253.355 ; gain = 0.000
Command: opt_design
Attempting to get a license for feature 'Implementation' and/or device 'xc7z020'
INFO: [Common 17-349] Got license for feature 'Implementation' and/or device 'xc7z020'
Running DRC as a precondition to command opt_design

Starting DRC Task
INFO: [DRC 23-27] Running DRC with 2 threads
INFO: [Project 1-461] DRC finished with 0 Errors
INFO: [Project 1-462] Please refer to the DRC report (report_drc) for more information.

Time (s): cpu = 00:00:01 ; elapsed = 00:00:00.631 . Memory (MB): peak = 1253.355 ; gain = 0.000

Starting Cache Timing Information Task
INFO: [Timing 38-35] Done setting XDC timing constraints.
Ending Cache Timing Information Task | Checksum: 14feb5420

Time (s): cpu = 00:00:04 ; elapsed = 00:00:04 . Memory (MB): peak = 1575.832 ; gain = 322.477

Starting Logic Optimization Task

Phase 1 Retarget
INFO: [Opt 31-138] Pushed 32 inverter(s) to 155 load pin(s).
INFO: [Opt 31-49] Retargeted 0 cell(s).
Phase 1 Retarget | Checksum: 162c42b53

Time (s): cpu = 00:00:01 ; elapsed = 00:00:00.316 . Memory (MB): peak = 1875.871 ; gain = 0.000
INFO: [Opt 31-389] Phase Retarget created 0 cells and removed 54 cells
INFO: [Opt 31-1021] In phase Retarget, 60 netlist objects are constrained preventing optimization. Please run opt_design with -debug_log to get more detail. 

Phase 2 Constant propagation
INFO: [Opt 31-138] Pushed 0 inverter(s) to 0 load pin(s).
Phase 2 Constant propagation | Checksum: 10e6f44ed

Time (s): cpu = 00:00:01 ; elapsed = 00:00:00.383 . Memory (MB): peak = 1875.871 ; gain = 0.000
INFO: [Opt 31-389] Phase Constant propagation created 100 cells and removed 258 cells
INFO: [Opt 31-1021] In phase Constant propagation, 80 netlist objects are constrained preventing optimization. Please run opt_design with -debug_log to get more detail. 

Phase 3 Sweep
Phase 3 Sweep | Checksum: 166b4c5d6

Time (s): cpu = 00:00:01 ; elapsed = 00:00:00.784 . Memory (MB): peak = 1875.871 ; gain = 0.000
INFO: [Opt 31-389] Phase Sweep created 0 cells and removed 163 cells
INFO: [Opt 31-1021] In phase Sweep, 100 netlist objects are constrained preventing optimization. Please run opt_design with -debug_log to get more detail. 

Phase 4 BUFG optimization
Phase 4 BUFG optimization | Checksum: 166b4c5d6

Time (s): cpu = 00:00:01 ; elapsed = 00:00:00.905 . Memory (MB): peak = 1875.871 ; gain = 0.000
INFO: [Opt 31-662] Phase BUFG optimization created 0 cells of which 0 are BUFGs and removed 0 cells.

Phase 5 Shift Register Optimization
INFO: [Opt 31-1064] SRL Remap converted 0 SRLs to 0 registers and converted 0 registers of register chains to 0 SRLs
Phase 5 Shift Register Optimization | Checksum: 166b4c5d6

Time (s): cpu = 00:00:01 ; elapsed = 00:00:00.923 . Memory (MB): peak = 1875.871 ; gain = 0.000
INFO: [Opt 31-389] Phase Shift Register Optimization created 0 cells and removed 0 cells

Phase 6 Post Processing Netlist
Phase 6 Post Processing Netlist | Checksum: 166b4c5d6

Time (s): cpu = 00:00:01 ; elapsed = 00:00:00.950 . Memory (MB): peak = 1875.871 ; gain = 0.000
INFO: [Opt 31-389] Phase Post Processing Netlist created 0 cells and removed 0 cells
INFO: [Opt 31-1021] In phase Post Processing Netlist, 60 netlist objects are constrained preventing optimization. Please run opt_design with -debug_log to get more detail. 
Opt_design Change Summary
=========================


-------------------------------------------------------------------------------------------------------------------------
|  Phase                        |  #Cells created  |  #Cells Removed  |  #Constrained objects preventing optimizations  |
-------------------------------------------------------------------------------------------------------------------------
|  Retarget                     |               0  |              54  |                                             60  |
|  Constant propagation         |             100  |             258  |                                             80  |
|  Sweep                        |               0  |             163  |                                            100  |
|  BUFG optimization            |               0  |               0  |                                              0  |
|  Shift Register Optimization  |               0  |               0  |                                              0  |
|  Post Processing Netlist      |               0  |               0  |                                             60  |
-------------------------------------------------------------------------------------------------------------------------



Starting Connectivity Check Task

Time (s): cpu = 00:00:00 ; elapsed = 00:00:00.015 . Memory (MB): peak = 1875.871 ; gain = 0.000
Ending Logic Optimization Task | Checksum: 10707b599

Time (s): cpu = 00:00:01 ; elapsed = 00:00:01 . Memory (MB): peak = 1875.871 ; gain = 0.000

Starting Power Optimization Task
INFO: [Pwropt 34-132] Skipping clock gating for clocks with a period < 2.00 ns.
INFO: [Pwropt 34-9] Applying IDT optimizations ...
INFO: [Pwropt 34-10] Applying ODC optimizations ...
INFO: [Timing 38-35] Done setting XDC timing constraints.
Running Vector-less Activity Propagation...

Finished Running Vector-less Activity Propagation


Starting PowerOpt Patch Enables Task
INFO: [Pwropt 34-162] WRITE_MODE attribute of 0 BRAM(s) out of a total of 4 has been updated to save power. Run report_power_opt to get a complete listing of the BRAMs updated.
INFO: [Pwropt 34-201] Structural ODC has moved 0 WE to EN ports
Number of BRAM Ports augmented: 0 newly gated: 0 Total Ports: 8
Ending PowerOpt Patch Enables Task | Checksum: 10707b599

Time (s): cpu = 00:00:00 ; elapsed = 00:00:00.039 . Memory (MB): peak = 1979.332 ; gain = 0.000
Ending Power Optimization Task | Checksum: 10707b599

Time (s): cpu = 00:00:03 ; elapsed = 00:00:01 . Memory (MB): peak = 1979.332 ; gain = 103.461

Starting Final Cleanup Task
Ending Final Cleanup Task | Checksum: 10707b599

Time (s): cpu = 00:00:00 ; elapsed = 00:00:00 . Memory (MB): peak = 1979.332 ; gain = 0.000

Starting Netlist Obfuscation Task
Netlist sorting complete. Time (s): cpu = 00:00:00 ; elapsed = 00:00:00.004 . Memory (MB): peak = 1979.332 ; gain = 0.000
Ending Netlist Obfuscation Task | Checksum: 10707b599

Time (s): cpu = 00:00:00 ; elapsed = 00:00:00.004 . Memory (MB): peak = 1979.332 ; gain = 0.000
INFO: [Common 17-83] Releasing license: Implementation
37 Infos, 1 Warnings, 0 Critical Warnings and 0 Errors encountered.
opt_design completed successfully
opt_design: Time (s): cpu = 00:00:10 ; elapsed = 00:00:09 . Memory (MB): peak = 1979.332 ; gain = 725.977
INFO: [Timing 38-480] Writing timing data to binary archive.
Writing placer database...
Writing XDEF routing.
Writing XDEF routing logical nets.
Writing XDEF routing special nets.
Write XDEF Complete: Time (s): cpu = 00:00:00 ; elapsed = 00:00:00.037 . Memory (MB): peak = 1979.332 ; gain = 0.000
INFO: [Common 17-1381] The checkpoint 'C:/Users/tbnrs/Documents/Development/hdl_group_project_sc/hdl_group_project.runs/impl_1/ip_integrator_wrapper_opt.dcp' has been generated.
INFO: [runtcl-4] Executing : report_drc -file ip_integrator_wrapper_drc_opted.rpt -pb ip_integrator_wrapper_drc_opted.pb -rpx ip_integrator_wrapper_drc_opted.rpx
Command: report_drc -file ip_integrator_wrapper_drc_opted.rpt -pb ip_integrator_wrapper_drc_opted.pb -rpx ip_integrator_wrapper_drc_opted.rpx
INFO: [IP_Flow 19-1839] IP Catalog is up to date.
INFO: [Timing 38-35] Done setting XDC timing constraints.
INFO: [DRC 23-27] Running DRC with 2 threads
INFO: [Vivado_Tcl 2-168] The results of DRC are in file C:/Users/tbnrs/Documents/Development/hdl_group_project_sc/hdl_group_project.runs/impl_1/ip_integrator_wrapper_drc_opted.rpt.
report_drc completed successfully
Command: place_design
Attempting to get a license for feature 'Implementation' and/or device 'xc7z020'
INFO: [Common 17-349] Got license for feature 'Implementation' and/or device 'xc7z020'
INFO: [DRC 23-27] Running DRC with 2 threads
INFO: [Vivado_Tcl 4-198] DRC finished with 0 Errors
INFO: [Vivado_Tcl 4-199] Please refer to the DRC report (report_drc) for more information.
Running DRC as a precondition to command place_design
INFO: [DRC 23-27] Running DRC with 2 threads
INFO: [Vivado_Tcl 4-198] DRC finished with 0 Errors
INFO: [Vivado_Tcl 4-199] Please refer to the DRC report (report_drc) for more information.

Starting Placer Task
INFO: [Place 30-611] Multithreading enabled for place_design using a maximum of 2 CPUs

Phase 1 Placer Initialization

Phase 1.1 Placer Initialization Netlist Sorting
Netlist sorting complete. Time (s): cpu = 00:00:00 ; elapsed = 00:00:00.005 . Memory (MB): peak = 1979.332 ; gain = 0.000
Phase 1.1 Placer Initialization Netlist Sorting | Checksum: e559ad88

Time (s): cpu = 00:00:00 ; elapsed = 00:00:00.021 . Memory (MB): peak = 1979.332 ; gain = 0.000
Netlist sorting complete. Time (s): cpu = 00:00:00 ; elapsed = 00:00:00.003 . Memory (MB): peak = 1979.332 ; gain = 0.000

Phase 1.2 IO Placement/ Clock Placement/ Build Placer Device
Phase 1.2 IO Placement/ Clock Placement/ Build Placer Device | Checksum: 71faade2

Time (s): cpu = 00:00:00 ; elapsed = 00:00:00.572 . Memory (MB): peak = 1979.332 ; gain = 0.000

Phase 1.3 Build Placer Netlist Model
Phase 1.3 Build Placer Netlist Model | Checksum: 1839d48a0

Time (s): cpu = 00:00:02 ; elapsed = 00:00:02 . Memory (MB): peak = 1979.332 ; gain = 0.000

Phase 1.4 Constrain Clocks/Macros
Phase 1.4 Constrain Clocks/Macros | Checksum: 1839d48a0

Time (s): cpu = 00:00:03 ; elapsed = 00:00:02 . Memory (MB): peak = 1979.332 ; gain = 0.000
Phase 1 Placer Initialization | Checksum: 1839d48a0

Time (s): cpu = 00:00:03 ; elapsed = 00:00:02 . Memory (MB): peak = 1979.332 ; gain = 0.000

Phase 2 Global Placement

Phase 2.1 Floorplanning
Phase 2.1 Floorplanning | Checksum: 1158eb032

Time (s): cpu = 00:00:03 ; elapsed = 00:00:03 . Memory (MB): peak = 1979.332 ; gain = 0.000

Phase 2.2 Update Timing before SLR Path Opt
Phase 2.2 Update Timing before SLR Path Opt | Checksum: 104d999b6

Time (s): cpu = 00:00:04 ; elapsed = 00:00:03 . Memory (MB): peak = 1979.332 ; gain = 0.000

Phase 2.3 Post-Processing in Floorplanning
Phase 2.3 Post-Processing in Floorplanning | Checksum: 1d390f01e

Time (s): cpu = 00:00:04 ; elapsed = 00:00:03 . Memory (MB): peak = 1979.332 ; gain = 0.000

Phase 2.4 Global Placement Core

Phase 2.4.1 Physical Synthesis In Placer
INFO: [Physopt 32-1035] Found 15 LUTNM shape to break, 435 LUT instances to create LUTNM shape
INFO: [Physopt 32-1044] Break lutnm for timing: one critical 1, two critical 14, total 15, new lutff created 0
INFO: [Physopt 32-1138] End 1 Pass. Optimized 192 nets or LUTs. Breaked 15 LUTs, combined 177 existing LUTs and moved 0 existing LUT
INFO: [Physopt 32-65] No nets found for high-fanout optimization.
INFO: [Physopt 32-232] Optimized 0 net. Created 0 new instance.
INFO: [Physopt 32-775] End 1 Pass. Optimized 0 net or cell. Created 0 new cell, deleted 0 existing cell and moved 0 existing cell
INFO: [Physopt 32-456] No candidate cells for DSP register optimization found in the design.
INFO: [Physopt 32-775] End 2 Pass. Optimized 0 net or cell. Created 0 new cell, deleted 0 existing cell and moved 0 existing cell
INFO: [Physopt 32-1123] No candidate cells found for Shift Register to Pipeline optimization
INFO: [Physopt 32-775] End 1 Pass. Optimized 0 net or cell. Created 0 new cell, deleted 0 existing cell and moved 0 existing cell
INFO: [Physopt 32-677] No candidate cells for Shift Register optimization found in the design
INFO: [Physopt 32-775] End 1 Pass. Optimized 0 net or cell. Created 0 new cell, deleted 0 existing cell and moved 0 existing cell
INFO: [Physopt 32-526] No candidate cells for BRAM register optimization found in the design
INFO: [Physopt 32-775] End 1 Pass. Optimized 0 net or cell. Created 0 new cell, deleted 0 existing cell and moved 0 existing cell
INFO: [Physopt 32-846] No candidate cells for URAM register optimization found in the design
INFO: [Physopt 32-775] End 2 Pass. Optimized 0 net or cell. Created 0 new cell, deleted 0 existing cell and moved 0 existing cell
INFO: [Physopt 32-949] No candidate nets found for dynamic/static region interface net replication
INFO: [Physopt 32-775] End 1 Pass. Optimized 0 net or cell. Created 0 new cell, deleted 0 existing cell and moved 0 existing cell
Netlist sorting complete. Time (s): cpu = 00:00:00 ; elapsed = 00:00:00.004 . Memory (MB): peak = 1979.332 ; gain = 0.000

Summary of Physical Synthesis Optimizations
============================================


-----------------------------------------------------------------------------------------------------------------------------------------------------------
|  Optimization                                     |  Added Cells  |  Removed Cells  |  Optimized Cells/Nets  |  Dont Touch  |  Iterations  |  Elapsed   |
-----------------------------------------------------------------------------------------------------------------------------------------------------------
|  LUT Combining                                    |           15  |            177  |                   192  |           0  |           1  |  00:00:00  |
|  Retime                                           |            0  |              0  |                     0  |           0  |           1  |  00:00:00  |
|  Very High Fanout                                 |            0  |              0  |                     0  |           0  |           1  |  00:00:00  |
|  DSP Register                                     |            0  |              0  |                     0  |           0  |           1  |  00:00:00  |
|  Shift Register to Pipeline                       |            0  |              0  |                     0  |           0  |           1  |  00:00:00  |
|  Shift Register                                   |            0  |              0  |                     0  |           0  |           1  |  00:00:00  |
|  BRAM Register                                    |            0  |              0  |                     0  |           0  |           1  |  00:00:00  |
|  URAM Register                                    |            0  |              0  |                     0  |           0  |           1  |  00:00:00  |
|  Dynamic/Static Region Interface Net Replication  |            0  |              0  |                     0  |           0  |           1  |  00:00:00  |
|  Total                                            |           15  |            177  |                   192  |           0  |           9  |  00:00:00  |
-----------------------------------------------------------------------------------------------------------------------------------------------------------


Phase 2.4.1 Physical Synthesis In Placer | Checksum: e6e26563

Time (s): cpu = 00:00:13 ; elapsed = 00:00:09 . Memory (MB): peak = 1979.332 ; gain = 0.000
Phase 2.4 Global Placement Core | Checksum: 1b1e79be5

Time (s): cpu = 00:00:13 ; elapsed = 00:00:09 . Memory (MB): peak = 1979.332 ; gain = 0.000
Phase 2 Global Placement | Checksum: 1b1e79be5

Time (s): cpu = 00:00:13 ; elapsed = 00:00:09 . Memory (MB): peak = 1979.332 ; gain = 0.000

Phase 3 Detail Placement

Phase 3.1 Commit Multi Column Macros
Phase 3.1 Commit Multi Column Macros | Checksum: ec85f60a

Time (s): cpu = 00:00:14 ; elapsed = 00:00:10 . Memory (MB): peak = 1979.332 ; gain = 0.000

Phase 3.2 Commit Most Macros & LUTRAMs
Phase 3.2 Commit Most Macros & LUTRAMs | Checksum: 1977f2223

Time (s): cpu = 00:00:15 ; elapsed = 00:00:11 . Memory (MB): peak = 1979.332 ; gain = 0.000

Phase 3.3 Area Swap Optimization
Phase 3.3 Area Swap Optimization | Checksum: cc6af9ea

Time (s): cpu = 00:00:15 ; elapsed = 00:00:11 . Memory (MB): peak = 1979.332 ; gain = 0.000

Phase 3.4 Pipeline Register Optimization
Phase 3.4 Pipeline Register Optimization | Checksum: 166fbef4d

Time (s): cpu = 00:00:15 ; elapsed = 00:00:11 . Memory (MB): peak = 1979.332 ; gain = 0.000

Phase 3.5 Fast Optimization
Phase 3.5 Fast Optimization | Checksum: 10956f100

Time (s): cpu = 00:00:17 ; elapsed = 00:00:13 . Memory (MB): peak = 1979.332 ; gain = 0.000

Phase 3.6 Small Shape Detail Placement
Phase 3.6 Small Shape Detail Placement | Checksum: b2e1f3ed

Time (s): cpu = 00:00:19 ; elapsed = 00:00:16 . Memory (MB): peak = 1979.332 ; gain = 0.000

Phase 3.7 Re-assign LUT pins
Phase 3.7 Re-assign LUT pins | Checksum: 1685af3d7

Time (s): cpu = 00:00:20 ; elapsed = 00:00:16 . Memory (MB): peak = 1979.332 ; gain = 0.000

Phase 3.8 Pipeline Register Optimization
Phase 3.8 Pipeline Register Optimization | Checksum: 24b19fe34

Time (s): cpu = 00:00:20 ; elapsed = 00:00:16 . Memory (MB): peak = 1979.332 ; gain = 0.000

Phase 3.9 Fast Optimization
Phase 3.9 Fast Optimization | Checksum: 1d7fc4105

Time (s): cpu = 00:00:23 ; elapsed = 00:00:19 . Memory (MB): peak = 1979.332 ; gain = 0.000
Phase 3 Detail Placement | Checksum: 1d7fc4105

Time (s): cpu = 00:00:23 ; elapsed = 00:00:19 . Memory (MB): peak = 1979.332 ; gain = 0.000

Phase 4 Post Placement Optimization and Clean-Up

Phase 4.1 Post Commit Optimization
INFO: [Timing 38-35] Done setting XDC timing constraints.

Phase 4.1.1 Post Placement Optimization
Post Placement Optimization Initialization | Checksum: 237b08e68

Phase 4.1.1.1 BUFG Insertion

Starting Physical Synthesis Task

Phase 1 Physical Synthesis Initialization
INFO: [Physopt 32-721] Multithreading enabled for phys_opt_design using a maximum of 2 CPUs
INFO: [Physopt 32-619] Estimated Timing Summary | WNS=-3.696 | TNS=-230.322 |
Phase 1 Physical Synthesis Initialization | Checksum: 17e5a913d

Time (s): cpu = 00:00:00 ; elapsed = 00:00:00.279 . Memory (MB): peak = 1979.332 ; gain = 0.000
INFO: [Place 46-56] BUFG insertion identified 0 candidate nets. Inserted BUFG: 0, Replicated BUFG Driver: 0, Skipped due to Placement/Routing Conflicts: 0, Skipped due to Timing Degradation: 0, Skipped due to Illegal Netlist: 0.
Ending Physical Synthesis Task | Checksum: 19bd56a1a

Time (s): cpu = 00:00:00 ; elapsed = 00:00:00.299 . Memory (MB): peak = 1979.332 ; gain = 0.000
Phase 4.1.1.1 BUFG Insertion | Checksum: 237b08e68

Time (s): cpu = 00:00:25 ; elapsed = 00:00:21 . Memory (MB): peak = 1979.332 ; gain = 0.000

Phase 4.1.1.2 Post Placement Timing Optimization
INFO: [Place 30-746] Post Placement Timing Summary WNS=-2.607. For the most accurate timing information please run report_timing.
Phase 4.1.1.2 Post Placement Timing Optimization | Checksum: 1a7272bbb

Time (s): cpu = 00:00:33 ; elapsed = 00:00:28 . Memory (MB): peak = 1979.332 ; gain = 0.000

Time (s): cpu = 00:00:33 ; elapsed = 00:00:28 . Memory (MB): peak = 1979.332 ; gain = 0.000
Phase 4.1 Post Commit Optimization | Checksum: 1a7272bbb

Time (s): cpu = 00:00:33 ; elapsed = 00:00:28 . Memory (MB): peak = 1979.332 ; gain = 0.000

Phase 4.2 Post Placement Cleanup
Phase 4.2 Post Placement Cleanup | Checksum: 1a7272bbb

Time (s): cpu = 00:00:33 ; elapsed = 00:00:28 . Memory (MB): peak = 1979.332 ; gain = 0.000

Phase 4.3 Placer Reporting

Phase 4.3.1 Print Estimated Congestion
INFO: [Place 30-612] Post-Placement Estimated Congestion 
 ____________________________________________________
|           | Global Congestion | Short Congestion  |
| Direction | Region Size       | Region Size       |
|___________|___________________|___________________|
|      North|                1x1|                4x4|
|___________|___________________|___________________|
|      South|                2x2|                4x4|
|___________|___________________|___________________|
|       East|                2x2|                2x2|
|___________|___________________|___________________|
|       West|                4x4|                2x2|
|___________|___________________|___________________|

Phase 4.3.1 Print Estimated Congestion | Checksum: 1a7272bbb

Time (s): cpu = 00:00:33 ; elapsed = 00:00:28 . Memory (MB): peak = 1979.332 ; gain = 0.000
Phase 4.3 Placer Reporting | Checksum: 1a7272bbb

Time (s): cpu = 00:00:33 ; elapsed = 00:00:28 . Memory (MB): peak = 1979.332 ; gain = 0.000

Phase 4.4 Final Placement Cleanup
Netlist sorting complete. Time (s): cpu = 00:00:00 ; elapsed = 00:00:00.005 . Memory (MB): peak = 1979.332 ; gain = 0.000

Time (s): cpu = 00:00:33 ; elapsed = 00:00:28 . Memory (MB): peak = 1979.332 ; gain = 0.000
Phase 4 Post Placement Optimization and Clean-Up | Checksum: 196132f0d

Time (s): cpu = 00:00:33 ; elapsed = 00:00:28 . Memory (MB): peak = 1979.332 ; gain = 0.000
Ending Placer Task | Checksum: 17406c6c9

Time (s): cpu = 00:00:33 ; elapsed = 00:00:28 . Memory (MB): peak = 1979.332 ; gain = 0.000
INFO: [Common 17-83] Releasing license: Implementation
77 Infos, 1 Warnings, 0 Critical Warnings and 0 Errors encountered.
place_design completed successfully
place_design: Time (s): cpu = 00:00:35 ; elapsed = 00:00:29 . Memory (MB): peak = 1979.332 ; gain = 0.000
INFO: [Timing 38-480] Writing timing data to binary archive.
Writing placer database...
Writing XDEF routing.
Writing XDEF routing logical nets.
Writing XDEF routing special nets.
Write XDEF Complete: Time (s): cpu = 00:00:02 ; elapsed = 00:00:00.546 . Memory (MB): peak = 1979.332 ; gain = 0.000
INFO: [Common 17-1381] The checkpoint 'C:/Users/tbnrs/Documents/Development/hdl_group_project_sc/hdl_group_project.runs/impl_1/ip_integrator_wrapper_placed.dcp' has been generated.
INFO: [runtcl-4] Executing : report_io -file ip_integrator_wrapper_io_placed.rpt
report_io: Time (s): cpu = 00:00:00 ; elapsed = 00:00:00.033 . Memory (MB): peak = 1979.332 ; gain = 0.000
INFO: [runtcl-4] Executing : report_utilization -file ip_integrator_wrapper_utilization_placed.rpt -pb ip_integrator_wrapper_utilization_placed.pb
INFO: [runtcl-4] Executing : report_control_sets -verbose -file ip_integrator_wrapper_control_sets_placed.rpt
report_control_sets: Time (s): cpu = 00:00:00 ; elapsed = 00:00:00.028 . Memory (MB): peak = 1979.332 ; gain = 0.000
Command: phys_opt_design
Attempting to get a license for feature 'Implementation' and/or device 'xc7z020'
INFO: [Common 17-349] Got license for feature 'Implementation' and/or device 'xc7z020'
INFO: [Vivado_Tcl 4-1435] PhysOpt_Tcl_Interface Runtime Before Starting Physical Synthesis Task | CPU: 3.00s |  WALL: 1.16s
Netlist sorting complete. Time (s): cpu = 00:00:00 ; elapsed = 00:00:00.004 . Memory (MB): peak = 1979.332 ; gain = 0.000

Starting Physical Synthesis Task

Phase 1 Physical Synthesis Initialization
INFO: [Physopt 32-721] Multithreading enabled for phys_opt_design using a maximum of 2 CPUs
INFO: [Physopt 32-619] Estimated Timing Summary | WNS=-2.607 | TNS=-184.875 |
Phase 1 Physical Synthesis Initialization | Checksum: 1120ad8f8

Time (s): cpu = 00:00:02 ; elapsed = 00:00:00.783 . Memory (MB): peak = 1979.332 ; gain = 0.000
INFO: [Physopt 32-619] Estimated Timing Summary | WNS=-2.607 | TNS=-184.875 |

Phase 2 DSP Register Optimization
INFO: [Physopt 32-456] No candidate cells for DSP register optimization found in the design.
INFO: [Physopt 32-775] End 2 Pass. Optimized 0 net or cell. Created 0 new cell, deleted 0 existing cell and moved 0 existing cell
Phase 2 DSP Register Optimization | Checksum: 1120ad8f8

Time (s): cpu = 00:00:02 ; elapsed = 00:00:00.820 . Memory (MB): peak = 1979.332 ; gain = 0.000

Phase 3 Critical Path Optimization
INFO: [Physopt 32-619] Estimated Timing Summary | WNS=-2.607 | TNS=-184.875 |
INFO: [Physopt 32-702] Processed net ip_integrator_i/rv_sc_ip_0/inst/u_pc/Q[4]. Optimizations did not improve timing on the net.
INFO: [Physopt 32-702] Processed net ip_integrator_i/processing_system7_0/inst/FCLK_CLK_unbuffered[0]. Optimizations did not improve timing on the net.
INFO: [Physopt 32-608] Optimized 1 net.  Swapped 24 pins.
INFO: [Physopt 32-735] Processed net ip_integrator_i/rv_sc_ip_0/inst/u_regfile/pc[12]_i_4_n_0. Optimization improves timing on the net.
INFO: [Physopt 32-619] Estimated Timing Summary | WNS=-2.596 | TNS=-184.545 |
INFO: [Physopt 32-702] Processed net ip_integrator_i/rv_sc_ip_0/inst/u_regfile/pc[12]_i_4_n_0. Optimizations did not improve timing on the net.
INFO: [Physopt 32-663] Processed net ip_integrator_i/rv_sc_ip_0/inst/u_regfile/pc[12]_i_8_n_0.  Re-placed instance ip_integrator_i/rv_sc_ip_0/inst/u_regfile/pc[12]_i_8
INFO: [Physopt 32-735] Processed net ip_integrator_i/rv_sc_ip_0/inst/u_regfile/pc[12]_i_8_n_0. Optimization improves timing on the net.
INFO: [Physopt 32-619] Estimated Timing Summary | WNS=-2.593 | TNS=-184.455 |
INFO: [Physopt 32-663] Processed net ip_integrator_i/rv_sc_ip_0/inst/u_regfile/pc[12]_i_10_n_0.  Re-placed instance ip_integrator_i/rv_sc_ip_0/inst/u_regfile/pc[12]_i_10
INFO: [Physopt 32-735] Processed net ip_integrator_i/rv_sc_ip_0/inst/u_regfile/pc[12]_i_10_n_0. Optimization improves timing on the net.
INFO: [Physopt 32-619] Estimated Timing Summary | WNS=-2.585 | TNS=-182.651 |
INFO: [Physopt 32-702] Processed net ip_integrator_i/rv_sc_ip_0/inst/u_pc/Q[8]. Optimizations did not improve timing on the net.
INFO: [Physopt 32-81] Processed net ip_integrator_i/rv_sc_ip_0/inst/u_regfile/pc[12]_i_6_n_0. Replicated 1 times.
INFO: [Physopt 32-735] Processed net ip_integrator_i/rv_sc_ip_0/inst/u_regfile/pc[12]_i_6_n_0. Optimization improves timing on the net.
INFO: [Physopt 32-619] Estimated Timing Summary | WNS=-2.572 | TNS=-182.646 |
INFO: [Physopt 32-702] Processed net ip_integrator_i/rv_sc_ip_0/inst/u_pc/Q[10]. Optimizations did not improve timing on the net.
INFO: [Physopt 32-702] Processed net ip_integrator_i/rv_sc_ip_0/inst/u_regfile/pc[12]_i_6_n_0. Optimizations did not improve timing on the net.
INFO: [Physopt 32-242] Processed net ip_integrator_i/rv_sc_ip_0/inst/u_regfile/pc[12]_i_12_n_0. Rewired (signal push) ip_integrator_i/rv_sc_ip_0/inst/u_regfile/d_addrb[4] to 2 loads. Replicated 0 times.
INFO: [Physopt 32-735] Processed net ip_integrator_i/rv_sc_ip_0/inst/u_regfile/pc[12]_i_12_n_0. Optimization improves timing on the net.
INFO: [Physopt 32-619] Estimated Timing Summary | WNS=-2.558 | TNS=-182.385 |
INFO: [Physopt 32-702] Processed net ip_integrator_i/rv_sc_ip_0/inst/u_regfile/pc[12]_i_12_n_0. Optimizations did not improve timing on the net.
INFO: [Physopt 32-608] Optimized 1 net.  Swapped 23 pins.
INFO: [Physopt 32-735] Processed net ip_integrator_i/rv_sc_ip_0/inst/u_regfile/regs_reg_r1_0_31_18_23_i_9_n_0. Optimization improves timing on the net.
INFO: [Physopt 32-619] Estimated Timing Summary | WNS=-2.555 | TNS=-182.322 |
INFO: [Physopt 32-710] Processed net ip_integrator_i/rv_sc_ip_0/inst/u_regfile/pc[12]_i_12_n_0. Critical path length was reduced through logic transformation on cell ip_integrator_i/rv_sc_ip_0/inst/u_regfile/pc[12]_i_12_rewire_comp.
INFO: [Physopt 32-735] Processed net ip_integrator_i/rv_sc_ip_0/inst/u_regfile/regs_reg_r1_0_31_18_23_i_9_n_0. Optimization improves timing on the net.
INFO: [Physopt 32-619] Estimated Timing Summary | WNS=-2.512 | TNS=-181.765 |
INFO: [Physopt 32-702] Processed net ip_integrator_i/rv_sc_ip_0/inst/u_regfile/regs_reg_r1_0_31_18_23_i_17_n_0. Optimizations did not improve timing on the net.
INFO: [Physopt 32-710] Processed net ip_integrator_i/rv_sc_ip_0/inst/u_regfile/regs_reg_r1_0_31_18_23_i_17_n_0. Critical path length was reduced through logic transformation on cell ip_integrator_i/rv_sc_ip_0/inst/u_regfile/regs_reg_r1_0_31_18_23_i_17_comp.
INFO: [Physopt 32-735] Processed net ip_integrator_i/rv_sc_ip_0/inst/u_regfile/regs_reg_r1_0_31_18_23_i_38_n_0. Optimization improves timing on the net.
INFO: [Physopt 32-619] Estimated Timing Summary | WNS=-2.503 | TNS=-181.701 |
INFO: [Physopt 32-608] Optimized 1 net.  Swapped 21 pins.
INFO: [Physopt 32-735] Processed net ip_integrator_i/rv_sc_ip_0/inst/u_regfile/regs_reg_r1_0_31_18_23_i_40_n_0. Optimization improves timing on the net.
INFO: [Physopt 32-619] Estimated Timing Summary | WNS=-2.502 | TNS=-181.547 |
INFO: [Physopt 32-702] Processed net ip_integrator_i/rv_sc_ip_0/inst/u_regfile/pc[12]_i_10_n_0. Optimizations did not improve timing on the net.
INFO: [Physopt 32-702] Processed net ip_integrator_i/rv_sc_ip_0/inst/u_regfile/d_addrb[10]. Optimizations did not improve timing on the net.
INFO: [Physopt 32-702] Processed net ip_integrator_i/rv_sc_ip_0/inst/u_regfile/d_addrb[12]_INST_0_i_1_n_0. Optimizations did not improve timing on the net.
INFO: [Physopt 32-663] Processed net ip_integrator_i/rv_sc_ip_0/inst/u_alu/DEVICE_7SERIES.WITH_BMM_INFO.TRUE_DP.SIMPLE_PRIM36.TDP_SP36_NO_ECC_ATTR.ram_8.  Re-placed instance ip_integrator_i/rv_sc_ip_0/inst/u_alu/d_addrb[12]_INST_0_i_7
INFO: [Physopt 32-735] Processed net ip_integrator_i/rv_sc_ip_0/inst/u_alu/DEVICE_7SERIES.WITH_BMM_INFO.TRUE_DP.SIMPLE_PRIM36.TDP_SP36_NO_ECC_ATTR.ram_8. Optimization improves timing on the net.
INFO: [Physopt 32-619] Estimated Timing Summary | WNS=-2.490 | TNS=-181.256 |
INFO: [Physopt 32-608] Optimized 1 net.  Swapped 21 pins.
INFO: [Physopt 32-735] Processed net ip_integrator_i/rv_sc_ip_0/inst/u_regfile/d_addrb[9]. Optimization improves timing on the net.
INFO: [Physopt 32-619] Estimated Timing Summary | WNS=-2.483 | TNS=-180.593 |
INFO: [Physopt 32-702] Processed net ip_integrator_i/rv_sc_ip_0/inst/u_regfile/regs_reg_r1_0_31_30_31_i_2_n_0. Optimizations did not improve timing on the net.
INFO: [Physopt 32-608] Optimized 1 net.  Swapped 22 pins.
INFO: [Physopt 32-735] Processed net ip_integrator_i/rv_sc_ip_0/inst/u_regfile/regs_reg_r1_0_31_30_31_i_5_n_0. Optimization improves timing on the net.
INFO: [Physopt 32-619] Estimated Timing Summary | WNS=-2.480 | TNS=-179.351 |
INFO: [Physopt 32-702] Processed net ip_integrator_i/rv_sc_ip_0/inst/u_pc/Q[23]. Optimizations did not improve timing on the net.
INFO: [Physopt 32-702] Processed net ip_integrator_i/rv_sc_ip_0/inst/u_regfile/pc[12]_i_5_n_0. Optimizations did not improve timing on the net.
INFO: [Physopt 32-81] Processed net ip_integrator_i/rv_sc_ip_0/inst/u_regfile/regs_reg_r1_0_31_24_29_i_13_n_0. Replicated 1 times.
INFO: [Physopt 32-735] Processed net ip_integrator_i/rv_sc_ip_0/inst/u_regfile/regs_reg_r1_0_31_24_29_i_13_n_0. Optimization improves timing on the net.
INFO: [Physopt 32-619] Estimated Timing Summary | WNS=-2.477 | TNS=-180.012 |
INFO: [Physopt 32-134] Processed net ip_integrator_i/rv_sc_ip_0/inst/u_regfile/pc[12]_i_11_n_0. Rewiring did not optimize the net.
INFO: [Physopt 32-702] Processed net ip_integrator_i/rv_sc_ip_0/inst/u_regfile/pc[12]_i_11_n_0. Optimizations did not improve timing on the net.
INFO: [Physopt 32-710] Processed net ip_integrator_i/rv_sc_ip_0/inst/u_regfile/pc[12]_i_11_n_0. Critical path length was reduced through logic transformation on cell ip_integrator_i/rv_sc_ip_0/inst/u_regfile/pc[12]_i_11_comp.
INFO: [Physopt 32-735] Processed net ip_integrator_i/rv_sc_ip_0/inst/u_regfile/regs_reg_r1_0_31_24_29_i_15_n_0. Optimization improves timing on the net.
INFO: [Physopt 32-619] Estimated Timing Summary | WNS=-2.477 | TNS=-180.012 |
INFO: [Physopt 32-608] Optimized 1 net.  Swapped 21 pins.
INFO: [Physopt 32-735] Processed net ip_integrator_i/rv_sc_ip_0/inst/u_regfile/regs_reg_r1_0_31_24_29_i_9_n_0. Optimization improves timing on the net.
INFO: [Physopt 32-619] Estimated Timing Summary | WNS=-2.469 | TNS=-179.511 |
INFO: [Physopt 32-702] Processed net ip_integrator_i/rv_sc_ip_0/inst/u_regfile/pc[12]_i_7_n_0. Optimizations did not improve timing on the net.
INFO: [Physopt 32-710] Processed net ip_integrator_i/rv_sc_ip_0/inst/u_regfile/pc[12]_i_7_n_0. Critical path length was reduced through logic transformation on cell ip_integrator_i/rv_sc_ip_0/inst/u_regfile/pc[12]_i_7_comp.
INFO: [Physopt 32-735] Processed net ip_integrator_i/rv_sc_ip_0/inst/u_regfile/d_addrb[0]. Optimization improves timing on the net.
INFO: [Physopt 32-619] Estimated Timing Summary | WNS=-2.468 | TNS=-179.504 |
INFO: [Physopt 32-608] Optimized 1 net.  Swapped 22 pins.
INFO: [Physopt 32-735] Processed net ip_integrator_i/rv_sc_ip_0/inst/u_alu/DEVICE_7SERIES.WITH_BMM_INFO.TRUE_DP.SIMPLE_PRIM36.TDP_SP36_NO_ECC_ATTR.ram_8. Optimization improves timing on the net.
INFO: [Physopt 32-619] Estimated Timing Summary | WNS=-2.467 | TNS=-179.229 |
INFO: [Physopt 32-702] Processed net ip_integrator_i/rv_sc_ip_0/inst/u_regfile/pc[12]_i_8_n_0. Optimizations did not improve timing on the net.
INFO: [Physopt 32-710] Processed net ip_integrator_i/rv_sc_ip_0/inst/u_regfile/pc[12]_i_8_n_0. Critical path length was reduced through logic transformation on cell ip_integrator_i/rv_sc_ip_0/inst/u_regfile/pc[12]_i_8_comp.
INFO: [Physopt 32-735] Processed net ip_integrator_i/rv_sc_ip_0/inst/u_regfile/d_addrb[8]. Optimization improves timing on the net.
INFO: [Physopt 32-619] Estimated Timing Summary | WNS=-2.461 | TNS=-178.709 |
INFO: [Physopt 32-608] Optimized 1 net.  Swapped 21 pins.
INFO: [Physopt 32-735] Processed net ip_integrator_i/rv_sc_ip_0/inst/u_regfile/regs_reg_r1_0_31_18_23_i_40_n_0. Optimization improves timing on the net.
INFO: [Physopt 32-619] Estimated Timing Summary | WNS=-2.454 | TNS=-178.441 |
INFO: [Physopt 32-702] Processed net ip_integrator_i/rv_sc_ip_0/inst/u_regfile/regs_reg_r1_0_31_24_29_i_13_n_0. Optimizations did not improve timing on the net.
INFO: [Physopt 32-710] Processed net ip_integrator_i/rv_sc_ip_0/inst/u_regfile/regs_reg_r1_0_31_24_29_i_13_n_0. Critical path length was reduced through logic transformation on cell ip_integrator_i/rv_sc_ip_0/inst/u_regfile/regs_reg_r1_0_31_24_29_i_13_comp.
INFO: [Physopt 32-735] Processed net ip_integrator_i/rv_sc_ip_0/inst/u_regfile/regs_reg_r1_0_31_24_29_i_32_n_0. Optimization improves timing on the net.
INFO: [Physopt 32-619] Estimated Timing Summary | WNS=-2.449 | TNS=-177.898 |
INFO: [Physopt 32-608] Optimized 1 net.  Swapped 24 pins.
INFO: [Physopt 32-735] Processed net ip_integrator_i/rv_sc_ip_0/inst/u_regfile/regs_reg_r1_0_31_18_23_i_11_n_0. Optimization improves timing on the net.
INFO: [Physopt 32-619] Estimated Timing Summary | WNS=-2.439 | TNS=-177.488 |
INFO: [Physopt 32-608] Optimized 1 net.  Swapped 24 pins.
INFO: [Physopt 32-735] Processed net ip_integrator_i/rv_sc_ip_0/inst/u_regfile/d_addrb[4]. Optimization improves timing on the net.
INFO: [Physopt 32-619] Estimated Timing Summary | WNS=-2.439 | TNS=-177.092 |
INFO: [Physopt 32-81] Processed net ip_integrator_i/rv_sc_ip_0/inst/u_regfile/regs_reg_r1_0_31_12_17_i_16_n_0. Replicated 2 times.
INFO: [Physopt 32-735] Processed net ip_integrator_i/rv_sc_ip_0/inst/u_regfile/regs_reg_r1_0_31_12_17_i_16_n_0. Optimization improves timing on the net.
INFO: [Physopt 32-619] Estimated Timing Summary | WNS=-2.425 | TNS=-176.568 |
INFO: [Physopt 32-608] Optimized 1 net.  Swapped 24 pins.
INFO: [Physopt 32-735] Processed net ip_integrator_i/rv_sc_ip_0/inst/u_regfile/regs_reg_r1_0_31_18_23_i_15_n_0. Optimization improves timing on the net.
INFO: [Physopt 32-619] Estimated Timing Summary | WNS=-2.423 | TNS=-175.989 |
INFO: [Physopt 32-608] Optimized 1 net.  Swapped 24 pins.
INFO: [Physopt 32-735] Processed net ip_integrator_i/rv_sc_ip_0/inst/u_regfile/d_addrb[1]. Optimization improves timing on the net.
INFO: [Physopt 32-619] Estimated Timing Summary | WNS=-2.413 | TNS=-175.192 |
INFO: [Physopt 32-702] Processed net ip_integrator_i/rv_sc_ip_0/inst/u_regfile/regs_reg_r1_0_31_24_29_i_32_n_0_repN_1. Optimizations did not improve timing on the net.
INFO: [Physopt 32-608] Optimized 1 net.  Swapped 21 pins.
INFO: [Physopt 32-735] Processed net ip_integrator_i/rv_sc_ip_0/inst/u_regfile/regs_reg_r1_0_31_24_29_i_51_n_0. Optimization improves timing on the net.
INFO: [Physopt 32-619] Estimated Timing Summary | WNS=-2.408 | TNS=-175.127 |
INFO: [Physopt 32-702] Processed net ip_integrator_i/rv_sc_ip_0/inst/u_regfile/regs_reg_r1_0_31_24_29_i_11_n_0. Optimizations did not improve timing on the net.
INFO: [Physopt 32-710] Processed net ip_integrator_i/rv_sc_ip_0/inst/u_regfile/regs_reg_r1_0_31_24_29_i_11_n_0. Critical path length was reduced through logic transformation on cell ip_integrator_i/rv_sc_ip_0/inst/u_regfile/regs_reg_r1_0_31_24_29_i_11_comp.
INFO: [Physopt 32-735] Processed net ip_integrator_i/rv_sc_ip_0/inst/u_regfile/regs_reg_r1_0_31_24_29_i_28_n_0. Optimization improves timing on the net.
INFO: [Physopt 32-619] Estimated Timing Summary | WNS=-2.407 | TNS=-174.167 |
INFO: [Physopt 32-608] Optimized 1 net.  Swapped 20 pins.
INFO: [Physopt 32-735] Processed net ip_integrator_i/rv_sc_ip_0/inst/u_regfile/pc[12]_i_9_n_0. Optimization improves timing on the net.
INFO: [Physopt 32-619] Estimated Timing Summary | WNS=-2.403 | TNS=-174.095 |
INFO: [Physopt 32-702] Processed net ip_integrator_i/rv_sc_ip_0/inst/u_regfile/regs_reg_r1_0_31_12_17_i_10_n_0. Optimizations did not improve timing on the net.
INFO: [Physopt 32-702] Processed net ip_integrator_i/rv_sc_ip_0/inst/u_regfile/regs_reg_r1_0_31_12_17_i_22_n_0. Optimizations did not improve timing on the net.
INFO: [Physopt 32-663] Processed net ip_integrator_i/rv_sc_ip_0/inst/u_regfile/regs_reg_r1_0_31_12_17_i_44_n_0.  Re-placed instance ip_integrator_i/rv_sc_ip_0/inst/u_regfile/regs_reg_r1_0_31_12_17_i_44
INFO: [Physopt 32-735] Processed net ip_integrator_i/rv_sc_ip_0/inst/u_regfile/regs_reg_r1_0_31_12_17_i_44_n_0. Optimization improves timing on the net.
INFO: [Physopt 32-619] Estimated Timing Summary | WNS=-2.395 | TNS=-173.839 |
INFO: [Physopt 32-81] Processed net ip_integrator_i/rv_sc_ip_0/inst/u_regfile/regs_reg_r1_0_31_18_23_i_7_n_0. Replicated 1 times.
INFO: [Physopt 32-735] Processed net ip_integrator_i/rv_sc_ip_0/inst/u_regfile/regs_reg_r1_0_31_18_23_i_7_n_0. Optimization improves timing on the net.
INFO: [Physopt 32-619] Estimated Timing Summary | WNS=-2.389 | TNS=-173.696 |
INFO: [Physopt 32-608] Optimized 1 net.  Swapped 24 pins.
INFO: [Physopt 32-735] Processed net ip_integrator_i/rv_sc_ip_0/inst/u_regfile/regs_reg_r1_0_31_12_17_i_23_n_0. Optimization improves timing on the net.
INFO: [Physopt 32-619] Estimated Timing Summary | WNS=-2.387 | TNS=-173.231 |
INFO: [Physopt 32-663] Processed net ip_integrator_i/rv_sc_ip_0/inst/u_regfile/regs_reg_r1_0_31_18_23_i_38_n_0.  Re-placed instance ip_integrator_i/rv_sc_ip_0/inst/u_regfile/regs_reg_r1_0_31_18_23_i_38_comp_1
INFO: [Physopt 32-735] Processed net ip_integrator_i/rv_sc_ip_0/inst/u_regfile/regs_reg_r1_0_31_18_23_i_38_n_0. Optimization improves timing on the net.
INFO: [Physopt 32-619] Estimated Timing Summary | WNS=-2.384 | TNS=-172.981 |
INFO: [Physopt 32-702] Processed net ip_integrator_i/rv_sc_ip_0/inst/u_regfile/regs_reg_r1_0_31_24_29_i_7_n_0. Optimizations did not improve timing on the net.
INFO: [Physopt 32-710] Processed net ip_integrator_i/rv_sc_ip_0/inst/u_regfile/regs_reg_r1_0_31_24_29_i_7_n_0. Critical path length was reduced through logic transformation on cell ip_integrator_i/rv_sc_ip_0/inst/u_regfile/regs_reg_r1_0_31_24_29_i_7_comp.
INFO: [Physopt 32-735] Processed net ip_integrator_i/rv_sc_ip_0/inst/u_regfile/regs_reg_r1_0_31_24_29_i_19_n_0. Optimization improves timing on the net.
INFO: [Physopt 32-619] Estimated Timing Summary | WNS=-2.380 | TNS=-172.917 |
INFO: [Physopt 32-702] Processed net ip_integrator_i/rv_sc_ip_0/inst/u_alu/DEVICE_7SERIES.WITH_BMM_INFO.TRUE_DP.SIMPLE_PRIM36.TDP_SP36_NO_ECC_ATTR.ram_1. Optimizations did not improve timing on the net.
INFO: [Physopt 32-702] Processed net ip_integrator_i/rv_sc_ip_0/inst/u_regfile/DEVICE_7SERIES.WITH_BMM_INFO.TRUE_DP.SIMPLE_PRIM36.TDP_SP36_NO_ECC_ATTR.ram_16[24]. Optimizations did not improve timing on the net.
INFO: [Physopt 32-702] Processed net ip_integrator_i/rv_sc_ip_0/inst/u_regfile/regs_reg_r1_0_31_18_23_i_83_n_0. Optimizations did not improve timing on the net.
INFO: [Physopt 32-702] Processed net ip_integrator_i/rv_sc_ip_0/inst/u_regfile/regs_reg_r1_0_31_12_17_i_55_n_0. Optimizations did not improve timing on the net.
INFO: [Physopt 32-702] Processed net ip_integrator_i/rv_sc_ip_0/inst/u_regfile/d_addrb[12]_INST_0_i_24_n_0. Optimizations did not improve timing on the net.
INFO: [Physopt 32-702] Processed net ip_integrator_i/rv_sc_ip_0/inst/u_regfile/d_addrb[10]_INST_0_i_6_n_0. Optimizations did not improve timing on the net.
INFO: [Physopt 32-702] Processed net ip_integrator_i/rv_sc_ip_0/inst/u_regfile/d_addrb[7]_INST_0_i_5_n_0. Optimizations did not improve timing on the net.
INFO: [Physopt 32-702] Processed net ip_integrator_i/rv_sc_ip_0/inst/u_alu/DEVICE_7SERIES.WITH_BMM_INFO.TRUE_DP.SIMPLE_PRIM36.TDP_SP36_NO_ECC_ATTR.ram_35[0]. Optimizations did not improve timing on the net.
INFO: [Physopt 32-81] Processed net ip_integrator_i/rv_sc_ip_0/inst/u_regfile/DEVICE_7SERIES.WITH_BMM_INFO.TRUE_DP.SIMPLE_PRIM36.TDP_SP36_NO_ECC_ATTR.ram_0[1]. Replicated 1 times.
INFO: [Physopt 32-735] Processed net ip_integrator_i/rv_sc_ip_0/inst/u_regfile/DEVICE_7SERIES.WITH_BMM_INFO.TRUE_DP.SIMPLE_PRIM36.TDP_SP36_NO_ECC_ATTR.ram_0[1]. Optimization improves timing on the net.
INFO: [Physopt 32-619] Estimated Timing Summary | WNS=-2.378 | TNS=-169.743 |
INFO: [Physopt 32-702] Processed net ip_integrator_i/rv_sc_ip_0/inst/u_regfile/regs_reg_r1_0_31_24_29_i_9_n_0. Optimizations did not improve timing on the net.
INFO: [Physopt 32-702] Processed net ip_integrator_i/rv_sc_ip_0/inst/u_regfile/regs_reg_r1_0_31_24_29_i_25_n_0. Optimizations did not improve timing on the net.
INFO: [Physopt 32-710] Processed net ip_integrator_i/rv_sc_ip_0/inst/u_regfile/regs_reg_r1_0_31_24_29_i_25_n_0. Critical path length was reduced through logic transformation on cell ip_integrator_i/rv_sc_ip_0/inst/u_regfile/regs_reg_r1_0_31_24_29_i_25_comp.
INFO: [Physopt 32-735] Processed net ip_integrator_i/rv_sc_ip_0/inst/u_alu/DEVICE_7SERIES.WITH_BMM_INFO.TRUE_DP.SIMPLE_PRIM36.TDP_SP36_NO_ECC_ATTR.ram_17. Optimization improves timing on the net.
INFO: [Physopt 32-619] Estimated Timing Summary | WNS=-2.367 | TNS=-169.567 |
INFO: [Physopt 32-608] Optimized 1 net.  Swapped 21 pins.
INFO: [Physopt 32-735] Processed net ip_integrator_i/rv_sc_ip_0/inst/u_regfile/regs_reg_r1_0_31_24_29_i_40_n_0. Optimization improves timing on the net.
INFO: [Physopt 32-619] Estimated Timing Summary | WNS=-2.349 | TNS=-168.865 |
INFO: [Physopt 32-663] Processed net ip_integrator_i/rv_sc_ip_0/inst/u_alu/DEVICE_7SERIES.WITH_BMM_INFO.TRUE_DP.SIMPLE_PRIM36.TDP_SP36_NO_ECC_ATTR.ram_19.  Re-placed instance ip_integrator_i/rv_sc_ip_0/inst/u_alu/regs_reg_r1_0_31_18_23_i_65
INFO: [Physopt 32-735] Processed net ip_integrator_i/rv_sc_ip_0/inst/u_alu/DEVICE_7SERIES.WITH_BMM_INFO.TRUE_DP.SIMPLE_PRIM36.TDP_SP36_NO_ECC_ATTR.ram_19. Optimization improves timing on the net.
INFO: [Physopt 32-619] Estimated Timing Summary | WNS=-2.348 | TNS=-168.627 |
INFO: [Physopt 32-608] Optimized 1 net.  Swapped 22 pins.
INFO: [Physopt 32-735] Processed net ip_integrator_i/rv_sc_ip_0/inst/u_alu/DEVICE_7SERIES.WITH_BMM_INFO.TRUE_DP.SIMPLE_PRIM36.TDP_SP36_NO_ECC_ATTR.ram_11. Optimization improves timing on the net.
INFO: [Physopt 32-619] Estimated Timing Summary | WNS=-2.332 | TNS=-168.284 |
INFO: [Physopt 32-608] Optimized 1 net.  Swapped 24 pins.
INFO: [Physopt 32-735] Processed net ip_integrator_i/rv_sc_ip_0/inst/u_regfile/regs_reg_r1_0_31_12_17_i_44_n_0. Optimization improves timing on the net.
INFO: [Physopt 32-619] Estimated Timing Summary | WNS=-2.325 | TNS=-168.120 |
INFO: [Physopt 32-702] Processed net ip_integrator_i/rv_sc_ip_0/inst/u_regfile/pc[12]_i_9_n_0. Optimizations did not improve timing on the net.
INFO: [Physopt 32-608] Optimized 1 net.  Swapped 24 pins.
INFO: [Physopt 32-735] Processed net ip_integrator_i/rv_sc_ip_0/inst/u_regfile/d_addrb[2]. Optimization improves timing on the net.
INFO: [Physopt 32-619] Estimated Timing Summary | WNS=-2.324 | TNS=-167.764 |
INFO: [Physopt 32-608] Optimized 1 net.  Swapped 21 pins.
INFO: [Physopt 32-735] Processed net ip_integrator_i/rv_sc_ip_0/inst/u_regfile/regs_reg_r1_0_31_0_5_i_9_n_0. Optimization improves timing on the net.
INFO: [Physopt 32-619] Estimated Timing Summary | WNS=-2.323 | TNS=-167.016 |
INFO: [Physopt 32-702] Processed net ip_integrator_i/rv_sc_ip_0/inst/u_regfile/regs_reg_r1_0_31_24_29_i_51_n_0. Optimizations did not improve timing on the net.
INFO: [Physopt 32-663] Processed net ip_integrator_i/rv_sc_ip_0/inst/u_regfile/regs_reg_r1_0_31_24_29_i_70_n_0.  Re-placed instance ip_integrator_i/rv_sc_ip_0/inst/u_regfile/regs_reg_r1_0_31_24_29_i_70
INFO: [Physopt 32-735] Processed net ip_integrator_i/rv_sc_ip_0/inst/u_regfile/regs_reg_r1_0_31_24_29_i_70_n_0. Optimization improves timing on the net.
INFO: [Physopt 32-619] Estimated Timing Summary | WNS=-2.318 | TNS=-166.951 |
INFO: [Physopt 32-601] Processed net ip_integrator_i/rv_sc_ip_0/inst/u_regfile/regs_reg_r1_0_31_24_29_i_70_n_0. Net driver ip_integrator_i/rv_sc_ip_0/inst/u_regfile/regs_reg_r1_0_31_24_29_i_70 was replaced.
INFO: [Physopt 32-735] Processed net ip_integrator_i/rv_sc_ip_0/inst/u_regfile/regs_reg_r1_0_31_24_29_i_70_n_0. Optimization improves timing on the net.
INFO: [Physopt 32-619] Estimated Timing Summary | WNS=-2.313 | TNS=-166.517 |
INFO: [Physopt 32-702] Processed net ip_integrator_i/rv_sc_ip_0/inst/u_regfile/regs_reg_r1_0_31_12_17_i_43_n_0. Optimizations did not improve timing on the net.
INFO: [Physopt 32-608] Optimized 1 net.  Swapped 21 pins.
INFO: [Physopt 32-735] Processed net ip_integrator_i/rv_sc_ip_0/inst/u_regfile/d_addrb[11]_INST_0_i_10_n_0. Optimization improves timing on the net.
INFO: [Physopt 32-619] Estimated Timing Summary | WNS=-2.307 | TNS=-166.313 |
INFO: [Physopt 32-702] Processed net ip_integrator_i/rv_sc_ip_0/inst/u_regfile/d_addrb[12]_INST_0_i_2_n_0. Optimizations did not improve timing on the net.
INFO: [Physopt 32-608] Optimized 1 net.  Swapped 23 pins.
INFO: [Physopt 32-735] Processed net ip_integrator_i/rv_sc_ip_0/inst/u_regfile/d_addrb[12]_INST_0_i_12_n_0. Optimization improves timing on the net.
INFO: [Physopt 32-619] Estimated Timing Summary | WNS=-2.301 | TNS=-166.073 |
INFO: [Physopt 32-710] Processed net ip_integrator_i/rv_sc_ip_0/inst/u_regfile/pc[12]_i_9_n_0. Critical path length was reduced through logic transformation on cell ip_integrator_i/rv_sc_ip_0/inst/u_regfile/pc[12]_i_9_comp.
INFO: [Physopt 32-735] Processed net ip_integrator_i/rv_sc_ip_0/inst/u_regfile/d_addrb[5]. Optimization improves timing on the net.
INFO: [Physopt 32-619] Estimated Timing Summary | WNS=-2.301 | TNS=-166.083 |
INFO: [Physopt 32-702] Processed net ip_integrator_i/rv_sc_ip_0/inst/u_regfile/d_addrb[6]. Optimizations did not improve timing on the net.
INFO: [Physopt 32-710] Processed net ip_integrator_i/rv_sc_ip_0/inst/u_regfile/d_addrb[6]. Critical path length was reduced through logic transformation on cell ip_integrator_i/rv_sc_ip_0/inst/u_regfile/d_addrb[8]_INST_0_comp.
INFO: [Physopt 32-735] Processed net ip_integrator_i/rv_sc_ip_0/inst/u_regfile/d_addrb[8]_INST_0_i_2_n_0. Optimization improves timing on the net.
INFO: [Physopt 32-619] Estimated Timing Summary | WNS=-2.300 | TNS=-165.398 |
INFO: [Physopt 32-608] Optimized 1 net.  Swapped 23 pins.
INFO: [Physopt 32-735] Processed net ip_integrator_i/rv_sc_ip_0/inst/u_regfile/regs_reg_r1_0_31_24_29_i_23_n_0. Optimization improves timing on the net.
INFO: [Physopt 32-619] Estimated Timing Summary | WNS=-2.298 | TNS=-164.992 |
INFO: [Physopt 32-608] Optimized 1 net.  Swapped 11 pins.
INFO: [Physopt 32-735] Processed net ip_integrator_i/rv_sc_ip_0/inst/u_regfile/d_addrb[7]. Optimization improves timing on the net.
INFO: [Physopt 32-619] Estimated Timing Summary | WNS=-2.288 | TNS=-164.326 |
INFO: [Physopt 32-702] Processed net ip_integrator_i/rv_sc_ip_0/inst/u_regfile/regs_reg_r1_0_31_18_23_i_11_n_0. Optimizations did not improve timing on the net.
INFO: [Physopt 32-663] Processed net ip_integrator_i/rv_sc_ip_0/inst/u_regfile/regs_reg_r1_0_31_18_23_i_29_n_0.  Re-placed instance ip_integrator_i/rv_sc_ip_0/inst/u_regfile/regs_reg_r1_0_31_18_23_i_29
INFO: [Physopt 32-735] Processed net ip_integrator_i/rv_sc_ip_0/inst/u_regfile/regs_reg_r1_0_31_18_23_i_29_n_0. Optimization improves timing on the net.
INFO: [Physopt 32-619] Estimated Timing Summary | WNS=-2.280 | TNS=-164.251 |
INFO: [Physopt 32-608] Optimized 1 net.  Swapped 24 pins.
INFO: [Physopt 32-735] Processed net ip_integrator_i/rv_sc_ip_0/inst/u_regfile/regs_reg_r1_0_31_18_23_i_28_n_0. Optimization improves timing on the net.
INFO: [Physopt 32-619] Estimated Timing Summary | WNS=-2.272 | TNS=-164.015 |
INFO: [Physopt 32-702] Processed net ip_integrator_i/rv_sc_ip_0/inst/u_alu/data1[24]. Optimizations did not improve timing on the net.
INFO: [Physopt 32-702] Processed net ip_integrator_i/rv_sc_ip_0/inst/u_alu/y0_carry__4_n_0. Optimizations did not improve timing on the net.
INFO: [Physopt 32-702] Processed net ip_integrator_i/rv_sc_ip_0/inst/u_alu/y0_carry__3_n_0. Optimizations did not improve timing on the net.
INFO: [Physopt 32-702] Processed net ip_integrator_i/rv_sc_ip_0/inst/u_alu/y0_carry__2_n_0. Optimizations did not improve timing on the net.
INFO: [Physopt 32-702] Processed net ip_integrator_i/rv_sc_ip_0/inst/u_alu/y0_carry__1_n_0. Optimizations did not improve timing on the net.
INFO: [Physopt 32-702] Processed net ip_integrator_i/rv_sc_ip_0/inst/u_alu/y0_carry__0_n_0. Optimizations did not improve timing on the net.
INFO: [Physopt 32-702] Processed net ip_integrator_i/rv_sc_ip_0/inst/u_regfile/DEVICE_7SERIES.WITH_BMM_INFO.TRUE_DP.SIMPLE_PRIM36.TDP_SP36_NO_ECC_ATTR.ram_28[0]. Optimizations did not improve timing on the net.
INFO: [Physopt 32-663] Processed net ip_integrator_i/rv_sc_ip_0/inst/u_regfile/u_alu/p_0_in[4].  Re-placed instance ip_integrator_i/rv_sc_ip_0/inst/u_regfile/d_addrb[4]_INST_0_i_8
INFO: [Physopt 32-735] Processed net ip_integrator_i/rv_sc_ip_0/inst/u_regfile/u_alu/p_0_in[4]. Optimization improves timing on the net.
INFO: [Physopt 32-619] Estimated Timing Summary | WNS=-2.269 | TNS=-162.930 |
INFO: [Physopt 32-702] Processed net ip_integrator_i/rv_sc_ip_0/inst/u_regfile/regs_reg_r1_0_31_18_23_i_40_n_0. Optimizations did not improve timing on the net.
INFO: [Physopt 32-663] Processed net ip_integrator_i/rv_sc_ip_0/inst/u_regfile/regs_reg_r1_0_31_18_23_i_66_n_0.  Re-placed instance ip_integrator_i/rv_sc_ip_0/inst/u_regfile/regs_reg_r1_0_31_18_23_i_66
INFO: [Physopt 32-735] Processed net ip_integrator_i/rv_sc_ip_0/inst/u_regfile/regs_reg_r1_0_31_18_23_i_66_n_0. Optimization improves timing on the net.
INFO: [Physopt 32-619] Estimated Timing Summary | WNS=-2.263 | TNS=-162.799 |
INFO: [Physopt 32-608] Optimized 1 net.  Swapped 22 pins.
INFO: [Physopt 32-735] Processed net ip_integrator_i/rv_sc_ip_0/inst/u_alu/DEVICE_7SERIES.WITH_BMM_INFO.TRUE_DP.SIMPLE_PRIM36.TDP_SP36_NO_ECC_ATTR.ram_11. Optimization improves timing on the net.
INFO: [Physopt 32-619] Estimated Timing Summary | WNS=-2.260 | TNS=-162.325 |
INFO: [Physopt 32-608] Optimized 1 net.  Swapped 9 pins.
INFO: [Physopt 32-735] Processed net ip_integrator_i/rv_sc_ip_0/inst/u_regfile/regs_reg_r1_0_31_12_17_i_16_n_0_repN. Optimization improves timing on the net.
INFO: [Physopt 32-619] Estimated Timing Summary | WNS=-2.242 | TNS=-162.197 |
INFO: [Physopt 32-608] Optimized 1 net.  Swapped 21 pins.
INFO: [Physopt 32-735] Processed net ip_integrator_i/rv_sc_ip_0/inst/u_regfile/regs_reg_r1_0_31_24_29_i_41_n_0. Optimization improves timing on the net.
INFO: [Physopt 32-619] Estimated Timing Summary | WNS=-2.241 | TNS=-161.898 |
INFO: [Physopt 32-702] Processed net ip_integrator_i/rv_sc_ip_0/inst/u_regfile/d_addrb[4]. Optimizations did not improve timing on the net.
INFO: [Physopt 32-663] Processed net ip_integrator_i/rv_sc_ip_0/inst/u_alu/DEVICE_7SERIES.WITH_BMM_INFO.TRUE_DP.SIMPLE_PRIM36.TDP_SP36_NO_ECC_ATTR.ram_26.  Re-placed instance ip_integrator_i/rv_sc_ip_0/inst/u_alu/d_addrb[6]_INST_0_i_1
INFO: [Physopt 32-735] Processed net ip_integrator_i/rv_sc_ip_0/inst/u_alu/DEVICE_7SERIES.WITH_BMM_INFO.TRUE_DP.SIMPLE_PRIM36.TDP_SP36_NO_ECC_ATTR.ram_26. Optimization improves timing on the net.
INFO: [Physopt 32-619] Estimated Timing Summary | WNS=-2.233 | TNS=-161.682 |
INFO: [Physopt 32-608] Optimized 1 net.  Swapped 24 pins.
INFO: [Physopt 32-735] Processed net ip_integrator_i/rv_sc_ip_0/inst/u_regfile/regs_reg_r1_0_31_18_23_i_13_n_0. Optimization improves timing on the net.
INFO: [Physopt 32-619] Estimated Timing Summary | WNS=-2.229 | TNS=-161.270 |
INFO: [Physopt 32-702] Processed net ip_integrator_i/rv_sc_ip_0/inst/u_regfile/regs_reg_r1_0_31_12_17_i_23_n_0. Optimizations did not improve timing on the net.
INFO: [Physopt 32-608] Optimized 1 net.  Swapped 24 pins.
INFO: [Physopt 32-735] Processed net ip_integrator_i/rv_sc_ip_0/inst/u_regfile/regs_reg_r1_0_31_12_17_i_46_n_0. Optimization improves timing on the net.
INFO: [Physopt 32-619] Estimated Timing Summary | WNS=-2.220 | TNS=-160.783 |
INFO: [Physopt 32-608] Optimized 1 net.  Swapped 24 pins.
INFO: [Physopt 32-735] Processed net ip_integrator_i/rv_sc_ip_0/inst/u_regfile/regs_reg_r1_0_31_18_23_i_51_n_0. Optimization improves timing on the net.
INFO: [Physopt 32-619] Estimated Timing Summary | WNS=-2.219 | TNS=-160.730 |
INFO: [Physopt 32-710] Processed net ip_integrator_i/rv_sc_ip_0/inst/u_alu/DEVICE_7SERIES.WITH_BMM_INFO.TRUE_DP.SIMPLE_PRIM36.TDP_SP36_NO_ECC_ATTR.ram_35[0]. Critical path length was reduced through logic transformation on cell ip_integrator_i/rv_sc_ip_0/inst/u_alu/d_addrb[7]_INST_0_i_14_comp.
INFO: [Physopt 32-735] Processed net ip_integrator_i/rv_sc_ip_0/inst/u_regfile/DEVICE_7SERIES.WITH_BMM_INFO.TRUE_DP.SIMPLE_PRIM36.TDP_SP36_NO_ECC_ATTR.ram_0[1]_repN. Optimization improves timing on the net.
INFO: [Physopt 32-619] Estimated Timing Summary | WNS=-2.215 | TNS=-159.500 |
INFO: [Physopt 32-608] Optimized 1 net.  Swapped 6 pins.
INFO: [Physopt 32-735] Processed net ip_integrator_i/rv_sc_ip_0/inst/u_regfile/regs_reg_r1_0_31_18_23_i_66_n_0. Optimization improves timing on the net.
INFO: [Physopt 32-619] Estimated Timing Summary | WNS=-2.212 | TNS=-159.256 |
INFO: [Physopt 32-81] Processed net ip_integrator_i/rv_sc_ip_0/inst/u_regfile/regs_reg_r1_0_31_24_29_i_31_n_0. Replicated 1 times.
INFO: [Physopt 32-735] Processed net ip_integrator_i/rv_sc_ip_0/inst/u_regfile/regs_reg_r1_0_31_24_29_i_31_n_0. Optimization improves timing on the net.
INFO: [Physopt 32-619] Estimated Timing Summary | WNS=-2.212 | TNS=-159.126 |
INFO: [Physopt 32-608] Optimized 1 net.  Swapped 22 pins.
INFO: [Physopt 32-735] Processed net ip_integrator_i/rv_sc_ip_0/inst/u_alu/DEVICE_7SERIES.WITH_BMM_INFO.TRUE_DP.SIMPLE_PRIM36.TDP_SP36_NO_ECC_ATTR.ram_11. Optimization improves timing on the net.
INFO: [Physopt 32-619] Estimated Timing Summary | WNS=-2.211 | TNS=-159.106 |
INFO: [Physopt 32-608] Optimized 1 net.  Swapped 24 pins.
INFO: [Physopt 32-735] Processed net ip_integrator_i/rv_sc_ip_0/inst/u_regfile/regs_reg_r1_0_31_12_17_i_47_n_0. Optimization improves timing on the net.
INFO: [Physopt 32-619] Estimated Timing Summary | WNS=-2.210 | TNS=-158.958 |
INFO: [Physopt 32-608] Optimized 1 net.  Swapped 23 pins.
INFO: [Physopt 32-735] Processed net ip_integrator_i/rv_sc_ip_0/inst/u_regfile/regs_reg_r1_0_31_12_17_i_12_n_0. Optimization improves timing on the net.
INFO: [Physopt 32-619] Estimated Timing Summary | WNS=-2.202 | TNS=-158.547 |
INFO: [Physopt 32-608] Optimized 1 net.  Swapped 24 pins.
INFO: [Physopt 32-735] Processed net ip_integrator_i/rv_sc_ip_0/inst/u_regfile/regs_reg_r1_0_31_24_29_i_31_n_0_repN. Optimization improves timing on the net.
INFO: [Physopt 32-619] Estimated Timing Summary | WNS=-2.201 | TNS=-158.469 |
INFO: [Physopt 32-702] Processed net ip_integrator_i/rv_sc_ip_0/inst/u_regfile/d_addrb[12]_INST_0_i_12_n_0. Optimizations did not improve timing on the net.
INFO: [Physopt 32-702] Processed net ip_integrator_i/rv_sc_ip_0/inst/u_regfile/d_addrb[12]_INST_0_i_33_n_0. Optimizations did not improve timing on the net.
INFO: [Physopt 32-702] Processed net ip_integrator_i/rv_sc_ip_0/inst/u_regfile/DEVICE_7SERIES.WITH_BMM_INFO.TRUE_DP.SIMPLE_PRIM36.TDP_SP36_NO_ECC_ATTR.ram_0[1]_repN. Optimizations did not improve timing on the net.
INFO: [Physopt 32-710] Processed net ip_integrator_i/rv_sc_ip_0/inst/u_regfile/DEVICE_7SERIES.WITH_BMM_INFO.TRUE_DP.SIMPLE_PRIM36.TDP_SP36_NO_ECC_ATTR.ram_0[1]_repN. Critical path length was reduced through logic transformation on cell ip_integrator_i/rv_sc_ip_0/inst/u_regfile/d_addrb[4]_INST_0_i_9_replica_comp_1.
INFO: [Physopt 32-735] Processed net ip_integrator_i/rv_sc_ip_0/inst/u_regfile/DEVICE_7SERIES.WITH_BMM_INFO.TRUE_DP.SIMPLE_PRIM36.TDP_SP36_NO_ECC_ATTR.ram_12. Optimization improves timing on the net.
INFO: [Physopt 32-619] Estimated Timing Summary | WNS=-2.196 | TNS=-158.192 |
INFO: [Physopt 32-702] Processed net ip_integrator_i/rv_sc_ip_0/inst/u_regfile/d_addrb[3]. Optimizations did not improve timing on the net.
INFO: [Physopt 32-702] Processed net ip_integrator_i/rv_sc_ip_0/inst/u_regfile/d_addrb[5]_INST_0_i_2_n_0. Optimizations did not improve timing on the net.
INFO: [Physopt 32-608] Optimized 1 net.  Swapped 24 pins.
INFO: [Physopt 32-735] Processed net ip_integrator_i/rv_sc_ip_0/inst/u_regfile/d_addrb[6]_INST_0_i_6_n_0. Optimization improves timing on the net.
INFO: [Physopt 32-619] Estimated Timing Summary | WNS=-2.195 | TNS=-157.360 |
INFO: [Physopt 32-702] Processed net ip_integrator_i/rv_sc_ip_0/inst/u_regfile/regs_reg_r1_0_31_24_29_i_19_n_0_repN. Optimizations did not improve timing on the net.
INFO: [Physopt 32-608] Optimized 1 net.  Swapped 24 pins.
INFO: [Physopt 32-735] Processed net ip_integrator_i/rv_sc_ip_0/inst/u_regfile/regs_reg_r1_0_31_24_29_i_21_n_0. Optimization improves timing on the net.
INFO: [Physopt 32-619] Estimated Timing Summary | WNS=-2.190 | TNS=-157.285 |
INFO: [Physopt 32-702] Processed net ip_integrator_i/rv_sc_ip_0/inst/u_regfile/regs_reg_r1_0_31_24_29_i_21_n_0. Optimizations did not improve timing on the net.
INFO: [Physopt 32-702] Processed net ip_integrator_i/rv_sc_ip_0/inst/u_regfile/regs_reg_r1_0_31_24_29_i_45_n_0. Optimizations did not improve timing on the net.
INFO: [Physopt 32-663] Processed net ip_integrator_i/rv_sc_ip_0/inst/u_regfile/regs_reg_r1_0_31_18_23_i_86_n_0.  Re-placed instance ip_integrator_i/rv_sc_ip_0/inst/u_regfile/regs_reg_r1_0_31_18_23_i_86
INFO: [Physopt 32-735] Processed net ip_integrator_i/rv_sc_ip_0/inst/u_regfile/regs_reg_r1_0_31_18_23_i_86_n_0. Optimization improves timing on the net.
INFO: [Physopt 32-619] Estimated Timing Summary | WNS=-2.189 | TNS=-156.715 |
INFO: [Physopt 32-702] Processed net ip_integrator_i/rv_sc_ip_0/inst/u_regfile/d_addrb[7]. Optimizations did not improve timing on the net.
INFO: [Physopt 32-663] Processed net ip_integrator_i/rv_sc_ip_0/inst/u_regfile/d_addrb[9]_INST_0_i_2_n_0.  Re-placed instance ip_integrator_i/rv_sc_ip_0/inst/u_regfile/d_addrb[9]_INST_0_i_2
INFO: [Physopt 32-735] Processed net ip_integrator_i/rv_sc_ip_0/inst/u_regfile/d_addrb[9]_INST_0_i_2_n_0. Optimization improves timing on the net.
INFO: [Physopt 32-619] Estimated Timing Summary | WNS=-2.182 | TNS=-156.454 |
INFO: [Physopt 32-608] Optimized 1 net.  Swapped 16 pins.
INFO: [Physopt 32-735] Processed net ip_integrator_i/rv_sc_ip_0/inst/u_regfile/regs_reg_r1_0_31_30_31_i_5_n_0. Optimization improves timing on the net.
INFO: [Physopt 32-619] Estimated Timing Summary | WNS=-2.170 | TNS=-156.010 |
INFO: [Physopt 32-710] Processed net ip_integrator_i/rv_sc_ip_0/inst/u_regfile/pc[12]_i_10_n_0. Critical path length was reduced through logic transformation on cell ip_integrator_i/rv_sc_ip_0/inst/u_regfile/pc[12]_i_10_comp.
INFO: [Physopt 32-735] Processed net ip_integrator_i/rv_sc_ip_0/inst/u_regfile/d_addrb[9]. Optimization improves timing on the net.
INFO: [Physopt 32-619] Estimated Timing Summary | WNS=-2.166 | TNS=-155.899 |
INFO: [Physopt 32-663] Processed net ip_integrator_i/rv_sc_ip_0/inst/u_regfile/regs_reg_r1_0_31_18_23_i_29_n_0.  Re-placed instance ip_integrator_i/rv_sc_ip_0/inst/u_regfile/regs_reg_r1_0_31_18_23_i_29
INFO: [Physopt 32-735] Processed net ip_integrator_i/rv_sc_ip_0/inst/u_regfile/regs_reg_r1_0_31_18_23_i_29_n_0. Optimization improves timing on the net.
INFO: [Physopt 32-619] Estimated Timing Summary | WNS=-2.163 | TNS=-155.831 |
INFO: [Physopt 32-702] Processed net ip_integrator_i/rv_sc_ip_0/inst/u_regfile/d_addrb[1]. Optimizations did not improve timing on the net.
INFO: [Physopt 32-702] Processed net ip_integrator_i/rv_sc_ip_0/inst/u_regfile/d_addrb[3]_INST_0_i_2_n_0. Optimizations did not improve timing on the net.
INFO: [Physopt 32-608] Optimized 1 net.  Swapped 24 pins.
INFO: [Physopt 32-735] Processed net ip_integrator_i/rv_sc_ip_0/inst/u_regfile/d_addrb[4]_INST_0_i_6_n_0. Optimization improves timing on the net.
INFO: [Physopt 32-619] Estimated Timing Summary | WNS=-2.156 | TNS=-155.686 |
INFO: [Physopt 32-81] Processed net ip_integrator_i/rv_sc_ip_0/inst/u_regfile/d_addrb[2]. Replicated 1 times.
INFO: [Physopt 32-735] Processed net ip_integrator_i/rv_sc_ip_0/inst/u_regfile/d_addrb[2]. Optimization improves timing on the net.
INFO: [Physopt 32-619] Estimated Timing Summary | WNS=-2.154 | TNS=-155.422 |
INFO: [Physopt 32-663] Processed net ip_integrator_i/rv_sc_ip_0/inst/u_alu/DEVICE_7SERIES.WITH_BMM_INFO.TRUE_DP.SIMPLE_PRIM36.TDP_SP36_NO_ECC_ATTR.ram_28.  Re-placed instance ip_integrator_i/rv_sc_ip_0/inst/u_alu/d_addrb[10]_INST_0_i_2
INFO: [Physopt 32-735] Processed net ip_integrator_i/rv_sc_ip_0/inst/u_alu/DEVICE_7SERIES.WITH_BMM_INFO.TRUE_DP.SIMPLE_PRIM36.TDP_SP36_NO_ECC_ATTR.ram_28. Optimization improves timing on the net.
INFO: [Physopt 32-619] Estimated Timing Summary | WNS=-2.152 | TNS=-155.646 |
INFO: [Physopt 32-608] Optimized 1 net.  Swapped 15 pins.
INFO: [Physopt 32-735] Processed net ip_integrator_i/rv_sc_ip_0/inst/u_regfile/d_addrb[3]_INST_0_i_7_n_0. Optimization improves timing on the net.
INFO: [Physopt 32-619] Estimated Timing Summary | WNS=-2.151 | TNS=-155.500 |
INFO: [Physopt 32-710] Processed net ip_integrator_i/rv_sc_ip_0/inst/u_regfile/regs_reg_r1_0_31_18_23_i_11_n_0. Critical path length was reduced through logic transformation on cell ip_integrator_i/rv_sc_ip_0/inst/u_regfile/regs_reg_r1_0_31_18_23_i_11_comp.
INFO: [Physopt 32-735] Processed net ip_integrator_i/rv_sc_ip_0/inst/u_regfile/regs_reg_r1_0_31_18_23_i_29_n_0. Optimization improves timing on the net.
INFO: [Physopt 32-619] Estimated Timing Summary | WNS=-2.148 | TNS=-155.384 |
INFO: [Physopt 32-710] Processed net ip_integrator_i/rv_sc_ip_0/inst/u_regfile/d_addrb[7]. Critical path length was reduced through logic transformation on cell ip_integrator_i/rv_sc_ip_0/inst/u_regfile/d_addrb[9]_INST_0_comp.
INFO: [Physopt 32-735] Processed net ip_integrator_i/rv_sc_ip_0/inst/u_regfile/d_addrb[9]_INST_0_i_2_n_0. Optimization improves timing on the net.
INFO: [Physopt 32-619] Estimated Timing Summary | WNS=-2.146 | TNS=-155.224 |
INFO: [Physopt 32-702] Processed net ip_integrator_i/rv_sc_ip_0/inst/u_alu/DEVICE_7SERIES.WITH_BMM_INFO.TRUE_DP.SIMPLE_PRIM36.TDP_SP36_NO_ECC_ATTR.ram_11. Optimizations did not improve timing on the net.
INFO: [Physopt 32-702] Processed net ip_integrator_i/rv_sc_ip_0/inst/u_regfile/DEVICE_7SERIES.WITH_BMM_INFO.TRUE_DP.SIMPLE_PRIM36.TDP_SP36_NO_ECC_ATTR.ram_16[14]. Optimizations did not improve timing on the net.
INFO: [Physopt 32-608] Optimized 1 net.  Swapped 26 pins.
INFO: [Physopt 32-735] Processed net ip_integrator_i/rv_sc_ip_0/inst/u_alu/DEVICE_7SERIES.WITH_BMM_INFO.TRUE_DP.SIMPLE_PRIM36.TDP_SP36_NO_ECC_ATTR.ram_36[0]. Optimization improves timing on the net.
INFO: [Physopt 32-619] Estimated Timing Summary | WNS=-2.144 | TNS=-154.397 |
INFO: [Physopt 32-608] Optimized 1 net.  Swapped 18 pins.
INFO: [Physopt 32-735] Processed net ip_integrator_i/rv_sc_ip_0/inst/u_regfile/regs_reg_r1_0_31_24_29_i_70_n_0. Optimization improves timing on the net.
INFO: [Physopt 32-619] Estimated Timing Summary | WNS=-2.142 | TNS=-153.951 |
INFO: [Physopt 32-81] Processed net ip_integrator_i/rv_sc_ip_0/inst/u_regfile/regs_reg_r1_0_31_18_23_i_86_n_0. Replicated 1 times.
INFO: [Physopt 32-735] Processed net ip_integrator_i/rv_sc_ip_0/inst/u_regfile/regs_reg_r1_0_31_18_23_i_86_n_0. Optimization improves timing on the net.
INFO: [Physopt 32-619] Estimated Timing Summary | WNS=-2.135 | TNS=-151.325 |
INFO: [Physopt 32-710] Processed net ip_integrator_i/rv_sc_ip_0/inst/u_regfile/DEVICE_7SERIES.WITH_BMM_INFO.TRUE_DP.SIMPLE_PRIM36.TDP_SP36_NO_ECC_ATTR.ram_28[0]. Critical path length was reduced through logic transformation on cell ip_integrator_i/rv_sc_ip_0/inst/u_regfile/y0_carry__0_i_8_comp.
INFO: [Physopt 32-735] Processed net ip_integrator_i/rv_sc_ip_0/inst/u_regfile/u_alu/p_0_in[4]. Optimization improves timing on the net.
INFO: [Physopt 32-619] Estimated Timing Summary | WNS=-2.134 | TNS=-149.013 |
INFO: [Physopt 32-608] Optimized 1 net.  Swapped 23 pins.
INFO: [Physopt 32-735] Processed net ip_integrator_i/rv_sc_ip_0/inst/u_regfile/d_addrb[2]_repN. Optimization improves timing on the net.
INFO: [Physopt 32-619] Estimated Timing Summary | WNS=-2.127 | TNS=-148.652 |
INFO: [Physopt 32-702] Processed net ip_integrator_i/rv_sc_ip_0/inst/u_regfile/regs_reg_r1_0_31_18_23_i_15_n_0. Optimizations did not improve timing on the net.
INFO: [Physopt 32-710] Processed net ip_integrator_i/rv_sc_ip_0/inst/u_regfile/regs_reg_r1_0_31_18_23_i_15_n_0. Critical path length was reduced through logic transformation on cell ip_integrator_i/rv_sc_ip_0/inst/u_regfile/regs_reg_r1_0_31_18_23_i_15_comp.
INFO: [Physopt 32-735] Processed net ip_integrator_i/rv_sc_ip_0/inst/u_regfile/regs_reg_r1_0_31_18_23_i_36_n_0. Optimization improves timing on the net.
INFO: [Physopt 32-619] Estimated Timing Summary | WNS=-2.114 | TNS=-148.127 |
INFO: [Physopt 32-608] Optimized 1 net.  Swapped 24 pins.
INFO: [Physopt 32-735] Processed net ip_integrator_i/rv_sc_ip_0/inst/u_regfile/regs_reg_r1_0_31_18_23_i_60_n_0. Optimization improves timing on the net.
INFO: [Physopt 32-619] Estimated Timing Summary | WNS=-2.110 | TNS=-147.758 |
INFO: [Physopt 32-702] Processed net ip_integrator_i/rv_sc_ip_0/inst/u_regfile/regs_reg_r1_0_31_18_23_i_28_n_0. Optimizations did not improve timing on the net.
INFO: [Physopt 32-608] Optimized 1 net.  Swapped 23 pins.
INFO: [Physopt 32-735] Processed net ip_integrator_i/rv_sc_ip_0/inst/u_regfile/regs_reg_r1_0_31_18_23_i_50_n_0. Optimization improves timing on the net.
INFO: [Physopt 32-619] Estimated Timing Summary | WNS=-2.110 | TNS=-147.507 |
INFO: [Physopt 32-702] Processed net ip_integrator_i/rv_sc_ip_0/inst/u_regfile/d_addrb[4]_INST_0_i_6_n_0. Optimizations did not improve timing on the net.
INFO: [Physopt 32-702] Processed net ip_integrator_i/rv_sc_ip_0/inst/u_regfile/d_addrb[4]_INST_0_i_11_n_0. Optimizations did not improve timing on the net.
INFO: [Physopt 32-608] Optimized 1 net.  Swapped 24 pins.
INFO: [Physopt 32-735] Processed net ip_integrator_i/rv_sc_ip_0/inst/u_regfile/d_addrb[4]_INST_0_i_12_n_0. Optimization improves timing on the net.
INFO: [Physopt 32-619] Estimated Timing Summary | WNS=-2.109 | TNS=-147.406 |
INFO: [Physopt 32-663] Processed net ip_integrator_i/rv_sc_ip_0/inst/u_regfile/d_addrb[12]_INST_0_i_10_n_0.  Re-placed instance ip_integrator_i/rv_sc_ip_0/inst/u_regfile/d_addrb[12]_INST_0_i_10
INFO: [Physopt 32-735] Processed net ip_integrator_i/rv_sc_ip_0/inst/u_regfile/d_addrb[12]_INST_0_i_10_n_0. Optimization improves timing on the net.
INFO: [Physopt 32-619] Estimated Timing Summary | WNS=-2.107 | TNS=-146.851 |
INFO: [Physopt 32-702] Processed net ip_integrator_i/rv_sc_ip_0/inst/u_regfile/regs_reg_r1_0_31_18_23_i_7_n_0_repN. Optimizations did not improve timing on the net.
INFO: [Physopt 32-702] Processed net ip_integrator_i/rv_sc_ip_0/inst/u_alu/DEVICE_7SERIES.WITH_BMM_INFO.TRUE_DP.SIMPLE_PRIM36.TDP_SP36_NO_ECC_ATTR.ram_22. Optimizations did not improve timing on the net.
INFO: [Physopt 32-608] Optimized 1 net.  Swapped 24 pins.
INFO: [Physopt 32-735] Processed net ip_integrator_i/rv_sc_ip_0/inst/u_regfile/regs_reg_r1_0_31_12_17_i_78_0. Optimization improves timing on the net.
INFO: [Physopt 32-619] Estimated Timing Summary | WNS=-2.089 | TNS=-146.629 |
INFO: [Physopt 32-702] Processed net ip_integrator_i/rv_sc_ip_0/inst/u_regfile/regs_reg_r1_0_31_24_29_i_40_n_0. Optimizations did not improve timing on the net.
INFO: [Physopt 32-608] Optimized 1 net.  Swapped 24 pins.
INFO: [Physopt 32-735] Processed net ip_integrator_i/rv_sc_ip_0/inst/u_regfile/regs_reg_r1_0_31_24_29_i_62_n_0. Optimization improves timing on the net.
INFO: [Physopt 32-619] Estimated Timing Summary | WNS=-2.081 | TNS=-145.740 |
INFO: [Physopt 32-608] Optimized 1 net.  Swapped 24 pins.
INFO: [Physopt 32-735] Processed net ip_integrator_i/rv_sc_ip_0/inst/u_regfile/regs_reg_r1_0_31_12_17_i_78_0. Optimization improves timing on the net.
INFO: [Physopt 32-619] Estimated Timing Summary | WNS=-2.068 | TNS=-145.594 |
INFO: [Physopt 32-710] Processed net ip_integrator_i/rv_sc_ip_0/inst/u_regfile/d_addrb[1]. Critical path length was reduced through logic transformation on cell ip_integrator_i/rv_sc_ip_0/inst/u_regfile/d_addrb[3]_INST_0_comp.
INFO: [Physopt 32-735] Processed net ip_integrator_i/rv_sc_ip_0/inst/u_alu/DEVICE_7SERIES.WITH_BMM_INFO.TRUE_DP.SIMPLE_PRIM36.TDP_SP36_NO_ECC_ATTR.ram_31. Optimization improves timing on the net.
INFO: [Physopt 32-619] Estimated Timing Summary | WNS=-2.067 | TNS=-145.472 |
INFO: [Physopt 32-710] Processed net ip_integrator_i/rv_sc_ip_0/inst/u_regfile/d_addrb[12]_INST_0_i_1_n_0. Critical path length was reduced through logic transformation on cell ip_integrator_i/rv_sc_ip_0/inst/u_regfile/d_addrb[12]_INST_0_i_1_comp.
INFO: [Physopt 32-735] Processed net ip_integrator_i/rv_sc_ip_0/inst/u_regfile/d_addrb[12]_INST_0_i_10_n_0. Optimization improves timing on the net.
INFO: [Physopt 32-619] Estimated Timing Summary | WNS=-2.063 | TNS=-145.260 |
INFO: [Physopt 32-608] Optimized 1 net.  Swapped 24 pins.
INFO: [Physopt 32-735] Processed net ip_integrator_i/rv_sc_ip_0/inst/u_regfile/d_addrb[2]_INST_0_i_2_n_0. Optimization improves timing on the net.
INFO: [Physopt 32-619] Estimated Timing Summary | WNS=-2.046 | TNS=-144.717 |
INFO: [Common 17-14] Message 'Physopt 32-619' appears 100 times and further instances of the messages will be disabled. Use the Tcl command set_msg_config to change the current settings.
INFO: [Physopt 32-702] Processed net ip_integrator_i/rv_sc_ip_0/inst/u_regfile/d_addrb[11]_INST_0_i_10_n_0. Optimizations did not improve timing on the net.
INFO: [Physopt 32-81] Processed net ip_integrator_i/rv_sc_ip_0/inst/u_regfile/u_alu/p_0_in[4]. Replicated 1 times.
INFO: [Physopt 32-735] Processed net ip_integrator_i/rv_sc_ip_0/inst/u_regfile/u_alu/p_0_in[4]. Optimization improves timing on the net.
INFO: [Physopt 32-81] Processed net ip_integrator_i/rv_sc_ip_0/inst/u_regfile/regs_reg_r1_0_31_12_17_i_14_n_0. Replicated 1 times.
INFO: [Physopt 32-735] Processed net ip_integrator_i/rv_sc_ip_0/inst/u_regfile/regs_reg_r1_0_31_12_17_i_14_n_0. Optimization improves timing on the net.
INFO: [Physopt 32-702] Processed net ip_integrator_i/rv_sc_ip_0/inst/u_regfile/regs_reg_r1_0_31_0_5_i_9_n_0. Optimizations did not improve timing on the net.
INFO: [Physopt 32-710] Processed net ip_integrator_i/rv_sc_ip_0/inst/u_regfile/regs_reg_r1_0_31_0_5_i_9_n_0. Critical path length was reduced through logic transformation on cell ip_integrator_i/rv_sc_ip_0/inst/u_regfile/regs_reg_r1_0_31_0_5_i_9_comp.
INFO: [Physopt 32-735] Processed net ip_integrator_i/rv_sc_ip_0/inst/u_regfile/regs_reg_r1_0_31_0_5_i_20_n_0. Optimization improves timing on the net.
INFO: [Common 17-14] Message 'Physopt 32-735' appears 100 times and further instances of the messages will be disabled. Use the Tcl command set_msg_config to change the current settings.
INFO: [Physopt 32-702] Processed net ip_integrator_i/rv_sc_ip_0/inst/u_regfile/regs_reg_r1_0_31_24_29_i_41_n_0. Optimizations did not improve timing on the net.
INFO: [Physopt 32-601] Processed net ip_integrator_i/rv_sc_ip_0/inst/u_regfile/regs_reg_r1_0_31_24_29_i_63_n_0. Net driver ip_integrator_i/rv_sc_ip_0/inst/u_regfile/regs_reg_r1_0_31_24_29_i_63 was replaced.
INFO: [Physopt 32-608] Optimized 1 net.  Swapped 24 pins.
INFO: [Physopt 32-608] Optimized 1 net.  Swapped 26 pins.
INFO: [Physopt 32-702] Processed net ip_integrator_i/rv_sc_ip_0/inst/u_regfile/d_addrb[12]_INST_0_i_10_n_0_repN_1. Optimizations did not improve timing on the net.
INFO: [Physopt 32-710] Processed net ip_integrator_i/rv_sc_ip_0/inst/u_regfile/d_addrb[12]_INST_0_i_10_n_0_repN_1. Critical path length was reduced through logic transformation on cell ip_integrator_i/rv_sc_ip_0/inst/u_regfile/d_addrb[12]_INST_0_i_10_comp_2.
INFO: [Physopt 32-608] Optimized 1 net.  Swapped 25 pins.
INFO: [Physopt 32-702] Processed net ip_integrator_i/rv_sc_ip_0/inst/u_regfile/d_addrb[12]_INST_0_i_36_n_0. Optimizations did not improve timing on the net.
INFO: [Physopt 32-702] Processed net ip_integrator_i/rv_sc_ip_0/inst/u_regfile/DEVICE_7SERIES.WITH_BMM_INFO.TRUE_DP.SIMPLE_PRIM36.TDP_SP36_NO_ECC_ATTR.ram_0[1]. Optimizations did not improve timing on the net.
INFO: [Physopt 32-710] Processed net ip_integrator_i/rv_sc_ip_0/inst/u_regfile/DEVICE_7SERIES.WITH_BMM_INFO.TRUE_DP.SIMPLE_PRIM36.TDP_SP36_NO_ECC_ATTR.ram_0[1]. Critical path length was reduced through logic transformation on cell ip_integrator_i/rv_sc_ip_0/inst/u_regfile/d_addrb[4]_INST_0_i_9_comp.
INFO: [Physopt 32-608] Optimized 1 net.  Swapped 22 pins.
INFO: [Physopt 32-608] Optimized 1 net.  Swapped 9 pins.
INFO: [Physopt 32-608] Optimized 1 net.  Swapped 23 pins.
INFO: [Physopt 32-608] Optimized 1 net.  Swapped 23 pins.
INFO: [Physopt 32-663] Processed net ip_integrator_i/rv_sc_ip_0/inst/u_alu/DEVICE_7SERIES.WITH_BMM_INFO.TRUE_DP.SIMPLE_PRIM36.TDP_SP36_NO_ECC_ATTR.ram_27.  Re-placed instance ip_integrator_i/rv_sc_ip_0/inst/u_alu/d_addrb[5]_INST_0_i_1
INFO: [Physopt 32-608] Optimized 1 net.  Swapped 24 pins.
INFO: [Physopt 32-702] Processed net ip_integrator_i/rv_sc_ip_0/inst/u_regfile/regs_reg_r1_0_31_12_17_i_78_0. Optimizations did not improve timing on the net.
INFO: [Physopt 32-663] Processed net ip_integrator_i/rv_sc_ip_0/inst/u_regfile/regs_reg_r1_0_31_18_23_i_71_n_0.  Re-placed instance ip_integrator_i/rv_sc_ip_0/inst/u_regfile/regs_reg_r1_0_31_18_23_i_71
INFO: [Physopt 32-608] Optimized 1 net.  Swapped 24 pins.
INFO: [Physopt 32-702] Processed net ip_integrator_i/rv_sc_ip_0/inst/u_pc/Q[4]. Optimizations did not improve timing on the net.
INFO: [Physopt 32-702] Processed net ip_integrator_i/processing_system7_0/inst/FCLK_CLK_unbuffered[0]. Optimizations did not improve timing on the net.
INFO: [Physopt 32-702] Processed net ip_integrator_i/rv_sc_ip_0/inst/u_regfile/pc[12]_i_4_n_0. Optimizations did not improve timing on the net.
INFO: [Physopt 32-702] Processed net ip_integrator_i/rv_sc_ip_0/inst/u_regfile/pc[12]_i_7_n_0. Optimizations did not improve timing on the net.
INFO: [Physopt 32-608] Optimized 1 net.  Swapped 24 pins.
INFO: [Physopt 32-608] Optimized 1 net.  Swapped 22 pins.
INFO: [Physopt 32-702] Processed net ip_integrator_i/rv_sc_ip_0/inst/u_regfile/pc[12]_i_8_n_0. Optimizations did not improve timing on the net.
INFO: [Physopt 32-702] Processed net ip_integrator_i/rv_sc_ip_0/inst/u_regfile/regs_reg_r1_0_31_12_17_i_10_n_0. Optimizations did not improve timing on the net.
INFO: [Physopt 32-702] Processed net ip_integrator_i/rv_sc_ip_0/inst/u_regfile/regs_reg_r1_0_31_12_17_i_22_n_0. Optimizations did not improve timing on the net.
INFO: [Physopt 32-608] Optimized 1 net.  Swapped 22 pins.
INFO: [Physopt 32-702] Processed net ip_integrator_i/rv_sc_ip_0/inst/u_alu/DEVICE_7SERIES.WITH_BMM_INFO.TRUE_DP.SIMPLE_PRIM36.TDP_SP36_NO_ECC_ATTR.ram_11. Optimizations did not improve timing on the net.
INFO: [Physopt 32-702] Processed net ip_integrator_i/rv_sc_ip_0/inst/u_alu/data1[15]. Optimizations did not improve timing on the net.
INFO: [Physopt 32-702] Processed net ip_integrator_i/rv_sc_ip_0/inst/u_regfile/S[2]. Optimizations did not improve timing on the net.
INFO: [Physopt 32-702] Processed net ip_integrator_i/rv_sc_ip_0/inst/u_regfile/DEVICE_7SERIES.WITH_BMM_INFO.TRUE_DP.SIMPLE_PRIM36.TDP_SP36_NO_ECC_ATTR.ram_0[0]. Optimizations did not improve timing on the net.
INFO: [Physopt 32-663] Processed net ip_integrator_i/rv_sc_ip_0/inst/u_regfile/imm[2].  Re-placed instance ip_integrator_i/rv_sc_ip_0/inst/u_regfile/regs_reg_r1_0_31_0_5_i_16
INFO: [Physopt 32-608] Optimized 1 net.  Swapped 24 pins.
INFO: [Physopt 32-702] Processed net ip_integrator_i/rv_sc_ip_0/inst/u_regfile/d_addrb[1]. Optimizations did not improve timing on the net.
INFO: [Physopt 32-702] Processed net ip_integrator_i/rv_sc_ip_0/inst/u_regfile/d_addrb[3]_INST_0_i_2_n_0. Optimizations did not improve timing on the net.
INFO: [Physopt 32-702] Processed net ip_integrator_i/rv_sc_ip_0/inst/u_regfile/d_addrb[4]_INST_0_i_6_n_0. Optimizations did not improve timing on the net.
INFO: [Physopt 32-702] Processed net ip_integrator_i/rv_sc_ip_0/inst/u_regfile/d_addrb[6]_INST_0_i_10_n_0. Optimizations did not improve timing on the net.
INFO: [Physopt 32-663] Processed net ip_integrator_i/rv_sc_ip_0/inst/u_regfile/u_alu/p_0_in[4]_repN_1.  Re-placed instance ip_integrator_i/rv_sc_ip_0/inst/u_regfile/d_addrb[4]_INST_0_i_8_replica
INFO: [Physopt 32-702] Processed net ip_integrator_i/rv_sc_ip_0/inst/u_pc/Q[23]. Optimizations did not improve timing on the net.
INFO: [Physopt 32-702] Processed net ip_integrator_i/rv_sc_ip_0/inst/u_regfile/pc[12]_i_5_n_0. Optimizations did not improve timing on the net.
INFO: [Physopt 32-663] Processed net ip_integrator_i/rv_sc_ip_0/inst/u_regfile/regs_reg_r1_0_31_24_29_i_13_n_0.  Re-placed instance ip_integrator_i/rv_sc_ip_0/inst/u_regfile/regs_reg_r1_0_31_24_29_i_13_comp
INFO: [Physopt 32-702] Processed net ip_integrator_i/rv_sc_ip_0/inst/u_regfile/pc[12]_i_11_n_0. Optimizations did not improve timing on the net.
INFO: [Physopt 32-702] Processed net ip_integrator_i/rv_sc_ip_0/inst/u_regfile/regs_reg_r1_0_31_24_29_i_9_n_0. Optimizations did not improve timing on the net.
INFO: [Physopt 32-608] Optimized 1 net.  Swapped 21 pins.
INFO: [Physopt 32-702] Processed net ip_integrator_i/rv_sc_ip_0/inst/u_pc/Q[10]. Optimizations did not improve timing on the net.
INFO: [Physopt 32-702] Processed net ip_integrator_i/rv_sc_ip_0/inst/u_regfile/pc[12]_i_6_n_0. Optimizations did not improve timing on the net.
INFO: [Physopt 32-702] Processed net ip_integrator_i/rv_sc_ip_0/inst/u_regfile/pc[12]_i_12_n_0. Optimizations did not improve timing on the net.
INFO: [Physopt 32-702] Processed net ip_integrator_i/rv_sc_ip_0/inst/u_regfile/regs_reg_r1_0_31_18_23_i_11_n_0. Optimizations did not improve timing on the net.
INFO: [Physopt 32-702] Processed net ip_integrator_i/rv_sc_ip_0/inst/u_regfile/regs_reg_r1_0_31_18_23_i_28_n_0. Optimizations did not improve timing on the net.
INFO: [Physopt 32-702] Processed net ip_integrator_i/rv_sc_ip_0/inst/u_regfile/regs_reg_r1_0_31_18_23_i_50_n_0. Optimizations did not improve timing on the net.
INFO: [Physopt 32-608] Optimized 1 net.  Swapped 24 pins.
INFO: [Physopt 32-702] Processed net ip_integrator_i/rv_sc_ip_0/inst/u_regfile/regs_reg_r1_0_31_0_5_i_13_n_0. Optimizations did not improve timing on the net.
INFO: [Physopt 32-608] Optimized 1 net.  Swapped 22 pins.
INFO: [Physopt 32-702] Processed net ip_integrator_i/rv_sc_ip_0/inst/u_regfile/regs_reg_r1_0_31_18_23_i_7_n_0_repN. Optimizations did not improve timing on the net.
INFO: [Physopt 32-702] Processed net ip_integrator_i/rv_sc_ip_0/inst/u_alu/DEVICE_7SERIES.WITH_BMM_INFO.TRUE_DP.SIMPLE_PRIM36.TDP_SP36_NO_ECC_ATTR.ram_22. Optimizations did not improve timing on the net.
INFO: [Physopt 32-702] Processed net ip_integrator_i/rv_sc_ip_0/inst/u_regfile/regs_reg_r1_0_31_12_17_i_78_0. Optimizations did not improve timing on the net.
INFO: [Physopt 32-663] Processed net ip_integrator_i/rv_sc_ip_0/inst/u_regfile/regs_reg_r1_0_31_12_17_i_76_n_0.  Re-placed instance ip_integrator_i/rv_sc_ip_0/inst/u_regfile/regs_reg_r1_0_31_12_17_i_76
INFO: [Physopt 32-663] Processed net ip_integrator_i/rv_sc_ip_0/inst/u_regfile/regs_reg_r1_0_31_18_23_i_17_n_0.  Re-placed instance ip_integrator_i/rv_sc_ip_0/inst/u_regfile/regs_reg_r1_0_31_18_23_i_17_comp
INFO: [Physopt 32-663] Processed net ip_integrator_i/rv_sc_ip_0/inst/u_regfile/regs_reg_r1_0_31_18_23_i_29_n_0.  Re-placed instance ip_integrator_i/rv_sc_ip_0/inst/u_regfile/regs_reg_r1_0_31_18_23_i_29_comp_1
INFO: [Physopt 32-702] Processed net ip_integrator_i/rv_sc_ip_0/inst/u_regfile/regs_reg_r1_0_31_24_29_i_7_n_0. Optimizations did not improve timing on the net.
INFO: [Physopt 32-702] Processed net ip_integrator_i/rv_sc_ip_0/inst/u_alu/DEVICE_7SERIES.WITH_BMM_INFO.TRUE_DP.SIMPLE_PRIM36.TDP_SP36_NO_ECC_ATTR.ram_1. Optimizations did not improve timing on the net.
INFO: [Physopt 32-702] Processed net ip_integrator_i/rv_sc_ip_0/inst/u_regfile/DEVICE_7SERIES.WITH_BMM_INFO.TRUE_DP.SIMPLE_PRIM36.TDP_SP36_NO_ECC_ATTR.ram_16[24]. Optimizations did not improve timing on the net.
INFO: [Physopt 32-608] Optimized 1 net.  Swapped 25 pins.
INFO: [Physopt 32-663] Processed net ip_integrator_i/rv_sc_ip_0/inst/u_regfile/regs_reg_r1_0_31_18_23_i_72_n_0.  Re-placed instance ip_integrator_i/rv_sc_ip_0/inst/u_regfile/regs_reg_r1_0_31_18_23_i_72
INFO: [Physopt 32-702] Processed net ip_integrator_i/rv_sc_ip_0/inst/u_regfile/pc[12]_i_10_n_0. Optimizations did not improve timing on the net.
INFO: [Physopt 32-702] Processed net ip_integrator_i/rv_sc_ip_0/inst/u_regfile/regs_reg_r1_0_31_12_17_i_7_n_0. Optimizations did not improve timing on the net.
INFO: [Physopt 32-608] Optimized 1 net.  Swapped 23 pins.
INFO: [Physopt 32-702] Processed net ip_integrator_i/rv_sc_ip_0/inst/u_regfile/u_alu/p_0_in[4]_repN_1. Optimizations did not improve timing on the net.
INFO: [Physopt 32-608] Optimized 1 net.  Swapped 24 pins.
INFO: [Physopt 32-608] Optimized 1 net.  Swapped 17 pins.
INFO: [Physopt 32-702] Processed net ip_integrator_i/rv_sc_ip_0/inst/u_regfile/d_addrb[0]_repN_1. Optimizations did not improve timing on the net.
INFO: [Physopt 32-663] Processed net ip_integrator_i/rv_sc_ip_0/inst/u_alu/DEVICE_7SERIES.WITH_BMM_INFO.TRUE_DP.SIMPLE_PRIM36.TDP_SP36_NO_ECC_ATTR.ram_29.  Re-placed instance ip_integrator_i/rv_sc_ip_0/inst/u_alu/d_addrb[2]_INST_0_i_1
INFO: [Physopt 32-702] Processed net ip_integrator_i/rv_sc_ip_0/inst/u_regfile/regs_reg_r1_0_31_0_5_i_9_n_0. Optimizations did not improve timing on the net.
INFO: [Physopt 32-702] Processed net ip_integrator_i/rv_sc_ip_0/inst/u_regfile/regs_reg_r1_0_31_0_5_i_19_n_0. Optimizations did not improve timing on the net.
INFO: [Physopt 32-663] Processed net ip_integrator_i/rv_sc_ip_0/inst/u_alu/DEVICE_7SERIES.WITH_BMM_INFO.TRUE_DP.SIMPLE_PRIM36.TDP_SP36_NO_ECC_ATTR.ram_10.  Re-placed instance ip_integrator_i/rv_sc_ip_0/inst/u_alu/regs_reg_r1_0_31_0_5_i_29
INFO: [Physopt 32-702] Processed net ip_integrator_i/rv_sc_ip_0/inst/u_regfile/regs_reg_r1_0_31_24_29_i_19_n_0_repN. Optimizations did not improve timing on the net.
INFO: [Physopt 32-702] Processed net ip_integrator_i/rv_sc_ip_0/inst/u_regfile/regs_reg_r1_0_31_24_29_i_21_n_0. Optimizations did not improve timing on the net.
INFO: [Physopt 32-608] Optimized 1 net.  Swapped 24 pins.
INFO: [Physopt 32-608] Optimized 1 net.  Swapped 16 pins.
INFO: [Physopt 32-608] Optimized 1 net.  Swapped 12 pins.
INFO: [Physopt 32-702] Processed net ip_integrator_i/rv_sc_ip_0/inst/u_regfile/regs_reg_r1_0_31_30_31_i_2_n_0. Optimizations did not improve timing on the net.
INFO: [Physopt 32-608] Optimized 1 net.  Swapped 18 pins.
INFO: [Physopt 32-608] Optimized 1 net.  Swapped 24 pins.
INFO: [Physopt 32-663] Processed net ip_integrator_i/rv_sc_ip_0/inst/u_regfile/regs_reg_r1_0_31_24_29_i_46_n_0.  Re-placed instance ip_integrator_i/rv_sc_ip_0/inst/u_regfile/regs_reg_r1_0_31_24_29_i_46
INFO: [Physopt 32-702] Processed net ip_integrator_i/rv_sc_ip_0/inst/u_regfile/regs_reg_r1_0_31_24_29_i_17_n_0. Optimizations did not improve timing on the net.
INFO: [Physopt 32-702] Processed net ip_integrator_i/rv_sc_ip_0/inst/u_regfile/regs_reg_r1_0_31_24_29_i_38_n_0. Optimizations did not improve timing on the net.
INFO: [Physopt 32-608] Optimized 1 net.  Swapped 15 pins.
INFO: [Physopt 32-702] Processed net ip_integrator_i/rv_sc_ip_0/inst/u_regfile/regs_reg_r1_0_31_24_29_i_45_n_0. Optimizations did not improve timing on the net.
INFO: [Physopt 32-663] Processed net ip_integrator_i/rv_sc_ip_0/inst/u_regfile/regs_reg_r1_0_31_18_23_i_86_n_0_repN.  Re-placed instance ip_integrator_i/rv_sc_ip_0/inst/u_regfile/regs_reg_r1_0_31_18_23_i_86_replica
INFO: [Physopt 32-702] Processed net ip_integrator_i/rv_sc_ip_0/inst/u_regfile/imm[2]. Optimizations did not improve timing on the net.
INFO: [Physopt 32-608] Optimized 1 net.  Swapped 21 pins.
INFO: [Physopt 32-663] Processed net ip_integrator_i/rv_sc_ip_0/inst/u_regfile/regs_reg_r1_0_31_24_29_i_35_n_0.  Re-placed instance ip_integrator_i/rv_sc_ip_0/inst/u_regfile/regs_reg_r1_0_31_24_29_i_35
INFO: [Physopt 32-663] Processed net ip_integrator_i/rv_sc_ip_0/inst/u_regfile/regs_reg_r1_0_31_18_23_i_72_n_0.  Re-placed instance ip_integrator_i/rv_sc_ip_0/inst/u_regfile/regs_reg_r1_0_31_18_23_i_72
Phase 3 Critical Path Optimization | Checksum: 1120ad8f8

Time (s): cpu = 00:00:25 ; elapsed = 00:00:18 . Memory (MB): peak = 1979.332 ; gain = 0.000

Phase 4 Critical Path Optimization
INFO: [Physopt 32-702] Processed net ip_integrator_i/rv_sc_ip_0/inst/u_pc/Q[4]. Optimizations did not improve timing on the net.
INFO: [Physopt 32-702] Processed net ip_integrator_i/processing_system7_0/inst/FCLK_CLK_unbuffered[0]. Optimizations did not improve timing on the net.
INFO: [Physopt 32-702] Processed net ip_integrator_i/rv_sc_ip_0/inst/u_regfile/pc[12]_i_4_n_0. Optimizations did not improve timing on the net.
INFO: [Physopt 32-608] Optimized 1 net.  Swapped 18 pins.
INFO: [Physopt 32-702] Processed net ip_integrator_i/rv_sc_ip_0/inst/u_pc/Q[10]. Optimizations did not improve timing on the net.
INFO: [Physopt 32-702] Processed net ip_integrator_i/rv_sc_ip_0/inst/u_regfile/pc[12]_i_6_n_0. Optimizations did not improve timing on the net.
INFO: [Physopt 32-702] Processed net ip_integrator_i/rv_sc_ip_0/inst/u_regfile/regs_reg_r1_0_31_12_17_i_16_n_0_repN. Optimizations did not improve timing on the net.
INFO: [Physopt 32-663] Processed net ip_integrator_i/rv_sc_ip_0/inst/u_alu/DEVICE_7SERIES.WITH_BMM_INFO.TRUE_DP.SIMPLE_PRIM36.TDP_SP36_NO_ECC_ATTR.ram_24.  Re-placed instance ip_integrator_i/rv_sc_ip_0/inst/u_alu/regs_reg_r1_0_31_12_17_i_34
INFO: [Physopt 32-702] Processed net ip_integrator_i/rv_sc_ip_0/inst/u_regfile/pc[12]_i_7_n_0. Optimizations did not improve timing on the net.
INFO: [Physopt 32-702] Processed net ip_integrator_i/rv_sc_ip_0/inst/u_regfile/d_addrb[1]. Optimizations did not improve timing on the net.
INFO: [Physopt 32-702] Processed net ip_integrator_i/rv_sc_ip_0/inst/u_regfile/d_addrb[3]_INST_0_i_2_n_0. Optimizations did not improve timing on the net.
INFO: [Physopt 32-702] Processed net ip_integrator_i/rv_sc_ip_0/inst/u_regfile/d_addrb[4]_INST_0_i_6_n_0. Optimizations did not improve timing on the net.
INFO: [Physopt 32-702] Processed net ip_integrator_i/rv_sc_ip_0/inst/u_regfile/d_addrb[6]_INST_0_i_10_n_0. Optimizations did not improve timing on the net.
INFO: [Physopt 32-608] Optimized 1 net.  Swapped 24 pins.
INFO: [Physopt 32-702] Processed net ip_integrator_i/rv_sc_ip_0/inst/u_regfile/regs_reg_r1_0_31_18_23_i_7_n_0_repN. Optimizations did not improve timing on the net.
INFO: [Physopt 32-702] Processed net ip_integrator_i/rv_sc_ip_0/inst/u_alu/DEVICE_7SERIES.WITH_BMM_INFO.TRUE_DP.SIMPLE_PRIM36.TDP_SP36_NO_ECC_ATTR.ram_22. Optimizations did not improve timing on the net.
INFO: [Physopt 32-702] Processed net ip_integrator_i/rv_sc_ip_0/inst/u_regfile/regs_reg_r1_0_31_12_17_i_78_0. Optimizations did not improve timing on the net.
INFO: [Physopt 32-608] Optimized 1 net.  Swapped 12 pins.
INFO: [Physopt 32-702] Processed net ip_integrator_i/rv_sc_ip_0/inst/u_regfile/pc[12]_i_8_n_0. Optimizations did not improve timing on the net.
INFO: [Physopt 32-702] Processed net ip_integrator_i/rv_sc_ip_0/inst/u_regfile/regs_reg_r1_0_31_12_17_i_10_n_0. Optimizations did not improve timing on the net.
INFO: [Physopt 32-702] Processed net ip_integrator_i/rv_sc_ip_0/inst/u_regfile/regs_reg_r1_0_31_12_17_i_22_n_0. Optimizations did not improve timing on the net.
INFO: [Physopt 32-702] Processed net ip_integrator_i/rv_sc_ip_0/inst/u_alu/DEVICE_7SERIES.WITH_BMM_INFO.TRUE_DP.SIMPLE_PRIM36.TDP_SP36_NO_ECC_ATTR.ram_11. Optimizations did not improve timing on the net.
INFO: [Physopt 32-702] Processed net ip_integrator_i/rv_sc_ip_0/inst/u_alu/data1[15]. Optimizations did not improve timing on the net.
INFO: [Physopt 32-702] Processed net ip_integrator_i/rv_sc_ip_0/inst/u_alu/y0_carry__1_n_0. Optimizations did not improve timing on the net.
INFO: [Physopt 32-702] Processed net ip_integrator_i/rv_sc_ip_0/inst/u_alu/y0_carry__0_n_0. Optimizations did not improve timing on the net.
INFO: [Physopt 32-702] Processed net ip_integrator_i/rv_sc_ip_0/inst/u_alu/y0_carry_n_0. Optimizations did not improve timing on the net.
INFO: [Physopt 32-702] Processed net ip_integrator_i/rv_sc_ip_0/inst/u_regfile/S[2]. Optimizations did not improve timing on the net.
INFO: [Physopt 32-710] Processed net ip_integrator_i/rv_sc_ip_0/inst/u_regfile/S[2]. Critical path length was reduced through logic transformation on cell ip_integrator_i/rv_sc_ip_0/inst/u_regfile/y0_carry_i_6_comp.
INFO: [Physopt 32-702] Processed net ip_integrator_i/rv_sc_ip_0/inst/u_regfile/regs_reg_r1_0_31_0_5_i_9_n_0. Optimizations did not improve timing on the net.
INFO: [Physopt 32-710] Processed net ip_integrator_i/rv_sc_ip_0/inst/u_regfile/regs_reg_r1_0_31_0_5_i_9_n_0. Critical path length was reduced through logic transformation on cell ip_integrator_i/rv_sc_ip_0/inst/u_regfile/regs_reg_r1_0_31_0_5_i_9_comp_1.
INFO: [Physopt 32-608] Optimized 1 net.  Swapped 23 pins.
INFO: [Physopt 32-702] Processed net ip_integrator_i/rv_sc_ip_0/inst/u_regfile/d_addrb[4]. Optimizations did not improve timing on the net.
INFO: [Physopt 32-702] Processed net ip_integrator_i/rv_sc_ip_0/inst/u_regfile/d_addrb[6]_INST_0_i_2_n_0. Optimizations did not improve timing on the net.
INFO: [Physopt 32-608] Optimized 1 net.  Swapped 18 pins.
INFO: [Physopt 32-663] Processed net ip_integrator_i/rv_sc_ip_0/inst/u_regfile/regs_reg_r1_0_31_12_17_i_78_n_0.  Re-placed instance ip_integrator_i/rv_sc_ip_0/inst/u_regfile/regs_reg_r1_0_31_12_17_i_78
INFO: [Physopt 32-608] Optimized 1 net.  Swapped 24 pins.
INFO: [Physopt 32-702] Processed net ip_integrator_i/rv_sc_ip_0/inst/u_pc/Q[4]. Optimizations did not improve timing on the net.
INFO: [Physopt 32-702] Processed net ip_integrator_i/processing_system7_0/inst/FCLK_CLK_unbuffered[0]. Optimizations did not improve timing on the net.
INFO: [Physopt 32-702] Processed net ip_integrator_i/rv_sc_ip_0/inst/u_regfile/pc[12]_i_4_n_0. Optimizations did not improve timing on the net.
INFO: [Physopt 32-702] Processed net ip_integrator_i/rv_sc_ip_0/inst/u_regfile/pc[12]_i_8_n_0. Optimizations did not improve timing on the net.
INFO: [Physopt 32-608] Optimized 1 net.  Swapped 23 pins.
INFO: [Physopt 32-702] Processed net ip_integrator_i/rv_sc_ip_0/inst/u_regfile/pc[12]_i_7_n_0. Optimizations did not improve timing on the net.
INFO: [Physopt 32-702] Processed net ip_integrator_i/rv_sc_ip_0/inst/u_regfile/d_addrb[1]. Optimizations did not improve timing on the net.
INFO: [Physopt 32-702] Processed net ip_integrator_i/rv_sc_ip_0/inst/u_regfile/d_addrb[3]_INST_0_i_2_n_0. Optimizations did not improve timing on the net.
INFO: [Physopt 32-702] Processed net ip_integrator_i/rv_sc_ip_0/inst/u_regfile/d_addrb[4]_INST_0_i_6_n_0. Optimizations did not improve timing on the net.
INFO: [Physopt 32-702] Processed net ip_integrator_i/rv_sc_ip_0/inst/u_regfile/d_addrb[4]_INST_0_i_11_n_0. Optimizations did not improve timing on the net.
INFO: [Physopt 32-702] Processed net ip_integrator_i/rv_sc_ip_0/inst/u_regfile/d_addrb[4]_INST_0_i_12_n_0. Optimizations did not improve timing on the net.
INFO: [Physopt 32-608] Optimized 1 net.  Swapped 20 pins.
INFO: [Physopt 32-608] Optimized 1 net.  Swapped 18 pins.
INFO: [Physopt 32-702] Processed net ip_integrator_i/rv_sc_ip_0/inst/u_regfile/regs_reg_r1_0_31_12_17_i_10_n_0. Optimizations did not improve timing on the net.
INFO: [Physopt 32-702] Processed net ip_integrator_i/rv_sc_ip_0/inst/u_regfile/regs_reg_r1_0_31_12_17_i_22_n_0. Optimizations did not improve timing on the net.
INFO: [Physopt 32-702] Processed net ip_integrator_i/rv_sc_ip_0/inst/u_alu/DEVICE_7SERIES.WITH_BMM_INFO.TRUE_DP.SIMPLE_PRIM36.TDP_SP36_NO_ECC_ATTR.ram_11. Optimizations did not improve timing on the net.
INFO: [Physopt 32-702] Processed net ip_integrator_i/rv_sc_ip_0/inst/u_alu/data1[15]. Optimizations did not improve timing on the net.
INFO: [Physopt 32-608] Optimized 1 net.  Swapped 25 pins.
INFO: [Physopt 32-702] Processed net ip_integrator_i/rv_sc_ip_0/inst/u_regfile/d_addrb[2]_INST_0_i_2_n_0. Optimizations did not improve timing on the net.
INFO: [Physopt 32-608] Optimized 1 net.  Swapped 24 pins.
INFO: [Physopt 32-702] Processed net ip_integrator_i/rv_sc_ip_0/inst/u_pc/Q[23]. Optimizations did not improve timing on the net.
INFO: [Physopt 32-702] Processed net ip_integrator_i/rv_sc_ip_0/inst/u_regfile/pc[12]_i_5_n_0. Optimizations did not improve timing on the net.
INFO: [Physopt 32-702] Processed net ip_integrator_i/rv_sc_ip_0/inst/u_regfile/regs_reg_r1_0_31_24_29_i_17_n_0. Optimizations did not improve timing on the net.
INFO: [Physopt 32-608] Optimized 1 net.  Swapped 24 pins.
INFO: [Physopt 32-702] Processed net ip_integrator_i/rv_sc_ip_0/inst/u_regfile/regs_reg_r1_0_31_0_5_i_13_n_0. Optimizations did not improve timing on the net.
INFO: [Physopt 32-702] Processed net ip_integrator_i/rv_sc_ip_0/inst/u_regfile/regs_reg_r1_0_31_0_5_i_25_n_0. Optimizations did not improve timing on the net.
INFO: [Physopt 32-702] Processed net ip_integrator_i/rv_sc_ip_0/inst/u_regfile/regs_reg_r1_0_31_0_5_i_34_n_0. Optimizations did not improve timing on the net.
INFO: [Physopt 32-702] Processed net ip_integrator_i/rv_sc_ip_0/inst/u_alu/DEVICE_7SERIES.WITH_BMM_INFO.TRUE_DP.SIMPLE_PRIM36.TDP_SP36_NO_ECC_ATTR.ram[0]. Optimizations did not improve timing on the net.
INFO: [Physopt 32-608] Optimized 1 net.  Swapped 42 pins.
INFO: [Physopt 32-702] Processed net ip_integrator_i/rv_sc_ip_0/inst/u_regfile/regs_reg_r1_0_31_30_31_i_2_n_0. Optimizations did not improve timing on the net.
INFO: [Physopt 32-702] Processed net ip_integrator_i/rv_sc_ip_0/inst/u_regfile/regs_reg_r1_0_31_30_31_i_5_n_0. Optimizations did not improve timing on the net.
INFO: [Physopt 32-608] Optimized 1 net.  Swapped 24 pins.
INFO: [Physopt 32-702] Processed net ip_integrator_i/rv_sc_ip_0/inst/u_regfile/pc[12]_i_10_n_0. Optimizations did not improve timing on the net.
INFO: [Physopt 32-702] Processed net ip_integrator_i/rv_sc_ip_0/inst/u_regfile/d_addrb[7]. Optimizations did not improve timing on the net.
INFO: [Physopt 32-663] Processed net ip_integrator_i/rv_sc_ip_0/inst/u_regfile/d_addrb[9]_INST_0_i_2_n_0.  Re-placed instance ip_integrator_i/rv_sc_ip_0/inst/u_regfile/d_addrb[9]_INST_0_i_2_comp_1
INFO: [Physopt 32-608] Optimized 1 net.  Swapped 24 pins.
Phase 4 Critical Path Optimization | Checksum: 1120ad8f8

Time (s): cpu = 00:00:28 ; elapsed = 00:00:20 . Memory (MB): peak = 1979.332 ; gain = 0.000
Netlist sorting complete. Time (s): cpu = 00:00:00 ; elapsed = 00:00:00.016 . Memory (MB): peak = 1979.332 ; gain = 0.000
INFO: [Physopt 32-603] Post Physical Optimization Timing Summary | WNS=-1.842 | TNS=-128.232 |

Summary of Physical Synthesis Optimizations
============================================


-------------------------------------------------------------------------------------------------------------------------------------------------------------
|  Optimization   |  WNS Gain (ns)  |  TNS Gain (ns)  |  Added Cells  |  Removed Cells  |  Optimized Cells/Nets  |  Dont Touch  |  Iterations  |  Elapsed   |
-------------------------------------------------------------------------------------------------------------------------------------------------------------
|  DSP Register   |          0.000  |          0.000  |            0  |              0  |                     0  |           0  |           1  |  00:00:00  |
|  Critical Path  |          0.765  |         56.643  |           11  |              0  |                   165  |           0  |           2  |  00:00:19  |
|  Total          |          0.765  |         56.643  |           11  |              0  |                   165  |           0  |           3  |  00:00:19  |
-------------------------------------------------------------------------------------------------------------------------------------------------------------


Netlist sorting complete. Time (s): cpu = 00:00:00 ; elapsed = 00:00:00.006 . Memory (MB): peak = 1979.332 ; gain = 0.000
Ending Physical Synthesis Task | Checksum: 181ec6136

Time (s): cpu = 00:00:28 ; elapsed = 00:00:20 . Memory (MB): peak = 1979.332 ; gain = 0.000
INFO: [Common 17-83] Releasing license: Implementation
630 Infos, 1 Warnings, 0 Critical Warnings and 0 Errors encountered.
phys_opt_design completed successfully
phys_opt_design: Time (s): cpu = 00:00:31 ; elapsed = 00:00:21 . Memory (MB): peak = 1979.332 ; gain = 0.000
INFO: [Timing 38-480] Writing timing data to binary archive.
Writing placer database...
Writing XDEF routing.
Writing XDEF routing logical nets.
Writing XDEF routing special nets.
Write XDEF Complete: Time (s): cpu = 00:00:02 ; elapsed = 00:00:00.515 . Memory (MB): peak = 1979.332 ; gain = 0.000
INFO: [Common 17-1381] The checkpoint 'C:/Users/tbnrs/Documents/Development/hdl_group_project_sc/hdl_group_project.runs/impl_1/ip_integrator_wrapper_physopt.dcp' has been generated.
Command: route_design
Attempting to get a license for feature 'Implementation' and/or device 'xc7z020'
INFO: [Common 17-349] Got license for feature 'Implementation' and/or device 'xc7z020'
INFO: [DRC 23-27] Running DRC with 2 threads
INFO: [Vivado_Tcl 4-198] DRC finished with 0 Errors
INFO: [Vivado_Tcl 4-199] Please refer to the DRC report (report_drc) for more information.
Running DRC as a precondition to command route_design
INFO: [DRC 23-27] Running DRC with 2 threads
INFO: [Vivado_Tcl 4-198] DRC finished with 0 Errors
INFO: [Vivado_Tcl 4-199] Please refer to the DRC report (report_drc) for more information.


Starting Routing Task
INFO: [Route 35-254] Multithreading enabled for route_design using a maximum of 2 CPUs

Phase 1 Build RT Design
Checksum: PlaceDB: 763ec11e ConstDB: 0 ShapeSum: 27203340 RouteDB: 0
Post Restoration Checksum: NetGraph: 2fa8d5f2 NumContArr: c0df4473 Constraints: 0 Timing: 0
Phase 1 Build RT Design | Checksum: f0881a65

Time (s): cpu = 00:00:15 ; elapsed = 00:00:12 . Memory (MB): peak = 2061.273 ; gain = 81.941

Phase 2 Router Initialization

Phase 2.1 Create Timer
Phase 2.1 Create Timer | Checksum: f0881a65

Time (s): cpu = 00:00:15 ; elapsed = 00:00:12 . Memory (MB): peak = 2061.281 ; gain = 81.949

Phase 2.2 Fix Topology Constraints
Phase 2.2 Fix Topology Constraints | Checksum: f0881a65

Time (s): cpu = 00:00:15 ; elapsed = 00:00:12 . Memory (MB): peak = 2068.223 ; gain = 88.891

Phase 2.3 Pre Route Cleanup
Phase 2.3 Pre Route Cleanup | Checksum: f0881a65

Time (s): cpu = 00:00:15 ; elapsed = 00:00:12 . Memory (MB): peak = 2068.223 ; gain = 88.891
 Number of Nodes with overlaps = 0

Phase 2.4 Update Timing
Phase 2.4 Update Timing | Checksum: 1a07de516

Time (s): cpu = 00:00:17 ; elapsed = 00:00:14 . Memory (MB): peak = 2094.191 ; gain = 114.859
INFO: [Route 35-416] Intermediate Timing Summary | WNS=-1.670 | TNS=-116.974| WHS=-0.347 | THS=-431.744|


Router Utilization Summary
  Global Vertical Routing Utilization    = 0 %
  Global Horizontal Routing Utilization  = 0 %
  Routable Net Status*
  *Does not include unroutable nets such as driverless and loadless.
  Run report_route_status for detailed report.
  Number of Failed Nets               = 9030
    (Failed Nets is the sum of unrouted and partially routed nets)
  Number of Unrouted Nets             = 9030
  Number of Partially Routed Nets     = 0
  Number of Node Overlaps             = 0

Phase 2 Router Initialization | Checksum: 1770f4560

Time (s): cpu = 00:00:19 ; elapsed = 00:00:15 . Memory (MB): peak = 2100.457 ; gain = 121.125

Phase 3 Initial Routing

Phase 3.1 Global Routing
Phase 3.1 Global Routing | Checksum: 1770f4560

Time (s): cpu = 00:00:19 ; elapsed = 00:00:15 . Memory (MB): peak = 2100.457 ; gain = 121.125
Phase 3 Initial Routing | Checksum: 1376863d8

Time (s): cpu = 00:00:21 ; elapsed = 00:00:16 . Memory (MB): peak = 2103.367 ; gain = 124.035
INFO: [Route 35-580] Design has 2 pins with tight setup and hold constraints.

The top 5 pins with tight setup and hold constraints:

+==============+===============+==================================================+
| Launch Clock | Capture Clock | Pin                                              |
+==============+===============+==================================================+
| clk_fpga_0   | clk_fpga_0    | ip_integrator_i/rv_sc_ip_0/inst/u_pc/pc_reg[1]/D |
| clk_fpga_0   | clk_fpga_0    | ip_integrator_i/rv_sc_ip_0/inst/u_pc/pc_reg[2]/D |
+--------------+---------------+--------------------------------------------------+

File with complete list of pins: tight_setup_hold_pins.txt


Phase 4 Rip-up And Reroute

Phase 4.1 Global Iteration 0
 Number of Nodes with overlaps = 2693
 Number of Nodes with overlaps = 944
 Number of Nodes with overlaps = 459
 Number of Nodes with overlaps = 240
 Number of Nodes with overlaps = 113
 Number of Nodes with overlaps = 15
 Number of Nodes with overlaps = 6
 Number of Nodes with overlaps = 0
INFO: [Route 35-416] Intermediate Timing Summary | WNS=-3.516 | TNS=-215.997| WHS=N/A    | THS=N/A    |

Phase 4.1 Global Iteration 0 | Checksum: 2565b3493

Time (s): cpu = 00:00:42 ; elapsed = 00:00:27 . Memory (MB): peak = 2103.367 ; gain = 124.035

Phase 4.2 Global Iteration 1
 Number of Nodes with overlaps = 938
 Number of Nodes with overlaps = 425
 Number of Nodes with overlaps = 135
 Number of Nodes with overlaps = 62
 Number of Nodes with overlaps = 22
 Number of Nodes with overlaps = 6
 Number of Nodes with overlaps = 5
 Number of Nodes with overlaps = 8
 Number of Nodes with overlaps = 3
 Number of Nodes with overlaps = 3
 Number of Nodes with overlaps = 1
 Number of Nodes with overlaps = 0
INFO: [Route 35-416] Intermediate Timing Summary | WNS=-2.997 | TNS=-190.980| WHS=N/A    | THS=N/A    |

Phase 4.2 Global Iteration 1 | Checksum: 1789f3117

Time (s): cpu = 00:00:56 ; elapsed = 00:00:36 . Memory (MB): peak = 2103.367 ; gain = 124.035

Phase 4.3 Global Iteration 2
 Number of Nodes with overlaps = 754
 Number of Nodes with overlaps = 289
 Number of Nodes with overlaps = 74
 Number of Nodes with overlaps = 15
 Number of Nodes with overlaps = 9
 Number of Nodes with overlaps = 7
 Number of Nodes with overlaps = 4
 Number of Nodes with overlaps = 1
 Number of Nodes with overlaps = 3
 Number of Nodes with overlaps = 2
 Number of Nodes with overlaps = 0
INFO: [Route 35-416] Intermediate Timing Summary | WNS=-3.161 | TNS=-201.035| WHS=N/A    | THS=N/A    |

Phase 4.3 Global Iteration 2 | Checksum: db94e348

Time (s): cpu = 00:01:05 ; elapsed = 00:00:41 . Memory (MB): peak = 2103.367 ; gain = 124.035
Phase 4 Rip-up And Reroute | Checksum: db94e348

Time (s): cpu = 00:01:05 ; elapsed = 00:00:41 . Memory (MB): peak = 2103.367 ; gain = 124.035

Phase 5 Delay and Skew Optimization

Phase 5.1 Delay CleanUp

Phase 5.1.1 Update Timing
Phase 5.1.1 Update Timing | Checksum: 1044c0092

Time (s): cpu = 00:01:06 ; elapsed = 00:00:42 . Memory (MB): peak = 2103.367 ; gain = 124.035
INFO: [Route 35-416] Intermediate Timing Summary | WNS=-2.966 | TNS=-179.608| WHS=N/A    | THS=N/A    |

 Number of Nodes with overlaps = 0
Phase 5.1 Delay CleanUp | Checksum: 1e5e0f2f7

Time (s): cpu = 00:01:07 ; elapsed = 00:00:42 . Memory (MB): peak = 2103.367 ; gain = 124.035

Phase 5.2 Clock Skew Optimization
Phase 5.2 Clock Skew Optimization | Checksum: 1e5e0f2f7

Time (s): cpu = 00:01:07 ; elapsed = 00:00:42 . Memory (MB): peak = 2103.367 ; gain = 124.035
Phase 5 Delay and Skew Optimization | Checksum: 1e5e0f2f7

Time (s): cpu = 00:01:07 ; elapsed = 00:00:42 . Memory (MB): peak = 2103.367 ; gain = 124.035

Phase 6 Post Hold Fix

Phase 6.1 Hold Fix Iter

Phase 6.1.1 Update Timing
Phase 6.1.1 Update Timing | Checksum: 1856a82cc

Time (s): cpu = 00:01:07 ; elapsed = 00:00:43 . Memory (MB): peak = 2103.367 ; gain = 124.035
INFO: [Route 35-416] Intermediate Timing Summary | WNS=-2.911 | TNS=-177.311| WHS=0.032  | THS=0.000  |

Phase 6.1 Hold Fix Iter | Checksum: 1ea2cad15

Time (s): cpu = 00:01:07 ; elapsed = 00:00:43 . Memory (MB): peak = 2103.367 ; gain = 124.035
Phase 6 Post Hold Fix | Checksum: 1ea2cad15

Time (s): cpu = 00:01:07 ; elapsed = 00:00:43 . Memory (MB): peak = 2103.367 ; gain = 124.035

Phase 7 Route finalize

Router Utilization Summary
  Global Vertical Routing Utilization    = 1.98493 %
  Global Horizontal Routing Utilization  = 2.48377 %
  Routable Net Status*
  *Does not include unroutable nets such as driverless and loadless.
  Run report_route_status for detailed report.
  Number of Failed Nets               = 0
    (Failed Nets is the sum of unrouted and partially routed nets)
  Number of Unrouted Nets             = 0
  Number of Partially Routed Nets     = 0
  Number of Node Overlaps             = 0

Congestion Report
North Dir 1x1 Area, Max Cong = 63.964%, No Congested Regions.
South Dir 1x1 Area, Max Cong = 66.6667%, No Congested Regions.
East Dir 1x1 Area, Max Cong = 79.4118%, No Congested Regions.
West Dir 1x1 Area, Max Cong = 91.1765%, Congestion bounded by tiles (Lower Left Tile -> Upper Right Tile):
   INT_R_X39Y111 -> INT_R_X39Y111
   INT_L_X38Y109 -> INT_L_X38Y109
   INT_R_X39Y109 -> INT_R_X39Y109

------------------------------
Reporting congestion hotspots
------------------------------
Direction: North
----------------
Congested clusters found at Level 0
Effective congestion level: 0 Aspect Ratio: 1 Sparse Ratio: 0
Direction: South
----------------
Congested clusters found at Level 0
Effective congestion level: 0 Aspect Ratio: 1 Sparse Ratio: 0
Direction: East
----------------
Congested clusters found at Level 0
Effective congestion level: 0 Aspect Ratio: 1 Sparse Ratio: 0
Direction: West
----------------
Congested clusters found at Level 0
Effective congestion level: 1 Aspect Ratio: 0.5 Sparse Ratio: 0.5

Phase 7 Route finalize | Checksum: 21680db43

Time (s): cpu = 00:01:07 ; elapsed = 00:00:43 . Memory (MB): peak = 2103.367 ; gain = 124.035

Phase 8 Verifying routed nets

 Verification completed successfully
Phase 8 Verifying routed nets | Checksum: 21680db43

Time (s): cpu = 00:01:07 ; elapsed = 00:00:43 . Memory (MB): peak = 2103.367 ; gain = 124.035

Phase 9 Depositing Routes
Phase 9 Depositing Routes | Checksum: 1e519b143

Time (s): cpu = 00:01:08 ; elapsed = 00:00:44 . Memory (MB): peak = 2103.367 ; gain = 124.035

Phase 10 Post Router Timing
INFO: [Route 35-57] Estimated Timing Summary | WNS=-2.911 | TNS=-177.311| WHS=0.032  | THS=0.000  |

WARNING: [Route 35-328] Router estimated timing not met.
Resolution: For a complete and accurate timing signoff, report_timing_summary must be run after route_design. Alternatively, route_design can be run with the -timing_summary option to enable a complete timing signoff at the end of route_design.
Phase 10 Post Router Timing | Checksum: 1e519b143

Time (s): cpu = 00:01:08 ; elapsed = 00:00:44 . Memory (MB): peak = 2103.367 ; gain = 124.035
INFO: [Route 35-16] Router Completed Successfully

Time (s): cpu = 00:01:08 ; elapsed = 00:00:44 . Memory (MB): peak = 2103.367 ; gain = 124.035

Routing Is Done.
INFO: [Common 17-83] Releasing license: Implementation
650 Infos, 2 Warnings, 0 Critical Warnings and 0 Errors encountered.
route_design completed successfully
route_design: Time (s): cpu = 00:01:12 ; elapsed = 00:00:46 . Memory (MB): peak = 2103.367 ; gain = 124.035
INFO: [Timing 38-480] Writing timing data to binary archive.
Writing placer database...
Writing XDEF routing.
Writing XDEF routing logical nets.
Writing XDEF routing special nets.
Write XDEF Complete: Time (s): cpu = 00:00:02 ; elapsed = 00:00:00.705 . Memory (MB): peak = 2118.461 ; gain = 15.094
INFO: [Common 17-1381] The checkpoint 'C:/Users/tbnrs/Documents/Development/hdl_group_project_sc/hdl_group_project.runs/impl_1/ip_integrator_wrapper_routed.dcp' has been generated.
INFO: [runtcl-4] Executing : report_drc -file ip_integrator_wrapper_drc_routed.rpt -pb ip_integrator_wrapper_drc_routed.pb -rpx ip_integrator_wrapper_drc_routed.rpx
Command: report_drc -file ip_integrator_wrapper_drc_routed.rpt -pb ip_integrator_wrapper_drc_routed.pb -rpx ip_integrator_wrapper_drc_routed.rpx
INFO: [IP_Flow 19-1839] IP Catalog is up to date.
INFO: [DRC 23-27] Running DRC with 2 threads
INFO: [Vivado_Tcl 2-168] The results of DRC are in file C:/Users/tbnrs/Documents/Development/hdl_group_project_sc/hdl_group_project.runs/impl_1/ip_integrator_wrapper_drc_routed.rpt.
report_drc completed successfully
INFO: [runtcl-4] Executing : report_methodology -file ip_integrator_wrapper_methodology_drc_routed.rpt -pb ip_integrator_wrapper_methodology_drc_routed.pb -rpx ip_integrator_wrapper_methodology_drc_routed.rpx
Command: report_methodology -file ip_integrator_wrapper_methodology_drc_routed.rpt -pb ip_integrator_wrapper_methodology_drc_routed.pb -rpx ip_integrator_wrapper_methodology_drc_routed.rpx
INFO: [Timing 38-35] Done setting XDC timing constraints.
INFO: [DRC 23-133] Running Methodology with 2 threads
INFO: [Vivado_Tcl 2-1520] The results of Report Methodology are in file C:/Users/tbnrs/Documents/Development/hdl_group_project_sc/hdl_group_project.runs/impl_1/ip_integrator_wrapper_methodology_drc_routed.rpt.
report_methodology completed successfully
INFO: [runtcl-4] Executing : report_power -file ip_integrator_wrapper_power_routed.rpt -pb ip_integrator_wrapper_power_summary_routed.pb -rpx ip_integrator_wrapper_power_routed.rpx
Command: report_power -file ip_integrator_wrapper_power_routed.rpt -pb ip_integrator_wrapper_power_summary_routed.pb -rpx ip_integrator_wrapper_power_routed.rpx
INFO: [Timing 38-35] Done setting XDC timing constraints.
Running Vector-less Activity Propagation...

Finished Running Vector-less Activity Propagation
662 Infos, 2 Warnings, 0 Critical Warnings and 0 Errors encountered.
report_power completed successfully
INFO: [runtcl-4] Executing : report_route_status -file ip_integrator_wrapper_route_status.rpt -pb ip_integrator_wrapper_route_status.pb
INFO: [runtcl-4] Executing : report_timing_summary -max_paths 10 -report_unconstrained -file ip_integrator_wrapper_timing_summary_routed.rpt -pb ip_integrator_wrapper_timing_summary_routed.pb -rpx ip_integrator_wrapper_timing_summary_routed.rpx -warn_on_violation 
INFO: [Timing 38-91] UpdateTimingParams: Speed grade: -1, Delay Type: min_max.
INFO: [Timing 38-191] Multithreading enabled for timing update using a maximum of 2 CPUs
CRITICAL WARNING: [Timing 38-282] The design failed to meet the timing requirements. Please see the timing summary report for details on the timing violations.
INFO: [runtcl-4] Executing : report_incremental_reuse -file ip_integrator_wrapper_incremental_reuse_routed.rpt
INFO: [Vivado_Tcl 4-1062] Incremental flow is disabled. No incremental reuse Info to report.
INFO: [runtcl-4] Executing : report_clock_utilization -file ip_integrator_wrapper_clock_utilization_routed.rpt
INFO: [runtcl-4] Executing : report_bus_skew -warn_on_violation -file ip_integrator_wrapper_bus_skew_routed.rpt -pb ip_integrator_wrapper_bus_skew_routed.pb -rpx ip_integrator_wrapper_bus_skew_routed.rpx
INFO: [Timing 38-91] UpdateTimingParams: Speed grade: -1, Delay Type: min_max.
INFO: [Timing 38-191] Multithreading enabled for timing update using a maximum of 2 CPUs
INFO: [Memdata 28-167] Found XPM memory block ip_integrator_i/smartconnect_0/inst/s00_nodes/s00_w_node/inst/inst_mi_handler/gen_normal_area.inst_fifo_node_payld/gen_xpm_memory_fifo.inst_fifo/gen_mem_rep[0].inst_xpm_memory/xpm_memory_base_inst with a P_MEMORY_PRIMITIVE property set to distributed. A value of block is required. You will not be able to use the updatemem program to update the bitstream with new data for the ip_integrator_i/smartconnect_0/inst/s00_nodes/s00_w_node/inst/inst_mi_handler/gen_normal_area.inst_fifo_node_payld/gen_xpm_memory_fifo.inst_fifo/gen_mem_rep[0].inst_xpm_memory/xpm_memory_base_inst block.
INFO: [Memdata 28-167] Found XPM memory block ip_integrator_i/smartconnect_0/inst/s00_nodes/s00_w_node/inst/inst_mi_handler/gen_normal_area.gen_fifo_req.inst_fifo_req/gen_xpm_memory_fifo.inst_fifo/gen_mem_rep[0].inst_xpm_memory/xpm_memory_base_inst with a P_MEMORY_PRIMITIVE property set to distributed. A value of block is required. You will not be able to use the updatemem program to update the bitstream with new data for the ip_integrator_i/smartconnect_0/inst/s00_nodes/s00_w_node/inst/inst_mi_handler/gen_normal_area.gen_fifo_req.inst_fifo_req/gen_xpm_memory_fifo.inst_fifo/gen_mem_rep[0].inst_xpm_memory/xpm_memory_base_inst block.
INFO: [Memdata 28-167] Found XPM memory block ip_integrator_i/smartconnect_0/inst/s00_nodes/s00_r_node/inst/inst_mi_handler/gen_normal_area.inst_fifo_node_payld/gen_xpm_memory_fifo.inst_fifo/gen_mem_rep[0].inst_xpm_memory/xpm_memory_base_inst with a P_MEMORY_PRIMITIVE property set to distributed. A value of block is required. You will not be able to use the updatemem program to update the bitstream with new data for the ip_integrator_i/smartconnect_0/inst/s00_nodes/s00_r_node/inst/inst_mi_handler/gen_normal_area.inst_fifo_node_payld/gen_xpm_memory_fifo.inst_fifo/gen_mem_rep[0].inst_xpm_memory/xpm_memory_base_inst block.
INFO: [Memdata 28-167] Found XPM memory block ip_integrator_i/smartconnect_0/inst/s00_nodes/s00_b_node/inst/inst_mi_handler/gen_normal_area.inst_fifo_node_payld/gen_xpm_memory_fifo.inst_fifo/gen_mem_rep[0].inst_xpm_memory/xpm_memory_base_inst with a P_MEMORY_PRIMITIVE property set to distributed. A value of block is required. You will not be able to use the updatemem program to update the bitstream with new data for the ip_integrator_i/smartconnect_0/inst/s00_nodes/s00_b_node/inst/inst_mi_handler/gen_normal_area.inst_fifo_node_payld/gen_xpm_memory_fifo.inst_fifo/gen_mem_rep[0].inst_xpm_memory/xpm_memory_base_inst block.
INFO: [Memdata 28-167] Found XPM memory block ip_integrator_i/smartconnect_0/inst/s00_nodes/s00_aw_node/inst/inst_mi_handler/gen_normal_area.inst_fifo_node_payld/gen_xpm_memory_fifo.inst_fifo/gen_mem_rep[0].inst_xpm_memory/xpm_memory_base_inst with a P_MEMORY_PRIMITIVE property set to distributed. A value of block is required. You will not be able to use the updatemem program to update the bitstream with new data for the ip_integrator_i/smartconnect_0/inst/s00_nodes/s00_aw_node/inst/inst_mi_handler/gen_normal_area.inst_fifo_node_payld/gen_xpm_memory_fifo.inst_fifo/gen_mem_rep[0].inst_xpm_memory/xpm_memory_base_inst block.
INFO: [Memdata 28-167] Found XPM memory block ip_integrator_i/smartconnect_0/inst/s00_nodes/s00_aw_node/inst/inst_mi_handler/gen_normal_area.gen_fifo_req.inst_fifo_req/gen_xpm_memory_fifo.inst_fifo/gen_mem_rep[0].inst_xpm_memory/xpm_memory_base_inst with a P_MEMORY_PRIMITIVE property set to distributed. A value of block is required. You will not be able to use the updatemem program to update the bitstream with new data for the ip_integrator_i/smartconnect_0/inst/s00_nodes/s00_aw_node/inst/inst_mi_handler/gen_normal_area.gen_fifo_req.inst_fifo_req/gen_xpm_memory_fifo.inst_fifo/gen_mem_rep[0].inst_xpm_memory/xpm_memory_base_inst block.
INFO: [Memdata 28-167] Found XPM memory block ip_integrator_i/smartconnect_0/inst/s00_nodes/s00_ar_node/inst/inst_mi_handler/gen_normal_area.inst_fifo_node_payld/gen_xpm_memory_fifo.inst_fifo/gen_mem_rep[0].inst_xpm_memory/xpm_memory_base_inst with a P_MEMORY_PRIMITIVE property set to distributed. A value of block is required. You will not be able to use the updatemem program to update the bitstream with new data for the ip_integrator_i/smartconnect_0/inst/s00_nodes/s00_ar_node/inst/inst_mi_handler/gen_normal_area.inst_fifo_node_payld/gen_xpm_memory_fifo.inst_fifo/gen_mem_rep[0].inst_xpm_memory/xpm_memory_base_inst block.
INFO: [Memdata 28-167] Found XPM memory block ip_integrator_i/smartconnect_0/inst/s00_nodes/s00_ar_node/inst/inst_mi_handler/gen_normal_area.gen_fifo_req.inst_fifo_req/gen_xpm_memory_fifo.inst_fifo/gen_mem_rep[0].inst_xpm_memory/xpm_memory_base_inst with a P_MEMORY_PRIMITIVE property set to distributed. A value of block is required. You will not be able to use the updatemem program to update the bitstream with new data for the ip_integrator_i/smartconnect_0/inst/s00_nodes/s00_ar_node/inst/inst_mi_handler/gen_normal_area.gen_fifo_req.inst_fifo_req/gen_xpm_memory_fifo.inst_fifo/gen_mem_rep[0].inst_xpm_memory/xpm_memory_base_inst block.
INFO: [Memdata 28-167] Found XPM memory block ip_integrator_i/smartconnect_0/inst/m02_nodes/m02_w_node/inst/inst_mi_handler/gen_normal_area.inst_fifo_node_payld/gen_xpm_memory_fifo.inst_fifo/gen_mem_rep[0].inst_xpm_memory/xpm_memory_base_inst with a P_MEMORY_PRIMITIVE property set to distributed. A value of block is required. You will not be able to use the updatemem program to update the bitstream with new data for the ip_integrator_i/smartconnect_0/inst/m02_nodes/m02_w_node/inst/inst_mi_handler/gen_normal_area.inst_fifo_node_payld/gen_xpm_memory_fifo.inst_fifo/gen_mem_rep[0].inst_xpm_memory/xpm_memory_base_inst block.
INFO: [Memdata 28-167] Found XPM memory block ip_integrator_i/smartconnect_0/inst/m02_nodes/m02_r_node/inst/inst_mi_handler/gen_normal_area.inst_fifo_node_payld/gen_xpm_memory_fifo.inst_fifo/gen_mem_rep[0].inst_xpm_memory/xpm_memory_base_inst with a P_MEMORY_PRIMITIVE property set to distributed. A value of block is required. You will not be able to use the updatemem program to update the bitstream with new data for the ip_integrator_i/smartconnect_0/inst/m02_nodes/m02_r_node/inst/inst_mi_handler/gen_normal_area.inst_fifo_node_payld/gen_xpm_memory_fifo.inst_fifo/gen_mem_rep[0].inst_xpm_memory/xpm_memory_base_inst block.
INFO: [Memdata 28-167] Found XPM memory block ip_integrator_i/smartconnect_0/inst/m02_nodes/m02_b_node/inst/inst_mi_handler/gen_normal_area.inst_fifo_node_payld/gen_xpm_memory_fifo.inst_fifo/gen_mem_rep[0].inst_xpm_memory/xpm_memory_base_inst with a P_MEMORY_PRIMITIVE property set to distributed. A value of block is required. You will not be able to use the updatemem program to update the bitstream with new data for the ip_integrator_i/smartconnect_0/inst/m02_nodes/m02_b_node/inst/inst_mi_handler/gen_normal_area.inst_fifo_node_payld/gen_xpm_memory_fifo.inst_fifo/gen_mem_rep[0].inst_xpm_memory/xpm_memory_base_inst block.
INFO: [Memdata 28-167] Found XPM memory block ip_integrator_i/smartconnect_0/inst/m02_nodes/m02_aw_node/inst/inst_mi_handler/gen_normal_area.inst_fifo_node_payld/gen_xpm_memory_fifo.inst_fifo/gen_mem_rep[0].inst_xpm_memory/xpm_memory_base_inst with a P_MEMORY_PRIMITIVE property set to distributed. A value of block is required. You will not be able to use the updatemem program to update the bitstream with new data for the ip_integrator_i/smartconnect_0/inst/m02_nodes/m02_aw_node/inst/inst_mi_handler/gen_normal_area.inst_fifo_node_payld/gen_xpm_memory_fifo.inst_fifo/gen_mem_rep[0].inst_xpm_memory/xpm_memory_base_inst block.
INFO: [Memdata 28-167] Found XPM memory block ip_integrator_i/smartconnect_0/inst/m02_nodes/m02_ar_node/inst/inst_mi_handler/gen_normal_area.inst_fifo_node_payld/gen_xpm_memory_fifo.inst_fifo/gen_mem_rep[0].inst_xpm_memory/xpm_memory_base_inst with a P_MEMORY_PRIMITIVE property set to distributed. A value of block is required. You will not be able to use the updatemem program to update the bitstream with new data for the ip_integrator_i/smartconnect_0/inst/m02_nodes/m02_ar_node/inst/inst_mi_handler/gen_normal_area.inst_fifo_node_payld/gen_xpm_memory_fifo.inst_fifo/gen_mem_rep[0].inst_xpm_memory/xpm_memory_base_inst block.
INFO: [Memdata 28-167] Found XPM memory block ip_integrator_i/smartconnect_0/inst/m01_nodes/m01_w_node/inst/inst_mi_handler/gen_normal_area.inst_fifo_node_payld/gen_xpm_memory_fifo.inst_fifo/gen_mem_rep[0].inst_xpm_memory/xpm_memory_base_inst with a P_MEMORY_PRIMITIVE property set to distributed. A value of block is required. You will not be able to use the updatemem program to update the bitstream with new data for the ip_integrator_i/smartconnect_0/inst/m01_nodes/m01_w_node/inst/inst_mi_handler/gen_normal_area.inst_fifo_node_payld/gen_xpm_memory_fifo.inst_fifo/gen_mem_rep[0].inst_xpm_memory/xpm_memory_base_inst block.
INFO: [Memdata 28-167] Found XPM memory block ip_integrator_i/smartconnect_0/inst/m01_nodes/m01_r_node/inst/inst_mi_handler/gen_normal_area.inst_fifo_node_payld/gen_xpm_memory_fifo.inst_fifo/gen_mem_rep[0].inst_xpm_memory/xpm_memory_base_inst with a P_MEMORY_PRIMITIVE property set to distributed. A value of block is required. You will not be able to use the updatemem program to update the bitstream with new data for the ip_integrator_i/smartconnect_0/inst/m01_nodes/m01_r_node/inst/inst_mi_handler/gen_normal_area.inst_fifo_node_payld/gen_xpm_memory_fifo.inst_fifo/gen_mem_rep[0].inst_xpm_memory/xpm_memory_base_inst block.
INFO: [Memdata 28-167] Found XPM memory block ip_integrator_i/smartconnect_0/inst/m01_nodes/m01_b_node/inst/inst_mi_handler/gen_normal_area.inst_fifo_node_payld/gen_xpm_memory_fifo.inst_fifo/gen_mem_rep[0].inst_xpm_memory/xpm_memory_base_inst with a P_MEMORY_PRIMITIVE property set to distributed. A value of block is required. You will not be able to use the updatemem program to update the bitstream with new data for the ip_integrator_i/smartconnect_0/inst/m01_nodes/m01_b_node/inst/inst_mi_handler/gen_normal_area.inst_fifo_node_payld/gen_xpm_memory_fifo.inst_fifo/gen_mem_rep[0].inst_xpm_memory/xpm_memory_base_inst block.
INFO: [Memdata 28-167] Found XPM memory block ip_integrator_i/smartconnect_0/inst/m01_nodes/m01_aw_node/inst/inst_mi_handler/gen_normal_area.inst_fifo_node_payld/gen_xpm_memory_fifo.inst_fifo/gen_mem_rep[0].inst_xpm_memory/xpm_memory_base_inst with a P_MEMORY_PRIMITIVE property set to distributed. A value of block is required. You will not be able to use the updatemem program to update the bitstream with new data for the ip_integrator_i/smartconnect_0/inst/m01_nodes/m01_aw_node/inst/inst_mi_handler/gen_normal_area.inst_fifo_node_payld/gen_xpm_memory_fifo.inst_fifo/gen_mem_rep[0].inst_xpm_memory/xpm_memory_base_inst block.
INFO: [Memdata 28-167] Found XPM memory block ip_integrator_i/smartconnect_0/inst/m01_nodes/m01_ar_node/inst/inst_mi_handler/gen_normal_area.inst_fifo_node_payld/gen_xpm_memory_fifo.inst_fifo/gen_mem_rep[0].inst_xpm_memory/xpm_memory_base_inst with a P_MEMORY_PRIMITIVE property set to distributed. A value of block is required. You will not be able to use the updatemem program to update the bitstream with new data for the ip_integrator_i/smartconnect_0/inst/m01_nodes/m01_ar_node/inst/inst_mi_handler/gen_normal_area.inst_fifo_node_payld/gen_xpm_memory_fifo.inst_fifo/gen_mem_rep[0].inst_xpm_memory/xpm_memory_base_inst block.
INFO: [Memdata 28-167] Found XPM memory block ip_integrator_i/smartconnect_0/inst/m00_nodes/m00_w_node/inst/inst_mi_handler/gen_normal_area.inst_fifo_node_payld/gen_xpm_memory_fifo.inst_fifo/gen_mem_rep[0].inst_xpm_memory/xpm_memory_base_inst with a P_MEMORY_PRIMITIVE property set to distributed. A value of block is required. You will not be able to use the updatemem program to update the bitstream with new data for the ip_integrator_i/smartconnect_0/inst/m00_nodes/m00_w_node/inst/inst_mi_handler/gen_normal_area.inst_fifo_node_payld/gen_xpm_memory_fifo.inst_fifo/gen_mem_rep[0].inst_xpm_memory/xpm_memory_base_inst block.
INFO: [Memdata 28-167] Found XPM memory block ip_integrator_i/smartconnect_0/inst/m00_nodes/m00_r_node/inst/inst_mi_handler/gen_normal_area.inst_fifo_node_payld/gen_xpm_memory_fifo.inst_fifo/gen_mem_rep[0].inst_xpm_memory/xpm_memory_base_inst with a P_MEMORY_PRIMITIVE property set to distributed. A value of block is required. You will not be able to use the updatemem program to update the bitstream with new data for the ip_integrator_i/smartconnect_0/inst/m00_nodes/m00_r_node/inst/inst_mi_handler/gen_normal_area.inst_fifo_node_payld/gen_xpm_memory_fifo.inst_fifo/gen_mem_rep[0].inst_xpm_memory/xpm_memory_base_inst block.
INFO: [Memdata 28-167] Found XPM memory block ip_integrator_i/smartconnect_0/inst/m00_nodes/m00_b_node/inst/inst_mi_handler/gen_normal_area.inst_fifo_node_payld/gen_xpm_memory_fifo.inst_fifo/gen_mem_rep[0].inst_xpm_memory/xpm_memory_base_inst with a P_MEMORY_PRIMITIVE property set to distributed. A value of block is required. You will not be able to use the updatemem program to update the bitstream with new data for the ip_integrator_i/smartconnect_0/inst/m00_nodes/m00_b_node/inst/inst_mi_handler/gen_normal_area.inst_fifo_node_payld/gen_xpm_memory_fifo.inst_fifo/gen_mem_rep[0].inst_xpm_memory/xpm_memory_base_inst block.
INFO: [Memdata 28-167] Found XPM memory block ip_integrator_i/smartconnect_0/inst/m00_nodes/m00_aw_node/inst/inst_mi_handler/gen_normal_area.inst_fifo_node_payld/gen_xpm_memory_fifo.inst_fifo/gen_mem_rep[0].inst_xpm_memory/xpm_memory_base_inst with a P_MEMORY_PRIMITIVE property set to distributed. A value of block is required. You will not be able to use the updatemem program to update the bitstream with new data for the ip_integrator_i/smartconnect_0/inst/m00_nodes/m00_aw_node/inst/inst_mi_handler/gen_normal_area.inst_fifo_node_payld/gen_xpm_memory_fifo.inst_fifo/gen_mem_rep[0].inst_xpm_memory/xpm_memory_base_inst block.
INFO: [Memdata 28-167] Found XPM memory block ip_integrator_i/smartconnect_0/inst/m00_nodes/m00_ar_node/inst/inst_mi_handler/gen_normal_area.inst_fifo_node_payld/gen_xpm_memory_fifo.inst_fifo/gen_mem_rep[0].inst_xpm_memory/xpm_memory_base_inst with a P_MEMORY_PRIMITIVE property set to distributed. A value of block is required. You will not be able to use the updatemem program to update the bitstream with new data for the ip_integrator_i/smartconnect_0/inst/m00_nodes/m00_ar_node/inst/inst_mi_handler/gen_normal_area.inst_fifo_node_payld/gen_xpm_memory_fifo.inst_fifo/gen_mem_rep[0].inst_xpm_memory/xpm_memory_base_inst block.
Command: write_bitstream -force ip_integrator_wrapper.bit
Attempting to get a license for feature 'Implementation' and/or device 'xc7z020'
INFO: [Common 17-349] Got license for feature 'Implementation' and/or device 'xc7z020'
Running DRC as a precondition to command write_bitstream
INFO: [IP_Flow 19-1839] IP Catalog is up to date.
INFO: [DRC 23-27] Running DRC with 2 threads
INFO: [Vivado 12-3199] DRC finished with 0 Errors
INFO: [Vivado 12-3200] Please refer to the DRC report (report_drc) for more information.
INFO: [Designutils 20-2272] Running write_bitstream with 2 threads.
Loading data files...
Loading site data...
Loading route data...
Processing options...
Creating bitmap...
Creating bitstream...
Writing bitstream ./ip_integrator_wrapper.bit...
INFO: [Vivado 12-1842] Bitgen Completed Successfully.
INFO: [Project 1-1876] WebTalk data collection is mandatory when using a ULT device. To see the specific WebTalk data collected for your design, open the usage_statistics_webtalk.html or usage_statistics_webtalk.xml file in the implementation directory.
INFO: [Common 17-83] Releasing license: Implementation
35 Infos, 0 Warnings, 0 Critical Warnings and 0 Errors encountered.
write_bitstream completed successfully
write_bitstream: Time (s): cpu = 00:00:11 ; elapsed = 00:00:09 . Memory (MB): peak = 2616.281 ; gain = 479.949
INFO: [Common 17-206] Exiting Vivado at Fri Feb 20 22:22:44 2026...
